#VRML V2.0 utf8
# 3D model generated by easyeda2kicad.py (https://github.com/uPesy/easyeda2kicad.py)

Shape{
    appearance Appearance {
        material  Material 	{
            diffuseColor 0.8509803921568627 0.8509803921568627 0.8509803921568627
            specularColor 0.4235294117647059 0.4235294117647059 0.4235294117647059
            ambientIntensity 0.851
            transparency 0.0
            shininess 0.5
        }
    }
    geometry IndexedFaceSet {
        ccw TRUE
        solid FALSE
        coord DEF co Coordinate {
            point [
                3.2008 -0.9685 -1.378, 3.2008 -0.9531 -1.1167, 3.2008 -1.1653 -1.1811, 3.2008 -0.9884 -1.0984, 3.2008 -1.0202 -1.0705, 3.2008 -1.2284 0.0572, 3.2008 -1.0637 0.3824, 3.2008 -1.2542 0.0672, 3.2008 -1.0578 0.427, 3.2008 -1.2835 0.0709, 3.2008 -1.4166 0.0709, 3.2008 -1.2036 0.0398, 3.2008 -1.19 0.0249, 3.2008 -1.1753 0.0003, 3.2008 -1.0213 -1.069, 3.2008 -1.0444 -1.0354, 3.2008 -1.0583 -0.9989, 3.2008 -1.0588 -0.9949, 3.2008 -1.0637 -0.9561, 3.2008 -1.1653 -0.0472, 3.2008 -1.1672 -0.0265, 3.2008 -1.5497 0.0709, 3.2008 -1.5497 0.6344, 3.2008 -1.3349 0.6344, 3.2008 -1.0406 0.4685, 3.2008 -0.7425 0.4685, 3.2008 -0.7253 0.427, 3.2008 -0.3494 0.6344, 3.2008 -1.0133 0.5042, 3.2008 -0.9776 0.5315, 3.2008 -0.9495 0.6344, 3.2008 -0.9495 0.5431, 3.2008 -0.9361 0.5487, 3.2008 -0.7699 0.5042, 3.2008 -0.8916 0.5546, 3.2008 -0.847 0.5487, 3.2008 -0.8055 0.5315, 3.2008 -0.4227 0.0709, 3.2008 -0.3494 0.0709, 3.2008 -0.6142 -0.0472, 3.2008 -0.7194 0.3824, 3.2008 -0.7194 -0.9561, 3.2008 -0.6142 -1.1811, 3.2008 -0.724 -0.9949, 3.2008 -0.7242 -0.9961, 3.2008 -0.7384 -1.0343, 3.2008 -0.739 -1.0358, 3.2008 -0.7629 -1.0705, 3.2008 -0.6105 -0.018, 3.2008 -0.6005 0.0079, 3.2008 -0.5831 0.0326, 3.2008 -0.5682 0.0463, 3.2008 -0.5436 0.0609, 3.2008 -0.5168 0.069, 3.2008 -0.4961 0.0709, 3.2008 -0.793 -1.097, 3.2008 -0.7948 -1.0985, 3.2008 -0.811 -1.378, 3.2008 -0.8329 -1.118, 3.2008 -0.8706 -1.1268, 3.2008 -0.8722 -1.1272, 3.2008 -0.8898 -1.378, 3.2008 -0.9123 -1.127, 3.2008 -0.9495 -1.378, 3.2008 -0.9495 -1.118, 3.2008 -0.9516 -1.1175, 3.122 -1.4166 0.0709, 3.122 -1.5497 0.0709, 3.122 -1.5497 0.6344, 3.122 -0.9495 0.6344, 3.122 -0.9506 0.4847, 3.122 -1.3349 0.6344, 3.122 -0.9588 0.4785, 3.122 -0.9751 0.466, 3.122 -0.9801 0.4595, 3.122 -0.9939 0.4415, 3.122 -0.9962 0.4358, 3.122 -1.0057 0.413, 3.122 -1.0066 -0.9828, 3.122 -0.9968 -1.0098, 3.122 -1.1653 -1.1811, 3.122 -1.1672 -0.0265, 3.122 -1.1753 0.0003, 3.122 -1.0097 0.3824, 3.122 -1.0097 -0.9561, 3.122 -1.1653 -0.0472, 3.122 -0.9807 -1.0337, 3.122 -0.9593 -1.0529, 3.122 -0.9685 -1.378, 3.122 -0.9495 -1.0581, 3.122 -0.9495 -1.378, 3.122 -1.19 0.0249, 3.122 -1.2036 0.0398, 3.122 -1.0062 0.409, 3.122 -1.2284 0.0572, 3.122 -1.2542 0.0672, 3.122 -1.2835 0.0709, 3.122 -0.5831 0.0326, 3.122 -0.6005 0.0079, 3.122 -0.7735 0.3824, 3.122 -0.5168 0.069, 3.122 -0.5436 0.0609, 3.122 -0.7775 0.413, 3.122 -0.4961 0.0709, 3.122 -0.3494 0.6344, 3.122 -0.4227 0.0709, 3.122 -0.3494 0.0709, 3.122 -0.5682 0.0463, 3.122 -0.777 0.409, 3.122 -0.9339 -1.0664, 3.122 -0.906 -1.0734, 3.122 -0.8898 -1.378, 3.122 -0.8772 -1.0734, 3.122 -0.811 -1.378, 3.122 -0.8493 -1.0664, 3.122 -0.6142 -1.1811, 3.122 -0.8238 -1.0529, 3.122 -0.8025 -1.0337, 3.122 -0.7864 -1.0098, 3.122 -0.6105 -0.018, 3.122 -0.6142 -0.0472, 3.122 -0.7735 -0.9561, 3.122 -0.7765 -0.9828, 3.122 -0.7869 0.4358, 3.122 -0.7893 0.4415, 3.122 -0.8031 0.4595, 3.122 -0.8081 0.466, 3.122 -0.8244 0.4785, 3.122 -0.8325 0.4847, 3.122 -0.8496 0.4918, 3.122 -0.861 0.4965, 3.122 -0.8773 0.4987, 3.122 -0.8916 0.5005, 3.122 -0.9058 0.4987, 3.122 -0.9221 0.4965, 3.122 -0.9335 0.4918, 3.122 -0.9495 0.4852, 3.2598 -0.9211 0.412, 3.2598 -0.9427 0.412, 3.2598 -0.9486 0.3977, 3.2598 -0.9069 0.4395, 3.2598 -0.9211 0.4336, 3.2598 -0.9333 0.4242, 3.2598 -0.8916 0.4415, 3.2598 -0.9202 -0.9923, 3.2598 -0.8916 -1.0152, 3.2598 -0.9211 -1.0073, 3.2598 -0.9125 -1.0108, 3.2598 -0.9069 -1.0132, 3.2598 -0.8987 -1.0143, 3.2598 -0.9427 -0.9857, 3.2598 -0.9358 -0.9947, 3.2598 -0.9486 -0.9714, 3.2598 -0.9506 0.3824, 3.2598 -0.9506 -0.9561, 3.2598 -0.9489 -0.9694, 3.2598 -0.9333 -0.9979, 3.2598 -0.9252 -1.0042, 3.2598 -0.8498 -0.9979, 3.2598 -0.8473 -0.9947, 3.2598 -0.8629 -0.9923, 3.2598 -0.8404 -0.9857, 3.2598 -0.8345 -0.9714, 3.2598 -0.8706 -1.0108, 3.2598 -0.8763 -1.0132, 3.2598 -0.8844 -1.0143, 3.2598 -0.862 -1.0073, 3.2598 -0.858 -1.0042, 3.2598 -0.862 0.4336, 3.2598 -0.8763 0.4395, 3.2598 -0.862 0.412, 3.2598 -0.8345 0.3977, 3.2598 -0.8404 0.412, 3.2598 -0.8498 0.4242, 3.2598 -0.8343 -0.9694, 3.2598 -0.8325 -0.9561, 3.2598 -0.8325 0.3824, 3.1811 -0.8498 0.4242, 3.1811 -0.8473 0.421, 3.1811 -0.8629 0.4186, 3.1811 -0.8404 0.412, 3.1811 -0.8345 0.3977, 3.1811 -0.8916 0.4415, 3.1811 -0.8844 0.4406, 3.1811 -0.8763 0.4395, 3.1811 -0.8706 0.4371, 3.1811 -0.862 0.4336, 3.1811 -0.858 0.4305, 3.1811 -0.8325 -0.9561, 3.1811 -0.8343 -0.9694, 3.1811 -0.8408 -0.982, 3.1811 -0.8343 0.3957, 3.1811 -0.8325 0.3824, 3.1811 -0.8345 -0.9714, 3.1811 -0.8404 -0.9857, 3.1811 -0.8473 -0.9947, 3.1811 -0.8498 -0.9979, 3.1811 -0.858 -1.0042, 3.1811 -0.862 -1.0073, 3.1811 -0.8706 -1.0108, 3.1811 -0.8763 -1.0132, 3.1811 -0.9202 0.4186, 3.1811 -0.9202 -0.9923, 3.1811 -0.9333 -0.9979, 3.1811 -0.9358 -0.9947, 3.1811 -0.9427 -0.9857, 3.1811 -0.9486 -0.9714, 3.1811 -0.9069 -1.0132, 3.1811 -0.9125 -1.0108, 3.1811 -0.9211 -1.0073, 3.1811 -0.9252 -1.0042, 3.1811 -0.8844 -1.0143, 3.1811 -0.8916 -1.0152, 3.1811 -0.8987 -1.0143, 3.1811 -0.9489 -0.9694, 3.1811 -0.9506 -0.9561, 3.1811 -0.9506 0.3824, 3.1811 -0.9489 0.3957, 3.1811 -0.9211 0.4336, 3.1811 -0.9125 0.4371, 3.1811 -0.9069 0.4395, 3.1811 -0.8987 0.4406, 3.1811 -0.9486 0.3977, 3.1811 -0.9427 0.412, 3.1811 -0.9358 0.421, 3.1811 -0.9333 0.4242, 3.1811 -0.9252 0.4305, 3.256 -0.9828 -0.9561, 3.2562 -0.9821 0.3824, 3.2554 -0.9845 -0.9561, 3.2553 -0.9845 0.3824, 3.244 -1.0148 -0.9561, 3.2443 -1.0141 0.3824, 3.2424 -1.0171 -0.9561, 3.2423 -1.017 0.3824, 3.2238 -1.0435 -0.9561, 3.2243 -1.043 0.3824, 3.2225 -1.0447 -0.9561, 3.2225 -1.0446 0.3824, 3.256 -0.9604 -1.016, 3.256 -0.9439 -1.0309, 3.256 -0.9243 -1.0413, 3.256 -0.9027 -1.0467, 3.244 -1.0116 -0.9839, 3.2238 -1.0396 -0.9904, 3.2238 -1.027 -1.0252, 3.256 -0.8027 -0.9767, 3.256 -0.8003 -0.9561, 3.244 -0.7715 -0.9839, 3.244 -0.7683 -0.9561, 3.2557 -0.7994 -0.9561, 3.2238 -0.7435 -0.9904, 3.2238 -0.7396 -0.9561, 3.2428 -0.7667 -0.9561, 3.2231 -0.7389 -0.9561, 3.2238 -0.7562 -1.0252, 3.2238 -0.7769 -1.0559, 3.2238 -0.8044 -1.0806, 3.2238 -0.8371 -1.098, 3.2238 -0.8731 -1.107, 3.2238 -0.9101 -1.107, 3.2238 -0.946 -1.098, 3.2238 -0.9787 -1.0806, 3.256 -0.9805 -0.9767, 3.244 -0.7818 -1.0121, 3.244 -1.0013 -1.0121, 3.2238 -1.0062 -1.0559, 3.256 -0.8227 -1.016, 3.256 -0.8103 -0.9976, 3.244 -0.7986 -1.037, 3.244 -0.8209 -1.0571, 3.256 -0.8393 -1.0309, 3.256 -0.8589 -1.0413, 3.244 -0.8474 -1.0712, 3.256 -0.8805 -1.0467, 3.244 -0.8766 -1.0784, 3.244 -0.9066 -1.0784, 3.244 -0.9357 -1.0712, 3.244 -0.9622 -1.0571, 3.244 -0.9845 -1.037, 3.256 -0.9729 -0.9976, 3.2562 -0.8011 0.3824, 3.2556 -0.7994 0.3824, 3.2443 -0.769 0.3824, 3.2428 -0.7667 0.3824, 3.2243 -0.7402 0.3824, 3.223 -0.739 0.3824, 3.2562 -0.979 0.4059, 3.2243 -1.0378 0.4216, 3.2243 -1.0227 0.4581, 3.2243 -0.9986 0.4895, 3.2243 -0.9673 0.5136, 3.2243 -0.9308 0.5287, 3.2243 -0.7453 0.4216, 3.2243 -0.7605 0.4581, 3.2243 -0.7845 0.4895, 3.2243 -0.8159 0.5136, 3.2243 -0.8524 0.5287, 3.2243 -0.8916 0.5338, 3.2443 -1.0099 0.4142, 3.2443 -0.9977 0.4437, 3.2443 -0.7732 0.4142, 3.2443 -0.9782 0.4691, 3.2443 -0.9528 0.4886, 3.2443 -0.9233 0.5008, 3.2443 -0.8916 0.505, 3.2443 -0.8599 0.5008, 3.2443 -0.8303 0.4886, 3.2443 -0.8049 0.4691, 3.2443 -0.7855 0.4437, 3.2562 -0.8042 0.4059, 3.2562 -0.9699 0.4277, 3.2562 -0.9556 0.4464, 3.2562 -0.9368 0.4608, 3.2562 -0.915 0.4698, 3.2562 -0.8916 0.4729, 3.2562 -0.8682 0.4698, 3.2562 -0.8463 0.4608, 3.2562 -0.8276 0.4464, 3.2562 -0.8132 0.4277, 3.1454 -1.0046 -0.9561, 3.1437 -1.0052 -0.9561, 3.1436 -1.0051 0.3824, 3.1303 -1.0086 0.3824, 3.1373 -1.0077 0.3824, 3.1352 -1.0082 -0.9561, 3.1362 -1.0078 0.3824, 3.1321 -1.0086 -0.9561, 3.1303 -1.0088 -0.9561, 3.1477 -1.0038 -0.9561, 3.1516 -1.0018 0.3824, 3.1562 -0.9985 -0.9561, 3.1561 -0.9983 0.3824, 3.1589 -0.9968 -0.9561, 3.1614 -0.9942 0.3824, 3.1638 -0.9924 0.3824, 3.1657 -0.99 -0.9561, 3.1658 -0.9898 0.3824, 3.1658 -0.9898 -0.9561, 3.1682 -0.9874 -0.9561, 3.1686 -0.9861 0.3824, 3.1732 -0.9802 0.3824, 3.1745 -0.9774 -0.9561, 3.1743 -0.9774 0.3824, 3.1753 -0.9762 -0.9561, 3.1793 -0.9645 0.3824, 3.1793 -0.9647 -0.9561, 3.1791 -0.9659 0.3824, 3.1758 -0.9739 0.3824, 3.1798 -0.9606 0.3824, 3.1796 -0.9638 -0.9561, 3.1794 -0.9645 -0.9561, 3.1682 -0.7957 0.3824, 3.1689 -0.7968 0.3824, 3.169 -0.7992 0.4038, 3.1753 -0.8069 0.3824, 3.1794 -0.8187 0.3824, 3.1802 -0.8242 0.398, 3.1796 -0.8194 0.3824, 3.18 -0.8225 0.3824, 3.1589 -0.7863 0.3824, 3.1614 -0.7889 0.3824, 3.1616 -0.7913 0.4056, 3.1658 -0.7933 0.3824, 3.1437 -0.7779 0.3824, 3.1477 -0.7793 0.3824, 3.1491 -0.7829 0.4076, 3.1562 -0.7847 0.3824, 3.1362 -0.7782 0.4087, 3.1303 -0.7744 0.3824, 3.1352 -0.7749 0.3824, 3.1362 -0.7753 0.3824, 3.1362 -0.7879 0.4353, 3.1362 -0.8037 0.4588, 3.1362 -0.8248 0.4778, 3.1362 -0.8499 0.4911, 3.1362 -0.8774 0.498, 3.1362 -0.9333 0.4911, 3.1362 -0.9058 0.498, 3.1362 -0.9583 0.4778, 3.1362 -0.9794 0.4588, 3.1362 -0.9953 0.4353, 3.1362 -1.005 0.4087, 3.1616 -0.9918 0.4056, 3.1763 -0.9719 0.401, 3.1802 -0.9589 0.398, 3.1802 -0.9437 0.4278, 3.1802 -0.9312 0.439, 3.1802 -0.9531 0.4138, 3.1802 -0.9163 0.447, 3.1802 -0.9 0.451, 3.1802 -0.8668 0.447, 3.1802 -0.8832 0.451, 3.1802 -0.8519 0.439, 3.1802 -0.8394 0.4278, 3.1802 -0.83 0.4138, 3.1763 -0.9651 0.4199, 3.1763 -0.9538 0.4366, 3.1763 -0.9389 0.45, 3.1763 -0.9211 0.4594, 3.1763 -0.9016 0.4643, 3.1763 -0.8815 0.4643, 3.1763 -0.862 0.4594, 3.1763 -0.8443 0.45, 3.1763 -0.8293 0.4366, 3.1763 -0.8181 0.4199, 3.1763 -0.8112 0.401, 3.1745 -0.8057 0.3824, 3.169 -0.984 0.4038, 3.169 -0.9761 0.4255, 3.169 -0.9631 0.4447, 3.169 -0.946 0.4601, 3.169 -0.9256 0.471, 3.169 -0.9031 0.4766, 3.169 -0.88 0.4766, 3.169 -0.8576 0.471, 3.169 -0.8372 0.4601, 3.169 -0.82 0.4447, 3.169 -0.8071 0.4255, 3.1616 -0.9832 0.4292, 3.1616 -0.9692 0.45, 3.1616 -0.9506 0.4667, 3.1616 -0.9284 0.4785, 3.1616 -0.9041 0.4846, 3.1616 -0.879 0.4846, 3.1616 -0.8547 0.4785, 3.1616 -0.8326 0.4667, 3.1616 -0.8139 0.45, 3.1616 -0.7999 0.4292, 3.1491 -1.0002 0.4076, 3.1491 -0.9909 0.4331, 3.1491 -0.9757 0.4556, 3.1491 -0.9555 0.4738, 3.1491 -0.9315 0.4866, 3.1491 -0.9052 0.4931, 3.1491 -0.878 0.4931, 3.1491 -0.8516 0.4866, 3.1491 -0.8276 0.4738, 3.1491 -0.8074 0.4556, 3.1491 -0.7922 0.4331, 3.1303 -0.7744 -0.9561, 3.1321 -0.7746 -0.9561, 3.1352 -0.7749 -0.9561, 3.1437 -0.7779 -0.9561, 3.1477 -0.7793 -0.9561, 3.1562 -0.7847 -0.9561, 3.1578 -0.7857 -0.9561, 3.1589 -0.7863 -0.9561, 3.1657 -0.7932 -0.9561, 3.1658 -0.7933 -0.9561, 3.1682 -0.7957 -0.9561, 3.1745 -0.8057 -0.9561, 3.1753 -0.8069 -0.9561, 3.1796 -0.8194 -0.9561, 3.1793 -0.8184 -0.9561, 3.1794 -0.8187 -0.9561, 3.1659 -0.7955 -0.9784, 3.1578 -0.7883 -0.98, 3.1321 -0.7773 -0.9826, 3.1321 -1.0058 -0.9826, 3.1455 -1.0019 -0.9817, 3.1578 -0.9949 -0.98, 3.1745 -0.9755 -0.9756, 3.1794 -0.8653 -1.0245, 3.1794 -0.8203 -0.9726, 3.1794 -0.8264 -0.9894, 3.1794 -0.8363 -1.0042, 3.1794 -0.8496 -1.0161, 3.1794 -0.8827 -1.0288, 3.1794 -0.9005 -1.0288, 3.1794 -0.9178 -1.0245, 3.1794 -0.9335 -1.0161, 3.1794 -0.9468 -1.0042, 3.1794 -0.9568 -0.9894, 3.1794 -0.9629 -0.9726, 3.1659 -0.9877 -0.9784, 3.1455 -0.7812 -0.9817, 3.1745 -0.8076 -0.9756, 3.1321 -0.9588 -1.0522, 3.1321 -0.98 -1.0331, 3.1321 -0.996 -1.0094, 3.1321 -0.7871 -1.0094, 3.1321 -0.8031 -1.0331, 3.1321 -0.8243 -1.0522, 3.1321 -0.8496 -1.0656, 3.1321 -0.8773 -1.0725, 3.1321 -0.9059 -1.0725, 3.1321 -0.9336 -1.0656, 3.1455 -0.9925 -1.0076, 3.1455 -0.977 -1.0305, 3.1455 -0.9565 -1.0489, 3.1455 -0.9321 -1.0619, 3.1455 -0.9054 -1.0686, 3.1455 -0.8778 -1.0686, 3.1455 -0.851 -1.0619, 3.1455 -0.8266 -1.0489, 3.1455 -0.8061 -1.0305, 3.1455 -0.7907 -1.0076, 3.1578 -0.986 -1.0043, 3.1578 -0.9716 -1.0257, 3.1578 -0.9524 -1.043, 3.1578 -0.9296 -1.0551, 3.1578 -0.9045 -1.0614, 3.1578 -0.8787 -1.0614, 3.1578 -0.8536 -1.0551, 3.1578 -0.8308 -1.043, 3.1578 -0.8116 -1.0257, 3.1578 -0.7971 -1.0043, 3.1659 -0.9794 -1.0009, 3.1659 -0.966 -1.0209, 3.1659 -0.9481 -1.0369, 3.1659 -0.9269 -1.0482, 3.1659 -0.9036 -1.054, 3.1659 -0.8796 -1.054, 3.1659 -0.8562 -1.0482, 3.1659 -0.835 -1.0369, 3.1659 -0.8172 -1.0209, 3.1659 -0.8037 -1.0009, 3.1745 -0.9683 -0.9953, 3.1745 -0.9566 -1.0127, 3.1745 -0.941 -1.0267, 3.1745 -0.9224 -1.0366, 3.1745 -0.9021 -1.0417, 3.1745 -0.8811 -1.0417, 3.1745 -0.8607 -1.0366, 3.1745 -0.8422 -1.0267, 3.1745 -0.8266 -1.0127, 3.1745 -0.8148 -0.9953, 3.1614 -1.1653 -0.0472, 3.1614 -1.1653 -1.1811, 3.1614 -0.9685 -1.378, 3.1614 -0.811 -1.378, 3.1614 -0.6142 -1.1811, 3.1614 -0.6142 -0.0472, 3.2008 0.0856 0.1168, 3.2008 0.1003 0.1415, 3.2008 0.0512 0.1299, 3.2008 0.1084 0.1682, 3.2008 0.1102 0.189, 3.2008 -0.0711 0.0709, 3.2008 -0.0079 0.0709, 3.2008 0.0214 0.0745, 3.2008 0.0472 0.0845, 3.2008 0.072 0.102, 3.2008 0.1102 0.248, 3.2008 0.1134 0.2752, 3.2008 -0.0711 0.6344, 3.2008 0.1141 0.2772, 3.2008 0.1227 0.3009, 3.2008 0.1241 0.303, 3.2008 0.1377 0.3237, 3.2008 0.1417 0.3275, 3.2008 0.1575 0.3425, 3.2008 0.1579 0.3428, 3.2008 0.2073 0.3642, 3.2008 0.2073 0.6344, 3.2008 0.1829 0.3568, 3.2008 0.1811 0.3563, 3.2008 -0.1786 0.0709, 3.2008 -4.3189 0.0709, 3.2008 -2.9835 0.0709, 3.2008 -4.3189 0.6344, 3.2008 -2.9426 0.6344, 3.2008 -2.9426 0.0709, 3.122 -4.3189 0.0709, 3.122 -4.3189 0.6344, 3.122 -2.9835 0.0709, 3.122 -2.9426 0.6344, 3.122 -2.9426 0.0709, 3.122 0.2073 0.6344, 3.122 0.2073 0.3642, 3.122 -0.0711 0.6344, 3.122 0.1828 0.357, 3.122 0.1579 0.3428, 3.122 0.1414 0.3279, 3.122 0.1239 0.3031, 3.122 0.1139 0.2773, 3.122 0.0214 0.0745, 3.122 0.0512 0.1299, 3.122 0.0472 0.0845, 3.122 0.072 0.102, 3.122 0.1102 0.189, 3.122 0.1084 0.1682, 3.122 0.1003 0.1415, 3.122 0.0856 0.1168, 3.122 0.1102 0.248, 3.122 -0.0711 0.0709, 3.122 -0.0079 0.0709, 3.122 -0.1786 0.0709, 3.0236 -4.4173 0.0709, 3.0236 -4.3779 0.0709, 3.063 -4.4173 0.0709, 3.1024 -4.4173 0.0709, 3.1219 -4.3212 0.0709, 3.1996 -4.3343 0.0709, 3.1208 -4.3257 0.0709, 3.1932 -4.3567 0.0709, 3.1186 -4.33 0.0709, 3.1814 -4.3775 0.0709, 3.1155 -4.3336 0.0709, 3.1689 -4.3914 0.0709, 3.1113 -4.3364 0.0709, 3.1482 -4.406 0.0709, 3.1069 -4.338 0.0709, 3.1267 -4.4143 0.0709, 3.1024 -4.3386 0.0709, 3.063 -4.3386 0.0709, 3.0236 -4.3386 0.0709, 0.7135 1.7835 2.2578, 0.7354 1.7835 2.3023, 0.7359 1.7835 2.3023, 0.69 1.7835 2.2781, 0.6991 1.7835 2.2884, 0.7105 1.7835 2.2962, 0.7236 1.7835 2.301, 0.6809 1.7835 2.2386, 0.6806 1.7835 2.2524, 0.6837 1.7835 2.266, 0.7099 1.7835 2.1977, 0.6988 1.7835 2.2055, 0.6916 1.7835 2.2133, 0.6847 1.7835 2.2253, 0.7813 1.7835 2.215, 0.7361 1.7835 2.2468, 0.7877 1.7835 2.2271, 0.791 1.7835 2.2407, 0.7721 1.7835 2.2049, 0.7606 1.7835 2.1972, 0.7474 1.7835 2.1926, 0.7485 1.7835 2.3008, 0.7614 1.7835 2.296, 0.7727 1.7835 2.2883, 0.7804 1.7835 2.2799, 0.7872 1.7835 2.2678, 0.7908 1.7835 2.2546, 0.7362 1.7835 2.1913, 0.7359 1.7835 2.1913, 0.7229 1.7835 2.1928, -0.9893 1.7835 2.3489, -0.9588 1.7835 2.2659, -0.9924 1.7835 2.2657, -1.026 1.7835 2.2654, -0.9963 1.7835 2.3488, -0.9946 1.7835 2.3558, -0.9933 1.7835 2.3629, -0.9927 1.7835 2.3629, -0.9924 1.7835 2.3613, -0.9913 1.7835 2.3558, -0.8387 1.7835 2.2293, -0.8429 1.7835 2.2331, -0.8095 1.7835 2.3638, -0.8254 1.7835 2.2209, -0.7553 1.7835 2.3671, -0.7542 1.7835 2.2128, -0.7855 1.7835 2.3669, -0.7833 1.7835 2.2126, -0.7902 1.7835 2.3668, -0.8085 1.7835 2.2151, -0.8095 1.7835 2.2155, -0.8521 1.7835 2.2441, -0.8593 1.7835 2.2583, -0.864 1.7835 2.2788, -0.8647 1.7835 2.2911, -0.8619 1.7835 2.3163, -0.8539 1.7835 2.3194, -0.8565 1.7835 2.3306, -0.8489 1.7835 2.3419, -0.8432 1.7835 2.3477, -0.8308 1.7835 2.3563, -0.8145 1.7835 2.363, -0.7409 1.7835 2.6682, -0.7104 1.7835 2.5852, -0.744 1.7835 2.585, -0.7776 1.7835 2.5847, -0.7479 1.7835 2.6682, -0.7462 1.7835 2.6751, -0.7449 1.7835 2.6822, -0.7443 1.7835 2.6822, -0.744 1.7835 2.6806, -0.7429 1.7835 2.6751, -0.5903 1.7835 2.5487, -0.5945 1.7835 2.5524, -0.5611 1.7835 2.6831, -0.577 1.7835 2.5402, -0.5069 1.7835 2.6865, -0.5058 1.7835 2.5321, -0.5371 1.7835 2.6862, -0.5348 1.7835 2.5319, -0.5418 1.7835 2.6861, -0.56 1.7835 2.5344, -0.5611 1.7835 2.5348, -0.6037 1.7835 2.5634, -0.6109 1.7835 2.5776, -0.6156 1.7835 2.5981, -0.6163 1.7835 2.6105, -0.6135 1.7835 2.6356, -0.6055 1.7835 2.6387, -0.6081 1.7835 2.6499, -0.6005 1.7835 2.6612, -0.5948 1.7835 2.667, -0.5824 1.7835 2.6757, -0.5661 1.7835 2.6823, -0.2502 1.7835 2.2516, -0.2503 1.7835 2.2653, -0.218 1.7835 2.2612, -0.2501 1.7835 2.2483, -0.2212 1.7835 2.212, -0.2289 1.7835 2.2147, -0.2361 1.7835 2.2195, -0.2393 1.7835 2.2225, -0.2448 1.7835 2.2298, -0.2485 1.7835 2.2386, -0.1932 1.7835 2.253, -0.1925 1.7835 2.2524, -0.2112 1.7835 2.211, -0.1893 1.7835 2.2484, -0.1872 1.7835 2.2438, -0.1929 1.7835 2.2176, -0.1893 1.7835 2.226, -0.1908 1.7835 2.2198, -0.1879 1.7835 2.2241, -0.1859 1.7835 2.2371, -0.1857 1.7835 2.2343, -0.1863 1.7835 2.2287, -0.1977 1.7835 2.2142, -0.2031 1.7835 2.2121, -0.218 1.7835 2.2116, -0.2168 1.7835 2.261, -0.212 1.7835 2.211, -0.2035 1.7835 2.2583, -0.1974 1.7835 2.2558, 3.2008 0.5236 0.4843, 3.2008 0.5236 0.6344, 3.1614 0.5236 0.6344, 3.1614 0.5236 0.4843, 3.122 0.5236 0.6344, 3.122 0.5236 0.4843
            ]
        }
        coordIndex [
            0,1,2,-1,2,1,3,-1,2,3,4,-1,5,6,7,-1,7,6,8,-1,7,8,9,-1,9,8,10,-1,5,11,6,-1,6,11,12,-1,6,12,13,-1,4,14,2,-1,2,14,15,-1,2,15,16,-1,16,17,2,-1,2,17,18,-1,2,18,19,-1,19,18,6,-1,19,6,20,-1,20,6,13,-1,21,10,22,-1,22,10,8,-1,22,8,23,-1,23,8,24,-1,25,26,27,-1,24,28,23,-1,23,28,29,-1,23,29,30,-1,30,29,31,-1,30,31,32,-1,25,27,33,-1,32,34,30,-1,30,34,35,-1,30,35,27,-1,27,35,36,-1,27,36,33,-1,37,38,27,-1,39,40,41,-1,39,41,42,-1,42,41,43,-1,42,43,44,-1,44,45,42,-1,42,45,46,-1,42,46,47,-1,39,48,40,-1,40,48,49,-1,40,49,50,-1,50,51,40,-1,40,51,52,-1,40,52,26,-1,26,52,53,-1,26,53,27,-1,27,53,54,-1,27,54,37,-1,47,55,42,-1,42,55,56,-1,42,56,57,-1,57,56,58,-1,58,59,57,-1,57,59,60,-1,57,60,61,-1,61,60,62,-1,61,62,63,-1,63,62,64,-1,63,64,0,-1,0,64,65,-1,0,65,1,-1,66,67,68,-1,69,70,71,-1,71,70,72,-1,71,72,73,-1,73,74,71,-1,71,74,75,-1,71,75,68,-1,68,75,76,-1,68,76,77,-1,78,79,80,-1,81,82,83,-1,78,80,84,-1,84,80,83,-1,83,80,85,-1,83,85,81,-1,79,86,80,-1,80,86,87,-1,80,87,88,-1,88,87,89,-1,88,89,90,-1,82,91,83,-1,83,91,92,-1,83,92,93,-1,93,92,94,-1,93,94,77,-1,77,94,95,-1,77,95,68,-1,68,95,96,-1,68,96,66,-1,97,98,99,-1,100,101,102,-1,100,102,103,-1,103,104,105,-1,105,104,106,-1,97,99,107,-1,107,99,101,-1,101,99,108,-1,101,108,102,-1,89,109,90,-1,90,109,110,-1,90,110,111,-1,111,110,112,-1,111,112,113,-1,113,112,114,-1,113,114,115,-1,114,116,115,-1,115,116,117,-1,115,117,118,-1,98,119,99,-1,99,119,120,-1,99,120,121,-1,121,120,115,-1,121,115,122,-1,122,115,118,-1,103,102,104,-1,104,102,123,-1,104,123,124,-1,124,125,104,-1,104,125,126,-1,104,126,127,-1,127,128,104,-1,104,128,129,-1,104,129,69,-1,69,129,130,-1,69,130,131,-1,131,132,69,-1,69,132,133,-1,69,133,134,-1,134,135,69,-1,69,135,136,-1,69,136,70,-1,106,38,37,-1,106,37,105,-1,105,37,54,-1,105,54,103,-1,96,9,10,-1,96,10,66,-1,66,10,21,-1,66,21,67,-1,137,138,139,-1,140,141,137,-1,137,141,142,-1,137,142,138,-1,140,137,143,-1,143,137,144,-1,143,144,145,-1,146,147,144,-1,147,148,144,-1,144,148,149,-1,144,149,145,-1,150,151,144,-1,150,144,152,-1,139,153,137,-1,137,153,154,-1,137,154,144,-1,144,154,155,-1,144,155,152,-1,151,156,144,-1,144,156,157,-1,144,157,146,-1,158,159,160,-1,160,159,161,-1,160,161,162,-1,163,160,164,-1,164,160,165,-1,163,166,160,-1,160,166,167,-1,160,167,158,-1,168,169,170,-1,170,169,143,-1,170,143,160,-1,160,143,145,-1,160,145,165,-1,171,172,170,-1,170,172,173,-1,170,173,168,-1,162,174,160,-1,160,174,175,-1,160,175,170,-1,170,175,176,-1,170,176,171,-1,177,178,179,-1,179,178,180,-1,179,180,181,-1,182,183,179,-1,179,183,184,-1,179,184,185,-1,185,186,179,-1,179,186,187,-1,179,187,177,-1,188,189,190,-1,181,191,179,-1,179,191,192,-1,179,192,188,-1,189,193,190,-1,190,193,194,-1,190,194,195,-1,188,190,179,-1,179,190,195,-1,179,195,182,-1,182,195,196,-1,182,196,197,-1,197,198,182,-1,182,198,199,-1,182,199,200,-1,201,182,202,-1,203,204,202,-1,202,204,205,-1,202,205,206,-1,207,208,202,-1,208,209,202,-1,202,209,210,-1,202,210,203,-1,200,211,182,-1,182,211,212,-1,182,212,202,-1,202,212,213,-1,202,213,207,-1,206,214,202,-1,202,214,215,-1,202,215,201,-1,201,215,216,-1,201,216,217,-1,218,219,201,-1,219,220,201,-1,201,220,221,-1,201,221,182,-1,217,222,201,-1,201,222,223,-1,201,223,224,-1,224,225,201,-1,201,225,226,-1,201,226,218,-1,154,153,227,-1,227,153,228,-1,227,228,229,-1,229,228,230,-1,229,230,231,-1,231,230,232,-1,231,232,233,-1,233,232,234,-1,233,234,235,-1,235,234,236,-1,235,236,237,-1,236,238,237,-1,237,238,6,-1,237,6,18,-1,156,151,239,-1,146,157,240,-1,148,147,241,-1,145,149,242,-1,243,244,245,-1,246,247,175,-1,248,249,250,-1,251,252,253,-1,252,251,254,-1,254,251,43,-1,254,43,41,-1,46,45,255,-1,255,45,44,-1,256,47,46,-1,56,55,257,-1,257,55,47,-1,258,58,56,-1,60,59,259,-1,259,59,58,-1,64,62,260,-1,260,62,60,-1,64,261,65,-1,65,261,1,-1,4,3,262,-1,262,3,1,-1,245,15,14,-1,15,245,16,-1,16,245,244,-1,16,244,17,-1,17,244,237,-1,17,237,18,-1,229,231,243,-1,243,231,233,-1,243,233,244,-1,244,233,235,-1,244,235,237,-1,154,227,155,-1,155,227,263,-1,155,263,152,-1,264,251,248,-1,248,251,253,-1,248,253,249,-1,227,229,263,-1,263,229,243,-1,263,243,265,-1,265,243,245,-1,265,245,266,-1,266,245,14,-1,266,14,4,-1,267,264,268,-1,268,264,248,-1,268,248,246,-1,246,248,250,-1,246,250,247,-1,46,255,256,-1,256,255,269,-1,256,269,270,-1,270,269,271,-1,270,271,272,-1,175,174,246,-1,246,174,162,-1,246,162,268,-1,268,162,161,-1,268,161,267,-1,267,161,159,-1,267,159,158,-1,158,271,267,-1,267,271,269,-1,267,269,264,-1,264,269,255,-1,264,255,251,-1,251,255,44,-1,251,44,43,-1,158,167,271,-1,271,167,166,-1,271,166,272,-1,272,166,163,-1,272,163,164,-1,47,256,257,-1,257,256,270,-1,257,270,273,-1,273,270,272,-1,273,272,274,-1,274,272,164,-1,274,164,165,-1,56,257,258,-1,258,257,273,-1,258,273,275,-1,275,273,274,-1,275,274,242,-1,242,274,165,-1,242,165,145,-1,58,258,259,-1,259,258,275,-1,259,275,276,-1,276,275,242,-1,276,242,241,-1,241,242,149,-1,241,149,148,-1,60,259,260,-1,260,259,276,-1,260,276,277,-1,277,276,241,-1,277,241,240,-1,240,241,147,-1,240,147,146,-1,64,260,261,-1,261,260,277,-1,261,277,278,-1,278,277,240,-1,278,240,239,-1,239,240,157,-1,239,157,156,-1,1,261,262,-1,262,261,278,-1,262,278,279,-1,279,278,239,-1,279,239,280,-1,280,239,151,-1,280,151,150,-1,4,262,266,-1,266,262,279,-1,266,279,265,-1,265,279,280,-1,265,280,263,-1,263,280,150,-1,263,150,152,-1,176,175,281,-1,281,175,247,-1,281,247,282,-1,282,247,250,-1,282,250,283,-1,283,250,249,-1,283,249,284,-1,284,249,253,-1,284,253,285,-1,285,253,252,-1,285,252,286,-1,252,254,286,-1,286,254,41,-1,286,41,40,-1,230,228,287,-1,286,40,26,-1,6,238,8,-1,8,238,288,-1,8,288,24,-1,24,288,289,-1,24,289,28,-1,28,289,290,-1,28,290,29,-1,29,290,291,-1,29,291,31,-1,31,291,292,-1,285,286,293,-1,293,286,26,-1,293,26,294,-1,294,26,25,-1,294,25,295,-1,295,25,33,-1,295,33,296,-1,296,33,36,-1,296,36,297,-1,297,36,35,-1,297,35,298,-1,298,35,34,-1,298,34,292,-1,292,34,32,-1,292,32,31,-1,288,299,300,-1,301,283,284,-1,288,300,289,-1,289,300,302,-1,289,302,290,-1,290,302,303,-1,290,303,291,-1,291,303,304,-1,291,304,292,-1,292,304,305,-1,292,305,298,-1,298,305,306,-1,298,306,297,-1,297,306,307,-1,297,307,296,-1,296,307,308,-1,296,308,295,-1,295,308,309,-1,295,309,294,-1,294,309,301,-1,294,301,293,-1,293,301,284,-1,293,284,285,-1,238,236,288,-1,288,236,234,-1,288,234,299,-1,299,234,232,-1,299,232,230,-1,310,281,282,-1,230,287,299,-1,299,287,311,-1,299,311,300,-1,300,311,312,-1,300,312,302,-1,302,312,313,-1,302,313,303,-1,303,313,314,-1,303,314,304,-1,304,314,315,-1,304,315,305,-1,305,315,316,-1,305,316,306,-1,306,316,317,-1,306,317,307,-1,307,317,318,-1,307,318,308,-1,308,318,319,-1,308,319,309,-1,309,319,310,-1,309,310,301,-1,301,310,282,-1,301,282,283,-1,176,281,171,-1,171,281,310,-1,171,310,172,-1,172,310,319,-1,172,319,173,-1,173,319,318,-1,173,318,168,-1,168,318,317,-1,168,317,169,-1,169,317,316,-1,169,316,143,-1,143,316,315,-1,143,315,140,-1,140,315,314,-1,140,314,141,-1,141,314,313,-1,141,313,142,-1,142,313,312,-1,142,312,138,-1,138,312,311,-1,138,311,139,-1,139,311,287,-1,139,287,153,-1,153,287,228,-1,320,321,322,-1,84,83,323,-1,322,321,324,-1,324,321,325,-1,324,325,326,-1,326,325,327,-1,326,327,323,-1,323,327,328,-1,323,328,84,-1,320,322,329,-1,329,322,330,-1,329,330,331,-1,331,330,332,-1,331,332,333,-1,332,334,333,-1,333,334,335,-1,333,335,336,-1,336,335,337,-1,336,337,338,-1,338,337,339,-1,337,340,339,-1,339,340,341,-1,339,341,342,-1,342,341,343,-1,342,343,344,-1,345,346,347,-1,347,346,344,-1,347,344,348,-1,348,344,343,-1,216,215,349,-1,349,215,350,-1,349,350,345,-1,345,350,351,-1,345,351,346,-1,352,353,354,-1,355,356,357,-1,356,358,357,-1,357,358,359,-1,357,359,192,-1,360,361,362,-1,362,361,363,-1,364,365,366,-1,366,365,367,-1,368,108,99,-1,99,369,368,-1,368,369,370,-1,368,370,371,-1,108,368,102,-1,102,368,372,-1,102,372,123,-1,123,372,124,-1,124,372,373,-1,124,373,125,-1,125,373,126,-1,126,373,374,-1,126,374,127,-1,375,376,131,-1,131,130,375,-1,375,130,129,-1,375,129,374,-1,374,129,128,-1,374,128,127,-1,377,134,378,-1,378,134,133,-1,378,133,376,-1,376,133,132,-1,376,132,131,-1,72,70,379,-1,379,70,136,-1,379,136,377,-1,377,136,135,-1,377,135,134,-1,72,379,73,-1,73,379,380,-1,73,380,74,-1,74,380,75,-1,75,380,381,-1,75,381,76,-1,76,381,77,-1,77,381,382,-1,77,382,93,-1,93,382,323,-1,93,323,83,-1,330,322,382,-1,322,324,382,-1,382,324,326,-1,382,326,323,-1,340,337,383,-1,383,337,335,-1,383,335,334,-1,347,348,384,-1,384,348,343,-1,345,385,349,-1,349,385,217,-1,349,217,216,-1,386,387,226,-1,226,225,386,-1,386,225,224,-1,386,224,388,-1,388,224,223,-1,388,223,385,-1,385,223,222,-1,385,222,217,-1,389,390,221,-1,221,220,389,-1,389,220,219,-1,389,219,387,-1,387,219,218,-1,387,218,226,-1,391,184,392,-1,392,184,183,-1,392,183,390,-1,390,183,182,-1,390,182,221,-1,393,186,391,-1,391,186,185,-1,391,185,184,-1,394,177,393,-1,393,177,187,-1,393,187,186,-1,192,191,357,-1,357,191,181,-1,357,181,395,-1,395,181,180,-1,395,180,394,-1,394,180,178,-1,394,178,177,-1,345,347,385,-1,385,347,384,-1,385,384,388,-1,388,384,396,-1,388,396,386,-1,386,396,397,-1,386,397,387,-1,387,397,398,-1,387,398,389,-1,389,398,399,-1,389,399,390,-1,390,399,400,-1,390,400,392,-1,392,400,401,-1,392,401,391,-1,391,401,402,-1,391,402,393,-1,393,402,403,-1,393,403,394,-1,394,403,404,-1,394,404,395,-1,395,404,405,-1,395,405,357,-1,357,405,406,-1,357,406,355,-1,355,406,407,-1,343,341,384,-1,384,341,408,-1,384,408,396,-1,396,408,409,-1,396,409,397,-1,397,409,410,-1,397,410,398,-1,398,410,411,-1,398,411,399,-1,399,411,412,-1,399,412,400,-1,400,412,413,-1,400,413,401,-1,401,413,414,-1,401,414,402,-1,402,414,415,-1,402,415,403,-1,403,415,416,-1,403,416,404,-1,404,416,417,-1,404,417,405,-1,405,417,418,-1,405,418,406,-1,406,418,354,-1,406,354,407,-1,407,354,353,-1,341,340,408,-1,408,340,383,-1,408,383,409,-1,409,383,419,-1,409,419,410,-1,410,419,420,-1,410,420,411,-1,411,420,421,-1,411,421,412,-1,412,421,422,-1,412,422,413,-1,413,422,423,-1,413,423,414,-1,414,423,424,-1,414,424,415,-1,415,424,425,-1,415,425,416,-1,416,425,426,-1,416,426,417,-1,417,426,427,-1,417,427,418,-1,418,427,428,-1,418,428,354,-1,354,428,362,-1,354,362,352,-1,352,362,363,-1,334,332,383,-1,383,332,429,-1,383,429,419,-1,419,429,430,-1,419,430,420,-1,420,430,431,-1,420,431,421,-1,421,431,432,-1,421,432,422,-1,422,432,433,-1,422,433,423,-1,423,433,434,-1,423,434,424,-1,424,434,435,-1,424,435,425,-1,425,435,436,-1,425,436,426,-1,426,436,437,-1,426,437,427,-1,427,437,438,-1,427,438,428,-1,428,438,439,-1,428,439,362,-1,362,439,366,-1,362,366,360,-1,360,366,367,-1,332,330,429,-1,429,330,382,-1,429,382,430,-1,430,382,381,-1,430,381,431,-1,431,381,380,-1,431,380,432,-1,432,380,379,-1,432,379,433,-1,433,379,377,-1,433,377,434,-1,434,377,378,-1,434,378,435,-1,435,378,376,-1,435,376,436,-1,436,376,375,-1,436,375,437,-1,437,375,374,-1,437,374,438,-1,438,374,373,-1,438,373,439,-1,439,373,372,-1,439,372,366,-1,366,372,368,-1,366,368,364,-1,364,368,371,-1,99,121,440,-1,364,371,441,-1,441,371,370,-1,441,370,440,-1,440,370,369,-1,440,369,99,-1,441,442,364,-1,364,442,443,-1,364,443,365,-1,365,443,444,-1,365,444,367,-1,367,444,445,-1,367,445,360,-1,360,445,446,-1,360,446,361,-1,446,447,361,-1,361,447,448,-1,361,448,363,-1,363,448,449,-1,363,449,352,-1,352,449,450,-1,352,450,353,-1,353,450,407,-1,407,450,451,-1,407,451,355,-1,355,451,452,-1,355,452,356,-1,453,188,192,-1,452,454,356,-1,356,454,455,-1,356,455,358,-1,358,455,453,-1,358,453,359,-1,359,453,192,-1,449,448,456,-1,447,446,457,-1,442,441,458,-1,440,121,122,-1,328,327,459,-1,321,320,460,-1,331,333,461,-1,342,344,462,-1,200,199,463,-1,455,454,464,-1,455,464,453,-1,188,453,189,-1,189,453,464,-1,189,464,193,-1,193,464,194,-1,464,465,194,-1,194,465,466,-1,194,466,195,-1,463,199,467,-1,199,198,467,-1,467,198,197,-1,467,197,466,-1,466,197,196,-1,466,196,195,-1,200,463,211,-1,211,463,468,-1,211,468,212,-1,212,468,469,-1,212,469,213,-1,213,469,207,-1,207,469,470,-1,207,470,208,-1,208,470,209,-1,209,470,471,-1,209,471,210,-1,210,471,203,-1,203,471,472,-1,203,472,204,-1,204,472,473,-1,204,473,205,-1,346,351,474,-1,474,351,350,-1,205,473,206,-1,206,473,474,-1,206,474,214,-1,214,474,350,-1,214,350,215,-1,342,462,339,-1,475,336,338,-1,331,461,329,-1,321,460,325,-1,445,444,476,-1,476,444,443,-1,477,452,451,-1,449,456,450,-1,478,87,479,-1,479,87,86,-1,479,86,480,-1,480,86,79,-1,480,79,459,-1,459,79,78,-1,459,78,328,-1,328,78,84,-1,441,440,458,-1,458,440,122,-1,458,122,481,-1,481,122,118,-1,481,118,482,-1,482,118,117,-1,482,117,483,-1,483,117,116,-1,483,116,484,-1,484,116,114,-1,484,114,485,-1,485,114,112,-1,485,112,486,-1,486,112,110,-1,486,110,487,-1,487,110,109,-1,487,109,478,-1,478,109,89,-1,478,89,87,-1,327,325,459,-1,459,325,460,-1,459,460,480,-1,480,460,488,-1,480,488,479,-1,479,488,489,-1,479,489,478,-1,478,489,490,-1,478,490,487,-1,487,490,491,-1,487,491,486,-1,486,491,492,-1,486,492,485,-1,485,492,493,-1,485,493,484,-1,484,493,494,-1,484,494,483,-1,483,494,495,-1,483,495,482,-1,482,495,496,-1,482,496,481,-1,481,496,497,-1,481,497,458,-1,458,497,476,-1,458,476,442,-1,442,476,443,-1,320,329,460,-1,460,329,461,-1,460,461,488,-1,488,461,498,-1,488,498,489,-1,489,498,499,-1,489,499,490,-1,490,499,500,-1,490,500,491,-1,491,500,501,-1,491,501,492,-1,492,501,502,-1,492,502,493,-1,493,502,503,-1,493,503,494,-1,494,503,504,-1,494,504,495,-1,495,504,505,-1,495,505,496,-1,496,505,506,-1,496,506,497,-1,497,506,507,-1,497,507,476,-1,476,507,457,-1,476,457,445,-1,445,457,446,-1,333,336,461,-1,461,336,475,-1,461,475,498,-1,498,475,508,-1,498,508,499,-1,499,508,509,-1,499,509,500,-1,500,509,510,-1,500,510,501,-1,501,510,511,-1,501,511,502,-1,502,511,512,-1,502,512,503,-1,503,512,513,-1,503,513,504,-1,504,513,514,-1,504,514,505,-1,505,514,515,-1,505,515,506,-1,506,515,516,-1,506,516,507,-1,507,516,517,-1,507,517,457,-1,457,517,456,-1,457,456,447,-1,447,456,448,-1,338,339,475,-1,475,339,462,-1,475,462,508,-1,508,462,518,-1,508,518,509,-1,509,518,519,-1,509,519,510,-1,510,519,520,-1,510,520,511,-1,511,520,521,-1,511,521,512,-1,512,521,522,-1,512,522,513,-1,513,522,523,-1,513,523,514,-1,514,523,524,-1,514,524,515,-1,515,524,525,-1,515,525,516,-1,516,525,526,-1,516,526,517,-1,517,526,527,-1,517,527,456,-1,456,527,477,-1,456,477,450,-1,450,477,451,-1,344,346,462,-1,462,346,474,-1,462,474,518,-1,518,474,473,-1,518,473,519,-1,519,473,472,-1,519,472,520,-1,520,472,471,-1,520,471,521,-1,521,471,470,-1,521,470,522,-1,522,470,469,-1,522,469,523,-1,523,469,468,-1,523,468,524,-1,524,468,463,-1,524,463,525,-1,525,463,467,-1,525,467,526,-1,526,467,466,-1,526,466,527,-1,527,466,465,-1,527,465,477,-1,477,465,464,-1,477,464,452,-1,452,464,454,-1,2,19,528,-1,2,528,529,-1,529,528,85,-1,529,85,80,-1,80,88,530,-1,80,530,529,-1,529,530,0,-1,529,0,2,-1,531,57,61,-1,113,531,111,-1,111,531,61,-1,111,61,90,-1,90,61,63,-1,63,0,90,-1,90,0,530,-1,90,530,88,-1,113,115,532,-1,113,532,531,-1,531,532,42,-1,531,42,57,-1,115,120,533,-1,115,533,532,-1,532,533,39,-1,532,39,42,-1,103,54,53,-1,48,39,533,-1,103,53,100,-1,100,53,52,-1,100,52,101,-1,101,52,51,-1,101,51,107,-1,107,51,50,-1,107,50,97,-1,97,50,49,-1,97,49,98,-1,98,49,48,-1,98,48,119,-1,119,48,533,-1,119,533,120,-1,528,19,20,-1,81,85,528,-1,528,20,81,-1,81,20,13,-1,81,13,82,-1,82,13,12,-1,82,12,91,-1,91,12,11,-1,91,11,92,-1,92,11,5,-1,92,5,94,-1,94,5,7,-1,94,7,95,-1,95,7,9,-1,95,9,96,-1,534,535,536,-1,536,535,537,-1,536,537,538,-1,538,539,536,-1,536,539,540,-1,536,540,541,-1,541,542,536,-1,536,542,543,-1,536,543,534,-1,544,545,546,-1,546,545,547,-1,547,548,546,-1,546,548,549,-1,546,549,550,-1,550,551,546,-1,546,551,552,-1,546,552,553,-1,554,555,556,-1,556,555,546,-1,556,546,557,-1,557,546,553,-1,538,544,539,-1,539,544,546,-1,539,546,558,-1,558,546,27,-1,558,27,38,-1,559,560,561,-1,561,560,562,-1,560,563,562,-1,562,563,21,-1,562,21,22,-1,564,565,566,-1,566,565,567,-1,566,567,568,-1,568,567,68,-1,568,68,67,-1,569,570,571,-1,571,570,572,-1,571,572,573,-1,573,574,571,-1,571,574,575,-1,571,575,576,-1,577,578,579,-1,579,578,580,-1,578,581,582,-1,582,583,578,-1,578,583,584,-1,578,584,580,-1,585,581,586,-1,586,581,578,-1,586,578,587,-1,587,578,577,-1,106,104,588,-1,588,104,571,-1,588,571,586,-1,586,571,576,-1,586,576,585,-1,587,540,586,-1,586,540,539,-1,586,539,588,-1,539,558,588,-1,588,558,38,-1,588,38,106,-1,589,590,591,-1,591,590,592,-1,67,21,568,-1,568,21,563,-1,568,563,566,-1,566,563,560,-1,566,560,564,-1,564,560,559,-1,564,559,593,-1,593,559,594,-1,593,594,595,-1,595,594,596,-1,595,596,597,-1,597,596,598,-1,597,598,599,-1,599,598,600,-1,599,600,601,-1,601,600,602,-1,601,602,603,-1,603,602,604,-1,603,604,605,-1,605,604,592,-1,605,592,606,-1,606,592,590,-1,606,590,607,-1,608,609,610,-1,611,612,608,-1,612,613,608,-1,608,613,614,-1,608,614,609,-1,615,616,608,-1,608,616,617,-1,608,617,611,-1,618,619,610,-1,610,619,620,-1,610,620,608,-1,608,620,621,-1,608,621,615,-1,622,623,624,-1,624,623,625,-1,622,626,623,-1,623,626,627,-1,623,627,628,-1,623,610,629,-1,629,630,623,-1,623,630,631,-1,623,631,632,-1,632,633,623,-1,623,633,634,-1,623,634,625,-1,628,635,623,-1,623,635,636,-1,623,636,610,-1,610,636,637,-1,610,637,618,-1,638,639,640,-1,641,642,640,-1,640,642,643,-1,644,645,643,-1,643,645,646,-1,643,646,640,-1,640,646,647,-1,640,647,638,-1,648,649,650,-1,648,650,651,-1,652,653,654,-1,654,653,655,-1,654,655,656,-1,656,655,657,-1,656,657,650,-1,650,657,658,-1,650,658,651,-1,649,659,650,-1,650,659,660,-1,650,660,661,-1,662,663,664,-1,664,663,665,-1,665,666,664,-1,664,666,667,-1,664,667,668,-1,661,662,650,-1,650,662,664,-1,650,664,669,-1,669,664,668,-1,670,671,672,-1,673,674,672,-1,672,674,675,-1,676,677,675,-1,675,677,678,-1,675,678,672,-1,672,678,679,-1,672,679,670,-1,680,681,682,-1,680,682,683,-1,684,685,686,-1,686,685,687,-1,686,687,688,-1,688,687,689,-1,688,689,682,-1,682,689,690,-1,682,690,683,-1,681,691,682,-1,682,691,692,-1,682,692,693,-1,694,695,696,-1,696,695,697,-1,697,698,696,-1,696,698,699,-1,696,699,700,-1,693,694,682,-1,682,694,696,-1,682,696,701,-1,701,696,700,-1,702,703,704,-1,702,704,705,-1,706,707,704,-1,704,707,708,-1,704,708,709,-1,709,710,704,-1,704,710,711,-1,704,711,705,-1,712,713,714,-1,714,713,715,-1,714,715,716,-1,717,718,719,-1,719,718,720,-1,716,721,714,-1,714,721,722,-1,714,722,718,-1,718,722,723,-1,718,723,720,-1,717,724,718,-1,718,724,725,-1,718,725,714,-1,706,704,726,-1,726,704,727,-1,726,727,728,-1,728,727,729,-1,728,729,714,-1,714,729,730,-1,714,730,712,-1,731,732,733,-1,731,733,734,-1,734,733,735,-1,734,735,736,-1,
        ]
    }
}
Shape{
    appearance Appearance {
        material  Material 	{
            diffuseColor 0.0 0.0 0.0
            specularColor 0.0 0.0 0.0
            ambientIntensity 0.0
            transparency 0.0
            shininess 0.5
        }
    }
    geometry IndexedFaceSet {
        ccw TRUE
        solid FALSE
        coord DEF co Coordinate {
            point [
                0.7362 1.7839 2.1913, 0.7362 1.7835 2.1913, 0.7474 1.7835 2.1926, 0.7474 1.7839 2.1926, 0.7606 1.7835 2.1972, 0.7606 1.7839 2.1972, 0.7721 1.7835 2.2049, 0.7721 1.7839 2.2049, 0.7813 1.7835 2.215, 0.7813 1.7839 2.215, 0.7877 1.7835 2.2271, 0.7877 1.7839 2.2271, 0.791 1.7835 2.2407, 0.791 1.7839 2.2407, 0.7908 1.7835 2.2546, 0.7908 1.7839 2.2546, 0.7872 1.7835 2.2678, 0.7872 1.7839 2.2678, 0.7804 1.7835 2.2799, 0.7804 1.7839 2.2799, 0.7727 1.7835 2.2883, 0.7727 1.7839 2.2883, 0.7614 1.7835 2.296, 0.7614 1.7839 2.296, 0.7485 1.7835 2.3008, 0.7485 1.7839 2.3008, 0.7354 1.7839 2.3023, 0.7359 1.7835 2.3023, 0.7354 1.7835 2.3023, 0.7236 1.7835 2.301, 0.7236 1.7839 2.301, 0.7105 1.7835 2.2962, 0.7105 1.7839 2.2962, 0.6991 1.7835 2.2884, 0.6991 1.7839 2.2884, 0.69 1.7835 2.2781, 0.69 1.7839 2.2781, 0.6837 1.7835 2.266, 0.6837 1.7839 2.266, 0.6806 1.7835 2.2524, 0.6806 1.7839 2.2524, 0.6809 1.7835 2.2386, 0.6809 1.7839 2.2386, 0.6847 1.7835 2.2253, 0.6847 1.7839 2.2253, 0.6916 1.7835 2.2133, 0.6916 1.7839 2.2133, 0.6988 1.7835 2.2055, 0.6988 1.7839 2.2055, 0.7099 1.7835 2.1977, 0.7099 1.7839 2.1977, 0.7229 1.7835 2.1928, 0.7229 1.7839 2.1928, 0.7359 1.7835 2.1913, -0.9588 1.7835 2.2659, -0.9588 1.7839 2.2659, -0.9924 1.7835 2.2657, -1.026 1.7839 2.2654, -1.026 1.7835 2.2654, -0.9963 1.7839 2.3488, -0.9963 1.7835 2.3488, -0.9933 1.7839 2.3629, -0.9933 1.7835 2.3629, -0.9946 1.7835 2.3558, -0.9946 1.7839 2.3558, -0.9927 1.7839 2.3629, -0.9927 1.7835 2.3629, -0.9924 1.7835 2.3613, -0.9913 1.7839 2.3558, -0.9913 1.7835 2.3558, -0.9893 1.7839 2.3489, -0.9893 1.7835 2.3489, -0.8647 1.7839 2.2911, -0.8647 1.7835 2.2911, -0.864 1.7835 2.2788, -0.864 1.7839 2.2788, -0.8593 1.7835 2.2583, -0.8593 1.7839 2.2583, -0.8521 1.7835 2.2441, -0.8521 1.7839 2.2441, -0.8429 1.7835 2.2331, -0.8429 1.7839 2.2331, -0.8432 1.7839 2.3477, -0.8432 1.7835 2.3477, -0.8489 1.7835 2.3419, -0.8489 1.7839 2.3419, -0.8565 1.7835 2.3306, -0.8565 1.7839 2.3306, -0.8619 1.7835 2.3163, -0.8619 1.7839 2.3163, -0.7855 1.7839 2.3669, -0.7855 1.7835 2.3669, -0.7902 1.7835 2.3668, -0.7902 1.7839 2.3668, -0.8095 1.7835 2.3638, -0.8145 1.7839 2.363, -0.8145 1.7835 2.363, -0.8308 1.7835 2.3563, -0.8308 1.7839 2.3563, -0.7553 1.7839 2.3671, -0.7553 1.7835 2.3671, -0.7542 1.7839 2.2128, -0.7542 1.7835 2.2128, -0.7833 1.7839 2.2126, -0.7833 1.7835 2.2126, -0.8254 1.7835 2.2209, -0.8387 1.7839 2.2293, -0.8387 1.7835 2.2293, -0.8095 1.7835 2.2155, -0.8085 1.7839 2.2151, -0.8254 1.7839 2.2209, -0.8085 1.7835 2.2151, -0.7104 1.7835 2.5852, -0.7104 1.7839 2.5852, -0.744 1.7835 2.585, -0.7776 1.7839 2.5847, -0.7776 1.7835 2.5847, -0.7479 1.7839 2.6682, -0.7479 1.7835 2.6682, -0.7449 1.7839 2.6822, -0.7449 1.7835 2.6822, -0.7462 1.7835 2.6751, -0.7462 1.7839 2.6751, -0.7443 1.7839 2.6822, -0.7443 1.7835 2.6822, -0.744 1.7835 2.6806, -0.7429 1.7839 2.6751, -0.7429 1.7835 2.6751, -0.7409 1.7839 2.6682, -0.7409 1.7835 2.6682, -0.6163 1.7839 2.6105, -0.6163 1.7835 2.6105, -0.6156 1.7835 2.5981, -0.6156 1.7839 2.5981, -0.6109 1.7835 2.5776, -0.6109 1.7839 2.5776, -0.6037 1.7835 2.5634, -0.6037 1.7839 2.5634, -0.5945 1.7835 2.5524, -0.5945 1.7839 2.5524, -0.5948 1.7839 2.667, -0.5948 1.7835 2.667, -0.6005 1.7835 2.6612, -0.6005 1.7839 2.6612, -0.6081 1.7835 2.6499, -0.6081 1.7839 2.6499, -0.6135 1.7835 2.6356, -0.6135 1.7839 2.6356, -0.5371 1.7839 2.6862, -0.5371 1.7835 2.6862, -0.5418 1.7835 2.6861, -0.5418 1.7839 2.6861, -0.5611 1.7835 2.6831, -0.5661 1.7839 2.6823, -0.5661 1.7835 2.6823, -0.5824 1.7835 2.6757, -0.5824 1.7839 2.6757, -0.5069 1.7839 2.6865, -0.5069 1.7835 2.6865, -0.5058 1.7839 2.5321, -0.5058 1.7835 2.5321, -0.5348 1.7839 2.5319, -0.5348 1.7835 2.5319, -0.577 1.7835 2.5402, -0.5903 1.7839 2.5487, -0.5903 1.7835 2.5487, -0.5611 1.7835 2.5348, -0.56 1.7839 2.5344, -0.577 1.7839 2.5402, -0.56 1.7835 2.5344, -0.1925 1.7839 2.2524, -0.1925 1.7835 2.2524, -0.1932 1.7835 2.253, -0.1932 1.7839 2.253, -0.1974 1.7835 2.2558, -0.1974 1.7839 2.2558, -0.2035 1.7835 2.2583, -0.2035 1.7839 2.2583, -0.2168 1.7835 2.261, -0.2168 1.7839 2.261, -0.1857 1.7839 2.2343, -0.1857 1.7835 2.2343, -0.1859 1.7835 2.2371, -0.1859 1.7839 2.2371, -0.1872 1.7835 2.2438, -0.1872 1.7839 2.2438, -0.1893 1.7835 2.2484, -0.1893 1.7839 2.2484, -0.1929 1.7839 2.2176, -0.1929 1.7835 2.2176, -0.1908 1.7835 2.2198, -0.1908 1.7839 2.2198, -0.1879 1.7835 2.2241, -0.1879 1.7839 2.2241, -0.1863 1.7835 2.2287, -0.1863 1.7839 2.2287, -0.212 1.7839 2.211, -0.212 1.7835 2.211, -0.2112 1.7835 2.211, -0.2112 1.7839 2.211, -0.2031 1.7835 2.2121, -0.2031 1.7839 2.2121, -0.1977 1.7835 2.2142, -0.1977 1.7839 2.2142, -0.218 1.7835 2.2116, -0.2212 1.7839 2.212, -0.2212 1.7835 2.212, -0.2289 1.7839 2.2147, -0.2289 1.7835 2.2147, -0.2361 1.7839 2.2195, -0.2361 1.7835 2.2195, -0.2393 1.7839 2.2225, -0.2393 1.7835 2.2225, -0.2502 1.7839 2.2516, -0.2502 1.7835 2.2516, -0.2501 1.7835 2.2483, -0.2501 1.7839 2.2483, -0.2485 1.7835 2.2386, -0.2485 1.7839 2.2386, -0.2448 1.7835 2.2298, -0.2448 1.7839 2.2298, -0.2503 1.7839 2.2653, -0.2503 1.7835 2.2653, -0.218 1.7835 2.2612
            ]
        }
        coordIndex [
            0,1,2,-1,0,2,3,-1,3,2,4,-1,3,4,5,-1,5,4,6,-1,5,6,7,-1,7,6,8,-1,7,8,9,-1,9,8,10,-1,9,10,11,-1,11,10,12,-1,11,12,13,-1,13,12,14,-1,13,14,15,-1,15,14,16,-1,15,16,17,-1,17,16,18,-1,17,18,19,-1,19,18,20,-1,19,20,21,-1,21,20,22,-1,21,22,23,-1,23,22,24,-1,23,24,25,-1,25,24,26,-1,26,24,27,-1,26,27,28,-1,26,28,29,-1,26,29,30,-1,30,29,31,-1,30,31,32,-1,32,31,33,-1,32,33,34,-1,34,33,35,-1,34,35,36,-1,36,35,37,-1,36,37,38,-1,38,37,39,-1,38,39,40,-1,40,39,41,-1,40,41,42,-1,42,41,43,-1,42,43,44,-1,44,43,45,-1,44,45,46,-1,46,45,47,-1,46,47,48,-1,48,47,49,-1,48,49,50,-1,50,49,51,-1,50,51,52,-1,52,51,0,-1,0,51,53,-1,0,53,1,-1,54,55,56,-1,56,55,57,-1,56,57,58,-1,57,59,58,-1,58,59,60,-1,61,62,63,-1,61,63,64,-1,64,63,60,-1,64,60,59,-1,61,65,62,-1,62,65,66,-1,66,65,67,-1,67,65,68,-1,67,68,69,-1,69,68,70,-1,69,70,71,-1,70,55,71,-1,71,55,54,-1,72,73,74,-1,72,74,75,-1,75,74,76,-1,75,76,77,-1,77,76,78,-1,77,78,79,-1,79,78,80,-1,79,80,81,-1,82,83,84,-1,82,84,85,-1,85,84,86,-1,85,86,87,-1,87,86,88,-1,87,88,89,-1,89,88,73,-1,89,73,72,-1,90,91,92,-1,90,92,93,-1,93,92,94,-1,93,94,95,-1,94,96,95,-1,95,96,97,-1,95,97,98,-1,98,97,83,-1,98,83,82,-1,90,99,91,-1,91,99,100,-1,99,101,100,-1,100,101,102,-1,101,103,102,-1,102,103,104,-1,105,106,107,-1,107,106,81,-1,107,81,80,-1,108,109,105,-1,105,109,110,-1,105,110,106,-1,108,111,109,-1,109,111,104,-1,109,104,103,-1,112,113,114,-1,114,113,115,-1,114,115,116,-1,115,117,116,-1,116,117,118,-1,119,120,121,-1,119,121,122,-1,122,121,118,-1,122,118,117,-1,119,123,120,-1,120,123,124,-1,124,123,125,-1,125,123,126,-1,125,126,127,-1,127,126,128,-1,127,128,129,-1,128,113,129,-1,129,113,112,-1,130,131,132,-1,130,132,133,-1,133,132,134,-1,133,134,135,-1,135,134,136,-1,135,136,137,-1,137,136,138,-1,137,138,139,-1,140,141,142,-1,140,142,143,-1,143,142,144,-1,143,144,145,-1,145,144,146,-1,145,146,147,-1,147,146,131,-1,147,131,130,-1,148,149,150,-1,148,150,151,-1,151,150,152,-1,151,152,153,-1,152,154,153,-1,153,154,155,-1,153,155,156,-1,156,155,141,-1,156,141,140,-1,148,157,149,-1,149,157,158,-1,157,159,158,-1,158,159,160,-1,159,161,160,-1,160,161,162,-1,163,164,165,-1,165,164,139,-1,165,139,138,-1,166,167,163,-1,163,167,168,-1,163,168,164,-1,166,169,167,-1,167,169,162,-1,167,162,161,-1,170,171,172,-1,170,172,173,-1,173,172,174,-1,173,174,175,-1,175,174,176,-1,175,176,177,-1,177,176,178,-1,177,178,179,-1,180,181,182,-1,180,182,183,-1,183,182,184,-1,183,184,185,-1,185,184,186,-1,185,186,187,-1,187,186,171,-1,187,171,170,-1,188,189,190,-1,188,190,191,-1,191,190,192,-1,191,192,193,-1,193,192,194,-1,193,194,195,-1,195,194,181,-1,195,181,180,-1,196,197,198,-1,196,198,199,-1,199,198,200,-1,199,200,201,-1,201,200,202,-1,201,202,203,-1,203,202,189,-1,203,189,188,-1,197,196,204,-1,204,196,205,-1,204,205,206,-1,206,205,207,-1,206,207,208,-1,208,207,209,-1,208,209,210,-1,210,209,211,-1,210,211,212,-1,213,214,215,-1,213,215,216,-1,216,215,217,-1,216,217,218,-1,218,217,219,-1,218,219,220,-1,220,219,212,-1,220,212,211,-1,213,221,214,-1,214,221,222,-1,222,221,223,-1,223,221,179,-1,223,179,178,-1,
        ]
    }
}
Shape{
    appearance Appearance {
        material  Material 	{
            diffuseColor 0.8509803921568627 0.8509803921568627 0.8509803921568627
            specularColor 0.4235294117647059 0.4235294117647059 0.4235294117647059
            ambientIntensity 0.851
            transparency 0.0
            shininess 0.5
        }
    }
    geometry IndexedFaceSet {
        ccw TRUE
        solid FALSE
        coord DEF co Coordinate {
            point [
                -3.122 0.5236 0.4843, -3.122 0.5236 0.6344, -3.1614 0.5236 0.6344, -3.1614 0.5236 0.4843, -3.2008 0.5236 0.6344, -3.2008 0.5236 0.4843, 3.1614 0.5236 2.315, 3.2008 0.5236 2.315, 3.2008 0.5273 2.3442, 3.122 0.5236 2.315, 3.122 0.5273 2.3442, 3.2008 0.5373 2.3701, 3.122 0.5373 2.3701, 3.2008 0.5547 2.3948, 3.122 0.5547 2.3948, 3.2008 0.5696 2.4085, 3.122 0.5696 2.4085, 3.2008 0.5942 2.4231, 3.122 0.5942 2.4231, 3.2008 0.621 2.4312, 3.122 0.621 2.4312, 3.2008 0.6417 2.4331, 3.122 0.6417 2.4331, 3.2008 0.5236 0.6344, 3.1614 0.5236 0.6344, 3.122 0.5236 0.6344, 3.2008 1.0354 1.8425, 3.1614 1.311 1.8425, 3.2008 1.1043 1.8425, 3.2008 1.311 1.8425, 3.2008 0.7598 1.8425, 3.1614 0.7598 1.8425, 3.122 1.311 1.8425, 3.122 1.1043 1.8425, 3.122 1.0354 1.8425, 3.122 0.7598 1.8425, 3.2008 1.311 0.8976, 3.1614 1.311 0.8976, 3.122 1.311 0.8976, 3.122 1.1043 0.8976, 3.1614 0.7598 0.8976, 3.2008 0.7598 0.8976, 3.2008 1.0354 0.8976, 3.2008 1.1043 0.8976, 3.122 1.0354 0.8976, 3.122 0.7598 0.8976, 3.122 0.5827 0.4252, 3.122 0.5236 0.4843, 3.122 0.5547 0.4044, 3.122 0.5373 0.4292, 3.122 0.5273 0.455, 3.122 0.621 0.368, 3.122 0.5942 0.3761, 3.122 0.5696 0.3908, 3.122 0.6417 0.3661, 3.122 1.1043 0.3661, 3.122 1.1043 0.6344, 3.122 1.2126 0.3661, 3.122 1.685 0.6344, 3.122 1.685 0.3661, 3.1614 0.5236 0.4843, 3.2008 0.5236 0.4843, 3.2008 0.5273 0.455, 3.2008 0.5373 0.4292, 3.2008 0.5547 0.4044, 3.2008 0.5696 0.3908, 3.2008 0.5942 0.3761, 3.2008 0.621 0.368, 3.2008 0.6417 0.3661, 3.2008 0.5827 0.4252, 3.2008 1.1043 0.6344, 3.2008 1.685 0.3661, 3.2008 1.685 0.6344, 3.2008 1.2126 0.3661, 3.2008 1.1043 0.3661
            ]
        }
        coordIndex [
            0,1,2,-1,0,2,3,-1,3,2,4,-1,3,4,5,-1,6,7,8,-1,6,8,9,-1,9,8,10,-1,10,8,11,-1,10,11,12,-1,12,11,13,-1,12,13,14,-1,14,13,15,-1,14,15,16,-1,16,15,17,-1,16,17,18,-1,18,17,19,-1,18,19,20,-1,20,19,21,-1,20,21,22,-1,23,7,6,-1,23,6,24,-1,24,6,9,-1,24,9,25,-1,26,27,28,-1,28,27,29,-1,26,30,31,-1,32,27,33,-1,33,27,26,-1,33,26,34,-1,34,26,31,-1,34,31,35,-1,36,29,27,-1,36,27,37,-1,37,27,32,-1,37,32,38,-1,37,38,39,-1,40,41,42,-1,36,37,43,-1,43,37,39,-1,43,39,42,-1,42,39,44,-1,42,44,40,-1,40,44,45,-1,45,35,31,-1,45,31,40,-1,40,31,30,-1,40,30,41,-1,46,47,25,-1,48,49,46,-1,46,49,50,-1,46,50,47,-1,51,52,46,-1,46,52,53,-1,46,53,48,-1,51,46,54,-1,54,46,25,-1,54,25,55,-1,55,25,56,-1,55,56,57,-1,57,56,58,-1,57,58,59,-1,60,47,50,-1,60,50,61,-1,61,50,62,-1,62,50,49,-1,62,49,63,-1,63,49,48,-1,63,48,64,-1,64,48,53,-1,64,53,65,-1,65,53,52,-1,65,52,66,-1,66,52,51,-1,66,51,67,-1,67,51,54,-1,67,54,68,-1,65,66,69,-1,69,66,67,-1,69,67,68,-1,69,61,62,-1,62,63,69,-1,69,63,64,-1,69,64,65,-1,61,69,23,-1,23,69,68,-1,23,68,70,-1,71,72,73,-1,73,72,70,-1,73,70,74,-1,74,70,68,-1,
        ]
    }
}
Shape{
    appearance Appearance {
        material  Material 	{
            diffuseColor 0.0 0.0 0.0
            specularColor 0.0 0.0 0.0
            ambientIntensity 0.0
            transparency 0.0
            shininess 0.5
        }
    }
    geometry IndexedFaceSet {
        ccw TRUE
        solid FALSE
        coord DEF co Coordinate {
            point [
                0.8558 1.7839 2.1729, 0.8344 1.7839 2.1463, 0.8678 1.7839 2.299, 0.3539 1.7839 2.5499, 0.344 1.7839 2.5059, 0.2737 1.7839 2.5823, 0.392 1.7839 2.3654, 0.4355 1.7839 2.4411, 0.627 1.7839 2.3428, 0.7236 1.7839 2.301, 0.7105 1.7839 2.2962, 0.7474 1.7839 2.1926, 0.7606 1.7839 2.1972, 0.8065 1.7839 2.1252, 0.791 1.7839 2.2407, 0.7877 1.7839 2.2271, 0.7813 1.7839 2.215, 0.6991 1.7839 2.2884, 0.69 1.7839 2.2781, 0.592 1.7839 2.2615, 0.6837 1.7839 2.266, 0.6806 1.7839 2.2524, 0.5921 1.7839 2.2472, 0.6809 1.7839 2.2386, 0.8987 1.7839 2.3183, 0.8876 1.7839 2.2091, 0.8699 1.7839 2.2037, 0.7431 1.7839 2.5553, 0.7337 1.7839 2.55, 0.777 1.7839 2.6542, 0.7115 1.7839 2.5949, 0.7479 1.7839 2.6877, 0.6787 1.7839 2.6333, 0.714 1.7839 2.7163, 0.6392 1.7839 2.6613, 0.7721 1.7839 2.2049, 0.6813 1.7839 2.3818, 0.7148 1.7839 2.3906, 0.7485 1.7839 2.3008, 0.9477 1.7839 2.4652, 1.0414 1.7839 2.4426, 0.9523 1.7839 2.4305, 1.0419 1.7839 2.4283, 0.951 1.7839 2.4104, 1.0356 1.7839 2.3734, 0.9418 1.7839 2.3761, 1.0159 1.7839 2.3204, 0.9241 1.7839 2.3449, 0.9833 1.7839 2.2728, 0.9395 1.7839 2.2348, 0.7908 1.7839 2.2546, 0.7872 1.7839 2.2678, 0.8524 1.7839 2.3287, 0.7804 1.7839 2.2799, 0.8287 1.7839 2.3557, 0.7727 1.7839 2.2883, 0.8 1.7839 2.3756, 0.7614 1.7839 2.296, 0.7675 1.7839 2.388, 0.7334 1.7839 2.392, 0.3326 1.7839 2.5058, 0.3054 1.7839 2.5023, 0.2677 1.7839 2.5802, 0.2798 1.7839 2.492, 0.2254 1.7839 2.5591, 0.187 1.7839 2.5265, 0.3764 1.7839 2.5952, 0.2996 1.7839 2.6351, 0.4091 1.7839 2.6332, 0.3498 1.7839 2.6953, 0.4476 1.7839 2.6606, 0.4031 1.7839 2.7331, 0.4935 1.7839 2.6789, 0.4736 1.7839 2.7615, 0.542 1.7839 2.6852, 0.5428 1.7839 2.7706, 0.5933 1.7839 2.6791, 0.6057 1.7839 2.7642, 0.6729 1.7839 2.7407, 0.7756 1.7839 2.5675, 0.7934 1.7839 2.6562, 0.8089 1.7839 2.5718, 0.8098 1.7839 2.6572, 0.8302 1.7839 2.5704, 0.8652 1.7839 2.6509, 0.8643 1.7839 2.561, 0.9181 1.7839 2.6309, 0.8953 1.7839 2.5432, 0.9637 1.7839 2.5996, 0.9142 1.7839 2.5261, 0.9739 1.7839 2.5901, 0.9347 1.7839 2.4978, 1.0082 1.7839 2.5469, 1.0313 1.7839 2.496, 0.7354 1.7839 2.3023, 0.6517 1.7839 2.3656, 0.2578 1.7839 2.476, 0.2453 1.7839 2.4623, 0.1579 1.7839 2.4859, 0.2313 1.7839 2.4383, 0.1404 1.7839 2.4414, 0.2237 1.7839 2.4119, 0.1341 1.7839 2.3948, 0.2224 1.7839 2.394, 0.141 1.7839 2.3444, 0.2261 1.7839 2.3662, 0.1592 1.7839 2.2993, 0.2366 1.7839 2.34, 0.1878 1.7839 2.26, 0.2522 1.7839 2.3186, 0.2265 1.7839 2.2277, 0.2732 1.7839 2.301, 0.2701 1.7839 2.2066, 0.2979 1.7839 2.2892, 0.3177 1.7839 2.1969, 0.3257 1.7839 2.2838, 0.4017 1.7839 2.1975, 0.3897 1.7839 2.2842, 0.409 1.7839 2.1986, 0.3926 1.7839 2.2846, 0.3968 1.7839 2.2856, 0.4194 1.7839 2.2028, 0.4285 1.7839 2.2095, 0.7742 1.7839 2.1115, 0.7406 1.7839 2.106, 0.7362 1.7839 2.1913, 0.7354 1.7839 2.1059, 0.7229 1.7839 2.1928, 0.7007 1.7839 2.11, 0.7099 1.7839 2.1977, 0.6679 1.7839 2.1225, 0.6988 1.7839 2.2055, 0.6393 1.7839 2.1426, 0.6916 1.7839 2.2133, 0.6219 1.7839 2.1613, 0.6847 1.7839 2.2253, 0.6037 1.7839 2.192, 0.5938 1.7839 2.2259, 0.4092 1.7839 2.2844, 0.4193 1.7839 2.2805, 0.4315 1.7839 2.2126, 0.4281 1.7839 2.2742, 0.4377 1.7839 2.2216, 0.3982 1.7839 2.2857, 0.4389 1.7839 2.2594, 0.442 1.7839 2.2489, 0.4331 1.7839 2.2689, 0.4427 1.7839 2.2419, 0.4414 1.7839 2.2314, -0.9588 1.7839 2.2659, -0.9893 1.7839 2.3489, -0.9799 1.7839 2.3886, -0.9023 1.7839 2.1889, -0.9308 1.7839 2.1887, -0.9505 1.7839 2.2433, -0.9913 1.7839 2.3558, -0.9927 1.7839 2.3629, -1.0076 1.7839 2.3884, -0.9933 1.7839 2.3629, -0.9946 1.7839 2.3558, -0.9963 1.7839 2.3488, -1.026 1.7839 2.2654, -1.0824 1.7839 2.1877, -1.0538 1.7839 2.1879, -1.0338 1.7839 2.2428, -0.7553 1.7839 2.3671, -0.7855 1.7839 2.3669, -0.7867 1.7839 2.3899, -0.7902 1.7839 2.3668, -0.8177 1.7839 2.3862, -0.8145 1.7839 2.363, -0.8413 1.7839 2.3774, -0.8308 1.7839 2.3563, -0.8622 1.7839 2.3629, -0.8432 1.7839 2.3477, -0.8687 1.7839 2.3565, -0.8489 1.7839 2.3419, -0.8814 1.7839 2.3386, -0.8565 1.7839 2.3306, -0.8887 1.7839 2.3195, -0.8619 1.7839 2.3163, -0.8919 1.7839 2.2917, -0.8647 1.7839 2.2911, -0.8911 1.7839 2.278, -0.864 1.7839 2.2788, -0.8863 1.7839 2.2557, -0.8593 1.7839 2.2583, -0.8763 1.7839 2.235, -0.8521 1.7839 2.2441, -0.8612 1.7839 2.2173, -0.8429 1.7839 2.2331, -0.8573 1.7839 2.2139, -0.8387 1.7839 2.2293, -0.8376 1.7839 2.2011, -0.8254 1.7839 2.2209, -0.8142 1.7839 2.1929, -0.8085 1.7839 2.2151, -0.7833 1.7839 2.1898, -0.7833 1.7839 2.2126, -0.7282 1.7839 2.1902, -0.7542 1.7839 2.2128, -0.7296 1.7839 2.3903, -0.5827 1.7839 2.1912, -0.6904 1.7839 2.1904, -0.6906 1.7839 2.2133, -0.6087 1.7839 2.2138, -0.6092 1.7839 2.2812, -0.5842 1.7839 2.3914, -0.6871 1.7839 2.3676, -0.6873 1.7839 2.3906, -0.6098 1.7839 2.3682, -0.6094 1.7839 2.3041, -0.681 1.7839 2.3036, -0.6808 1.7839 2.2807, -0.3479 1.7839 2.3372, -0.3565 1.7839 2.3182, -0.3657 1.7839 2.339, -0.3631 1.7839 2.3186, -0.383 1.7839 2.3374, -0.3791 1.7839 2.3168, -0.3996 1.7839 2.3324, -0.3934 1.7839 2.3115, -0.3994 1.7839 2.308, -0.3905 1.7839 2.2612, -0.3741 1.7839 2.2702, -0.361 1.7839 2.2501, -0.3653 1.7839 2.2738, -0.3474 1.7839 2.2557, -0.3527 1.7839 2.2792, -0.3334 1.7839 2.2622, -0.3429 1.7839 2.2847, -0.3208 1.7839 2.2705, -0.341 1.7839 2.2862, -0.3167 1.7839 2.2749, -0.3386 1.7839 2.2889, -0.3134 1.7839 2.2802, -0.3368 1.7839 2.2923, -0.3108 1.7839 2.2879, -0.3359 1.7839 2.296, -0.3098 1.7839 2.2975, -0.3356 1.7839 2.2996, -0.3109 1.7839 2.3066, -0.3361 1.7839 2.3036, -0.3139 1.7839 2.3147, -0.3374 1.7839 2.3069, -0.3187 1.7839 2.3214, -0.3395 1.7839 2.3101, -0.3261 1.7839 2.3279, -0.343 1.7839 2.3132, -0.3341 1.7839 2.3326, -0.3434 1.7839 2.3135, -0.3487 1.7839 2.3163, -0.3722 1.7839 2.2438, -0.3736 1.7839 2.2427, -0.3975 1.7839 2.255, -0.3767 1.7839 2.2395, -0.4022 1.7839 2.248, -0.3786 1.7839 2.2362, -0.4048 1.7839 2.2405, -0.3797 1.7839 2.2322, -0.4057 1.7839 2.2313, -0.38 1.7839 2.2291, -0.4044 1.7839 2.2211, -0.3794 1.7839 2.2244, -0.4013 1.7839 2.2133, -0.3782 1.7839 2.2209, -0.3965 1.7839 2.2067, -0.3761 1.7839 2.2178, -0.3894 1.7839 2.2006, -0.3734 1.7839 2.2153, -0.3809 1.7839 2.1957, -0.369 1.7839 2.2128, -0.3672 1.7839 2.1913, -0.3615 1.7839 2.2107, -0.3476 1.7839 2.1895, -0.3502 1.7839 2.2099, -0.3264 1.7839 2.1919, -0.3352 1.7839 2.2117, -0.3089 1.7839 2.1982, -0.3196 1.7839 2.2175, -0.3091 1.7839 2.224, -0.7104 1.7839 2.5852, -0.7409 1.7839 2.6682, -0.7315 1.7839 2.7079, -0.6539 1.7839 2.5083, -0.6824 1.7839 2.5081, -0.702 1.7839 2.5627, -0.7429 1.7839 2.6751, -0.7443 1.7839 2.6822, -0.7591 1.7839 2.7077, -0.7449 1.7839 2.6822, -0.7462 1.7839 2.6751, -0.7479 1.7839 2.6682, -0.7776 1.7839 2.5847, -0.834 1.7839 2.507, -0.8054 1.7839 2.5072, -0.7854 1.7839 2.5621, -0.5069 1.7839 2.6865, -0.5371 1.7839 2.6862, -0.5383 1.7839 2.7093, -0.5418 1.7839 2.6861, -0.5692 1.7839 2.7056, -0.5661 1.7839 2.6823, -0.5929 1.7839 2.6967, -0.5824 1.7839 2.6757, -0.6138 1.7839 2.6822, -0.5948 1.7839 2.667, -0.6203 1.7839 2.6758, -0.6005 1.7839 2.6612, -0.6329 1.7839 2.658, -0.6081 1.7839 2.6499, -0.6403 1.7839 2.6389, -0.6135 1.7839 2.6356, -0.6435 1.7839 2.611, -0.6163 1.7839 2.6105, -0.6427 1.7839 2.5973, -0.6156 1.7839 2.5981, -0.6378 1.7839 2.575, -0.6109 1.7839 2.5776, -0.6279 1.7839 2.5543, -0.6037 1.7839 2.5634, -0.6128 1.7839 2.5366, -0.5945 1.7839 2.5524, -0.6089 1.7839 2.5332, -0.5903 1.7839 2.5487, -0.5892 1.7839 2.5205, -0.577 1.7839 2.5402, -0.5658 1.7839 2.5123, -0.56 1.7839 2.5344, -0.5348 1.7839 2.5091, -0.5348 1.7839 2.5319, -0.4798 1.7839 2.5095, -0.5058 1.7839 2.5321, -0.4812 1.7839 2.7097, -0.3343 1.7839 2.5105, -0.442 1.7839 2.5098, -0.4421 1.7839 2.5326, -0.3603 1.7839 2.5332, -0.3608 1.7839 2.6005, -0.3357 1.7839 2.7107, -0.4387 1.7839 2.6869, -0.4388 1.7839 2.71, -0.3614 1.7839 2.6875, -0.361 1.7839 2.6234, -0.4325 1.7839 2.6229, -0.4324 1.7839 2.6, -0.0579 1.7839 2.7127, -0.0321 1.7839 2.7128, -0.0566 1.7839 2.5353, -0.0306 1.7839 2.5127, -0.1364 1.7839 2.5347, -0.1362 1.7839 2.5119
            ]
        }
        coordIndex [
            0,1,2,-1,3,4,5,-1,6,7,8,-1,9,10,6,-1,11,12,13,-1,14,2,15,-1,15,2,1,-1,15,1,16,-1,10,17,6,-1,6,17,18,-1,6,18,19,-1,18,20,19,-1,19,20,21,-1,19,21,22,-1,22,21,23,-1,24,25,2,-1,2,25,26,-1,2,26,0,-1,27,28,29,-1,29,28,30,-1,29,30,31,-1,31,30,32,-1,31,32,33,-1,33,32,34,-1,13,12,1,-1,1,12,35,-1,1,35,16,-1,36,37,38,-1,39,40,41,-1,41,40,42,-1,41,42,43,-1,43,42,44,-1,43,44,45,-1,45,44,46,-1,45,46,47,-1,47,46,48,-1,47,48,24,-1,24,48,49,-1,24,49,25,-1,14,50,2,-1,2,50,51,-1,2,51,52,-1,52,51,53,-1,52,53,54,-1,54,53,55,-1,54,55,56,-1,56,55,57,-1,56,57,58,-1,58,57,38,-1,58,38,59,-1,59,38,37,-1,4,60,5,-1,5,60,61,-1,5,61,62,-1,62,61,63,-1,62,63,64,-1,64,63,65,-1,3,5,66,-1,66,5,67,-1,66,67,68,-1,68,67,69,-1,68,69,70,-1,70,69,71,-1,70,71,72,-1,72,71,73,-1,72,73,74,-1,74,73,75,-1,74,75,76,-1,76,75,77,-1,76,77,34,-1,34,77,78,-1,34,78,33,-1,27,29,79,-1,79,29,80,-1,79,80,81,-1,81,80,82,-1,81,82,83,-1,83,82,84,-1,83,84,85,-1,85,84,86,-1,85,86,87,-1,87,86,88,-1,87,88,89,-1,89,88,90,-1,89,90,91,-1,91,90,92,-1,91,92,39,-1,39,92,93,-1,39,93,40,-1,9,6,94,-1,94,6,8,-1,94,8,38,-1,38,8,95,-1,38,95,36,-1,63,96,65,-1,65,96,97,-1,65,97,98,-1,98,97,99,-1,98,99,100,-1,100,99,101,-1,100,101,102,-1,102,101,103,-1,102,103,104,-1,104,103,105,-1,104,105,106,-1,106,105,107,-1,106,107,108,-1,108,107,109,-1,108,109,110,-1,110,109,111,-1,110,111,112,-1,112,111,113,-1,112,113,114,-1,114,113,115,-1,114,115,116,-1,116,115,117,-1,116,117,118,-1,117,119,118,-1,118,119,120,-1,118,120,121,-1,121,120,122,-1,13,123,11,-1,11,123,124,-1,11,124,125,-1,125,124,126,-1,125,126,127,-1,127,126,128,-1,127,128,129,-1,129,128,130,-1,129,130,131,-1,131,130,132,-1,131,132,133,-1,133,132,134,-1,133,134,135,-1,135,134,136,-1,135,136,23,-1,23,136,137,-1,23,137,22,-1,138,139,140,-1,140,139,141,-1,140,141,142,-1,122,120,140,-1,140,120,143,-1,140,143,138,-1,144,145,146,-1,146,145,147,-1,146,147,141,-1,141,147,148,-1,141,148,142,-1,149,150,151,-1,152,153,154,-1,150,155,151,-1,151,155,156,-1,151,156,157,-1,157,156,158,-1,157,158,159,-1,159,160,157,-1,157,160,161,-1,157,161,162,-1,163,162,164,-1,164,162,161,-1,164,161,154,-1,154,161,149,-1,154,149,152,-1,152,149,151,-1,165,166,167,-1,167,166,168,-1,167,168,169,-1,169,168,170,-1,169,170,171,-1,171,170,172,-1,171,172,173,-1,173,172,174,-1,173,174,175,-1,175,174,176,-1,175,176,177,-1,177,176,178,-1,177,178,179,-1,179,178,180,-1,179,180,181,-1,181,180,182,-1,181,182,183,-1,183,182,184,-1,183,184,185,-1,185,184,186,-1,185,186,187,-1,187,186,188,-1,187,188,189,-1,189,188,190,-1,189,190,191,-1,191,190,192,-1,191,192,193,-1,193,192,194,-1,193,194,195,-1,195,194,196,-1,195,196,197,-1,197,196,198,-1,197,198,199,-1,199,198,200,-1,199,200,201,-1,201,200,165,-1,201,165,167,-1,202,203,204,-1,204,205,202,-1,202,205,206,-1,202,206,207,-1,208,209,210,-1,210,209,207,-1,210,207,211,-1,211,207,206,-1,211,206,212,-1,212,206,213,-1,214,215,216,-1,216,215,217,-1,216,217,218,-1,218,217,219,-1,218,219,220,-1,220,219,221,-1,220,221,222,-1,223,224,225,-1,225,224,226,-1,225,226,227,-1,227,226,228,-1,227,228,229,-1,229,228,230,-1,229,230,231,-1,231,230,232,-1,231,232,233,-1,233,232,234,-1,233,234,235,-1,235,234,236,-1,235,236,237,-1,237,236,238,-1,237,238,239,-1,239,238,240,-1,239,240,241,-1,241,240,242,-1,241,242,243,-1,243,242,244,-1,243,244,245,-1,245,244,246,-1,245,246,247,-1,247,246,248,-1,247,248,249,-1,249,248,250,-1,249,250,214,-1,214,250,251,-1,214,251,215,-1,225,252,223,-1,223,252,253,-1,223,253,254,-1,254,253,255,-1,254,255,256,-1,256,255,257,-1,256,257,258,-1,258,257,259,-1,258,259,260,-1,260,259,261,-1,260,261,262,-1,262,261,263,-1,262,263,264,-1,264,263,265,-1,264,265,266,-1,266,265,267,-1,266,267,268,-1,268,267,269,-1,268,269,270,-1,270,269,271,-1,270,271,272,-1,272,271,273,-1,272,273,274,-1,274,273,275,-1,274,275,276,-1,276,275,277,-1,276,277,278,-1,278,277,279,-1,278,279,280,-1,281,282,283,-1,284,285,286,-1,282,287,283,-1,283,287,288,-1,283,288,289,-1,289,288,290,-1,289,290,291,-1,291,292,289,-1,289,292,293,-1,289,293,294,-1,295,294,296,-1,296,294,293,-1,296,293,286,-1,286,293,281,-1,286,281,284,-1,284,281,283,-1,297,298,299,-1,299,298,300,-1,299,300,301,-1,301,300,302,-1,301,302,303,-1,303,302,304,-1,303,304,305,-1,305,304,306,-1,305,306,307,-1,307,306,308,-1,307,308,309,-1,309,308,310,-1,309,310,311,-1,311,310,312,-1,311,312,313,-1,313,312,314,-1,313,314,315,-1,315,314,316,-1,315,316,317,-1,317,316,318,-1,317,318,319,-1,319,318,320,-1,319,320,321,-1,321,320,322,-1,321,322,323,-1,323,322,324,-1,323,324,325,-1,325,324,326,-1,325,326,327,-1,327,326,328,-1,327,328,329,-1,329,328,330,-1,329,330,331,-1,331,330,332,-1,331,332,333,-1,333,332,297,-1,333,297,299,-1,334,335,336,-1,336,337,334,-1,334,337,338,-1,334,338,339,-1,340,341,342,-1,342,341,339,-1,342,339,343,-1,343,339,338,-1,343,338,344,-1,344,338,345,-1,346,347,348,-1,348,347,349,-1,348,349,350,-1,350,349,351,-1,
        ]
    }
}
Shape{
    appearance Appearance {
        material  Material 	{
            diffuseColor 0.8509803921568627 0.8509803921568627 0.8509803921568627
            specularColor 0.4235294117647059 0.4235294117647059 0.4235294117647059
            ambientIntensity 0.851
            transparency 0.0
            shininess 0.5
        }
    }
    geometry IndexedFaceSet {
        ccw TRUE
        solid FALSE
        coord DEF co Coordinate {
            point [
                2.4416 1.8819 1.3871, 2.4416 1.8819 1.3531, 2.3032 1.8819 1.3701, 2.4333 1.8819 1.3201, 2.4174 1.8819 1.2901, 2.3947 1.8819 1.2649, 2.3665 1.8819 1.2458, 2.3346 1.8819 1.2342, 2.3665 1.8819 1.4943, 2.3947 1.8819 1.4753, 2.4174 1.8819 1.45, 2.4333 1.8819 1.42, 0.0 1.8819 1.5095, 2.3032 1.8819 1.5095, 2.3346 1.8819 1.5059, -2.4378 1.8819 1.4062, -2.4239 1.8819 1.4398, -2.3032 1.8819 1.3701, -2.4018 1.8819 1.4687, -2.3729 1.8819 1.4908, -2.3392 1.8819 1.5048, -2.4018 1.8819 1.2715, -2.4239 1.8819 1.3004, -2.3729 1.8819 1.2493, -2.4378 1.8819 1.334, -2.4426 1.8819 1.3701, 0.0 1.8819 1.2306, -2.3032 1.8819 1.2306, -2.3392 1.8819 1.2354, 2.3032 1.8819 1.2306, -2.3032 1.8819 1.5095, 2.4333 1.8819 3.5067, 2.4416 1.8819 3.4737, 2.3032 1.8819 3.4567, 2.4416 1.8819 3.4397, 2.4333 1.8819 3.4067, 2.4174 1.8819 3.3767, 2.3947 1.8819 3.3515, 2.3665 1.8819 3.3325, 2.3346 1.8819 3.3208, 2.3665 1.8819 3.5809, 2.3947 1.8819 3.5619, 2.4174 1.8819 3.5367, 0.0 1.8819 3.5961, 2.3032 1.8819 3.5961, 2.3346 1.8819 3.5926, -2.4239 1.8819 3.5264, -2.3032 1.8819 3.4567, -2.4378 1.8819 3.4928, -2.4426 1.8819 3.4567, -2.4018 1.8819 3.5553, -2.3729 1.8819 3.5775, -2.3392 1.8819 3.5914, -2.3729 1.8819 3.3359, -2.4018 1.8819 3.3581, -2.4239 1.8819 3.387, -2.4378 1.8819 3.4206, 0.0 1.8819 3.3172, -2.3032 1.8819 3.3172, -2.3392 1.8819 3.322, 2.3032 1.8819 3.3172, -2.3032 1.8819 3.5961
            ]
        }
        coordIndex [
            0,1,2,-1,2,1,3,-1,2,3,4,-1,4,5,2,-1,2,5,6,-1,2,6,7,-1,8,9,2,-1,9,10,2,-1,2,10,11,-1,2,11,0,-1,12,13,2,-1,2,13,14,-1,2,14,8,-1,15,16,17,-1,16,18,17,-1,17,18,19,-1,17,19,20,-1,21,22,17,-1,21,17,23,-1,22,24,17,-1,17,24,25,-1,17,25,15,-1,26,27,17,-1,17,27,28,-1,17,28,23,-1,7,29,2,-1,2,29,26,-1,2,26,12,-1,12,26,17,-1,12,17,30,-1,30,17,20,-1,31,32,33,-1,32,34,33,-1,33,34,35,-1,33,35,36,-1,36,37,33,-1,33,37,38,-1,33,38,39,-1,40,41,33,-1,33,41,42,-1,33,42,31,-1,43,44,33,-1,33,44,45,-1,33,45,40,-1,46,47,48,-1,48,47,49,-1,46,50,47,-1,47,50,51,-1,47,51,52,-1,47,53,54,-1,54,55,47,-1,47,55,56,-1,47,56,49,-1,57,58,47,-1,47,58,59,-1,47,59,53,-1,39,60,33,-1,33,60,57,-1,33,57,43,-1,43,57,47,-1,43,47,61,-1,61,47,52,-1,
        ]
    }
}
Shape{
    appearance Appearance {
        material  Material 	{
            diffuseColor 0.0 0.0 0.0
            specularColor 0.0 0.0 0.0
            ambientIntensity 0.0
            transparency 0.0
            shininess 0.5
        }
    }
    geometry IndexedFaceSet {
        ccw TRUE
        solid FALSE
        coord DEF co Coordinate {
            point [
                -0.293 1.7839 2.6805, -0.2954 1.7839 2.6792, -0.2956 1.7839 2.7062, -0.1827 1.7839 2.5642, -0.1762 1.7839 2.5795, -0.148 1.7839 2.5786, -0.1757 1.7839 2.6372, -0.1825 1.7839 2.6542, -0.1598 1.7839 2.6668, -0.1745 1.7839 2.6857, -0.1451 1.7839 2.6082, -0.2727 1.7839 2.6883, -0.1503 1.7839 2.6449, -0.1453 1.7839 2.6155, -0.1722 1.7839 2.6095, -0.1724 1.7839 2.6019, -0.1922 1.7839 2.668, -0.1936 1.7839 2.6695, -0.1792 1.7839 2.6901, -0.2058 1.7839 2.6797, -0.198 1.7839 2.7032, -0.2483 1.7839 2.7147, -0.2483 1.7839 2.6914, -0.251 1.7839 2.7147, -0.2751 1.7839 2.7123, -0.2943 1.7839 2.5191, -0.2945 1.7839 2.5439, -0.2892 1.7839 2.5166, -0.2748 1.7839 2.5352, -0.2673 1.7839 2.5101, -0.2534 1.7839 2.5312, -0.2388 1.7839 2.5078, -0.2427 1.7839 2.5308, -0.2257 1.7839 2.5086, -0.2251 1.7839 2.5328, -0.2051 1.7839 2.5131, -0.2104 1.7839 2.538, -0.1863 1.7839 2.5221, -0.1979 1.7839 2.5461, -0.1702 1.7839 2.5356, -0.1914 1.7839 2.5523, -0.1668 1.7839 2.5396, -0.1555 1.7839 2.5572, -0.219 1.7839 2.7113, -0.2216 1.7839 2.6874, -0.2382 1.7839 2.6909, -0.0284 1.7839 2.1951, -0.136 1.7839 2.1944, -0.1362 1.7839 2.2172, -0.0544 1.7839 2.2178, -0.0549 1.7839 2.2851, -0.0298 1.7839 2.3953, -0.1327 1.7839 2.3715, -0.1329 1.7839 2.3946, -0.0555 1.7839 2.3721, -0.055 1.7839 2.308, -0.1266 1.7839 2.3075, -0.1264 1.7839 2.2846, -0.2498 1.7839 2.1936, -0.2749 1.7839 2.1934, -0.25 1.7839 2.2157, -0.2756 1.7839 2.2854, -0.1872 1.7839 2.2438, -0.1893 1.7839 2.2484, -0.1706 1.7839 2.2622, -0.1781 1.7839 2.2687, -0.1974 1.7839 2.2558, -0.2035 1.7839 2.2583, -0.2505 1.7839 2.2844, -0.2168 1.7839 2.261, -0.2503 1.7839 2.2653, -0.2502 1.7839 2.2516, -0.1749 1.7839 2.327, -0.1748 1.7839 2.3027, -0.18 1.7839 2.3299, -0.1895 1.7839 2.3122, -0.1987 1.7839 2.337, -0.2053 1.7839 2.3179, -0.2243 1.7839 2.34, -0.2218 1.7839 2.3196, -0.2384 1.7839 2.3387, -0.2299 1.7839 2.3188, -0.2504 1.7839 2.335, -0.2356 1.7839 2.3168, -0.2586 1.7839 2.3301, -0.2401 1.7839 2.314, -0.2649 1.7839 2.3239, -0.244 1.7839 2.3099, -0.2699 1.7839 2.3158, -0.2457 1.7839 2.3074, -0.2736 1.7839 2.3052, -0.2486 1.7839 2.3005, -0.2504 1.7839 2.2891, -0.1925 1.7839 2.2524, -0.1932 1.7839 2.253, -0.1884 1.7839 2.274, -0.2081 1.7839 2.2788, -0.1879 1.7839 2.2241, -0.1689 1.7839 2.2057, -0.1908 1.7839 2.2198, -0.1724 1.7839 2.202, -0.1929 1.7839 2.2176, -0.1805 1.7839 2.1962, -0.1977 1.7839 2.2142, -0.1896 1.7839 2.1926, -0.2031 1.7839 2.2121, -0.2033 1.7839 2.1905, -0.2112 1.7839 2.211, -0.2053 1.7839 2.1905, -0.212 1.7839 2.211, -0.2197 1.7839 2.1922, -0.2212 1.7839 2.212, -0.2296 1.7839 2.196, -0.2289 1.7839 2.2147, -0.2347 1.7839 2.1992, -0.2361 1.7839 2.2195, -0.243 1.7839 2.2068, -0.2393 1.7839 2.2225, -0.2493 1.7839 2.2157, -0.2448 1.7839 2.2298, -0.2485 1.7839 2.2386, -0.2501 1.7839 2.2483, -0.1655 1.7839 2.255, -0.1621 1.7839 2.2464, -0.1859 1.7839 2.2371, -0.1603 1.7839 2.2338, -0.1857 1.7839 2.2343, -0.1603 1.7839 2.2325, -0.1863 1.7839 2.2287, -0.1614 1.7839 2.2212, -0.1644 1.7839 2.2127, -0.4892 1.7839 2.2214, -0.4878 1.7839 2.2156, -0.4907 1.7839 2.1703, -0.5567 1.7839 2.3344, -0.5307 1.7839 2.3345, -0.4909 1.7839 2.2272, -0.4475 1.7839 2.3351, -0.4195 1.7839 2.3353, -0.4841 1.7839 2.2274, -0.4746 1.7839 2.1923, -0.4871 1.7839 2.2156, -0.4233 1.7839 2.1493, -0.4232 1.7839 2.127, -0.4288 1.7839 2.1475, -0.4312 1.7839 2.1254, -0.4375 1.7839 2.1464, -0.4393 1.7839 2.1249, -0.4434 1.7839 2.147, -0.4495 1.7839 2.126, -0.449 1.7839 2.149, -0.4586 1.7839 2.1293, -0.4536 1.7839 2.1521, -0.4671 1.7839 2.1348, -0.4587 1.7839 2.1577, -0.4761 1.7839 2.1441, -0.4634 1.7839 2.1664, -0.4874 1.7839 2.1627
            ]
        }
        coordIndex [
            0,1,2,-1,3,4,5,-1,6,7,8,-1,8,7,9,-1,5,4,10,-1,0,2,11,-1,8,12,6,-1,6,12,13,-1,6,13,14,-1,14,13,10,-1,14,10,15,-1,15,10,4,-1,7,16,9,-1,9,16,17,-1,9,17,18,-1,18,17,19,-1,18,19,20,-1,21,22,23,-1,23,22,11,-1,23,11,24,-1,24,11,2,-1,25,26,27,-1,27,26,28,-1,27,28,29,-1,29,28,30,-1,29,30,31,-1,31,30,32,-1,31,32,33,-1,33,32,34,-1,33,34,35,-1,35,34,36,-1,35,36,37,-1,37,36,38,-1,37,38,39,-1,39,38,40,-1,39,40,41,-1,41,40,3,-1,41,3,42,-1,42,3,5,-1,20,19,43,-1,43,19,44,-1,43,44,21,-1,21,44,45,-1,21,45,22,-1,46,47,48,-1,48,49,46,-1,46,49,50,-1,46,50,51,-1,52,53,54,-1,54,53,51,-1,54,51,55,-1,55,51,50,-1,55,50,56,-1,56,50,57,-1,58,59,60,-1,60,59,61,-1,62,63,64,-1,64,63,65,-1,66,67,68,-1,68,67,69,-1,68,69,61,-1,61,69,70,-1,61,70,71,-1,72,73,74,-1,74,73,75,-1,74,75,76,-1,76,75,77,-1,76,77,78,-1,78,77,79,-1,78,79,80,-1,80,79,81,-1,80,81,82,-1,82,81,83,-1,82,83,84,-1,84,83,85,-1,84,85,86,-1,86,85,87,-1,86,87,88,-1,88,87,89,-1,88,89,90,-1,90,89,91,-1,90,91,61,-1,61,91,92,-1,61,92,68,-1,63,93,65,-1,65,93,94,-1,65,94,95,-1,95,94,66,-1,95,66,96,-1,96,66,68,-1,97,98,99,-1,99,98,100,-1,99,100,101,-1,101,100,102,-1,101,102,103,-1,103,102,104,-1,103,104,105,-1,105,104,106,-1,105,106,107,-1,107,106,108,-1,107,108,109,-1,109,108,110,-1,109,110,111,-1,111,110,112,-1,111,112,113,-1,113,112,114,-1,113,114,115,-1,115,114,116,-1,115,116,117,-1,117,116,118,-1,117,118,119,-1,119,118,60,-1,119,60,120,-1,120,60,61,-1,120,61,121,-1,121,61,71,-1,64,122,62,-1,62,122,123,-1,62,123,124,-1,124,123,125,-1,124,125,126,-1,126,125,127,-1,126,127,128,-1,128,127,129,-1,128,129,97,-1,97,129,130,-1,97,130,98,-1,131,132,133,-1,134,135,133,-1,133,135,136,-1,133,136,131,-1,137,138,139,-1,139,138,140,-1,139,140,141,-1,142,143,144,-1,144,143,145,-1,144,145,146,-1,146,145,147,-1,146,147,148,-1,148,147,149,-1,148,149,150,-1,150,149,151,-1,150,151,152,-1,152,151,153,-1,152,153,154,-1,154,153,155,-1,154,155,156,-1,156,155,157,-1,156,157,140,-1,140,157,133,-1,140,133,141,-1,141,133,132,-1,
        ]
    }
}
Shape{
    appearance Appearance {
        material  Material 	{
            diffuseColor 0.8509803921568627 0.8509803921568627 0.8509803921568627
            specularColor 0.4235294117647059 0.4235294117647059 0.4235294117647059
            ambientIntensity 0.851
            transparency 0.0
            shininess 0.5
        }
    }
    geometry IndexedFaceSet {
        ccw TRUE
        solid FALSE
        coord DEF co Coordinate {
            point [
                -3.2008 0.7598 0.8976, -3.2008 0.7598 1.8425, -3.1614 0.7598 1.8425, -3.1614 0.7598 0.8976, -3.122 0.7598 1.8425, -3.122 0.7598 0.8976, -3.1614 1.311 0.8976, -3.2008 1.311 0.8976, -3.2008 1.1043 0.8976, -3.122 1.0354 0.8976, -3.122 1.311 0.8976, -3.122 1.1079 0.8976, -3.2008 1.0354 0.8976, -3.122 1.311 1.8425, -3.1614 1.311 1.8425, -3.2008 1.311 1.8425, -3.2008 1.0354 1.8425, -3.2008 1.1043 1.8425, -3.122 1.0354 1.8425, -3.122 1.1079 1.8425, -3.122 0.5236 0.6344, -3.122 0.5236 2.315, -3.1614 0.5236 2.315, -3.1614 0.5236 0.6344, -3.2008 0.5236 2.315, -3.2008 0.5236 0.6344, -3.122 0.6125 2.4294, -3.122 0.6417 2.4331, -3.2008 0.6417 2.4331, -3.2008 0.5255 2.3357, -3.2008 0.6125 2.4294, -3.2008 0.5866 2.4194, -3.122 0.5866 2.4194, -3.2008 0.5619 2.402, -3.122 0.5619 2.402, -3.2008 0.5482 2.3871, -3.122 0.5482 2.3871, -3.2008 0.5336 2.3625, -3.122 0.5336 2.3625, -3.122 0.5255 2.3357, -3.2008 0.5827 0.4252, -3.2008 0.5236 0.4843, -3.2008 0.5547 0.4044, -3.2008 0.5373 0.4292, -3.2008 0.5273 0.455, -3.2008 0.621 0.368, -3.2008 0.5942 0.3761, -3.2008 0.5696 0.3908, -3.2008 0.6417 0.3661, -3.2008 1.1043 0.3661, -3.2008 1.1043 0.6344, -3.2008 1.2126 0.3661, -3.2008 1.685 0.6344, -3.2008 1.685 0.3661, -3.1614 0.5236 0.4843, -3.122 0.5236 0.4843, -3.122 0.5273 0.455, -3.122 0.5373 0.4292, -3.122 0.5547 0.4044, -3.122 0.5696 0.3908, -3.122 0.5942 0.3761, -3.122 0.621 0.368, -3.122 0.6417 0.3661, -3.122 0.5827 0.4252, -3.122 1.6851 0.3661, -3.122 1.6851 0.6344, -3.122 1.2126 0.3661, -3.122 1.1079 0.6344, -3.122 1.1079 0.3661, -3.122 1.1079 0.6344, -2.4378 1.8032 3.4928, -2.4426 1.8032 3.4567, -2.3031 1.8032 3.4567, 2.4416 1.8032 3.4399, 2.4416 1.8032 3.4735, 2.3188 1.8032 3.4548, 2.4335 1.8032 3.5061, 2.4179 1.8032 3.5359, 2.3956 1.8032 3.5611, 2.368 1.8032 3.5802, 2.3365 1.8032 3.5921, 2.3365 1.8032 3.3213, 2.3367 1.8032 3.3214, 2.368 1.8032 3.3332, 2.3956 1.8032 3.3523, 2.4179 1.8032 3.3775, 2.4335 1.8032 3.4072, 2.3344 1.8032 3.5924, 2.3031 1.8032 3.5961, 0.0 1.8032 3.5961, 2.3031 1.8032 3.3172, 0.0 1.8032 3.3172, -2.3031 1.8032 3.3172, -2.4378 1.8032 3.4206, -2.4239 1.8032 3.387, -2.4018 1.8032 3.3581, -2.3729 1.8032 3.3359, -2.3392 1.8032 3.322, -2.3031 1.8032 3.5961, -2.3392 1.8032 3.5914, -2.3729 1.8032 3.5775, -2.4018 1.8032 3.5553, -2.4239 1.8032 3.5264, 2.4426 1.8032 1.3701, 2.4378 1.8032 1.4062, 2.3031 1.8032 1.3701, 2.4239 1.8032 1.4398, 2.4018 1.8032 1.4687, 2.3729 1.8032 1.4908, 2.3392 1.8032 1.5048, 2.3729 1.8032 1.2493, 2.4018 1.8032 1.2715, 2.4239 1.8032 1.3004, 2.4378 1.8032 1.334, 0.0 1.8032 1.2306, 2.3031 1.8032 1.2306, 2.3392 1.8032 1.2354, -2.4426 1.8032 1.3701, -2.4378 1.8032 1.334, -2.3031 1.8032 1.3701, -2.4239 1.8032 1.3004, -2.4018 1.8032 1.2715, -2.3729 1.8032 1.2493, -2.3392 1.8032 1.2354, -2.3729 1.8032 1.4908, -2.4018 1.8032 1.4687, -2.4239 1.8032 1.4398, -2.4378 1.8032 1.4062, 0.0 1.8032 1.5095, -2.3031 1.8032 1.5095, -2.3392 1.8032 1.5048, 2.3031 1.8032 1.5095, -2.3031 1.8032 1.2306, -1.122 1.7047 0.6344, -1.122 1.7047 0.3661, -1.122 1.7441 0.3661, -1.122 1.7441 0.6344, -1.122 1.7835 0.3661, -1.122 1.7835 0.6344, -2.0728 1.7835 0.3661, -3.0236 1.7441 0.3661, -3.0236 1.7835 0.3661, -2.0728 1.7047 0.3661, -3.0236 1.7047 0.3661, 2.0728 1.7835 0.3661, 3.0236 1.7835 0.3661, 3.0236 1.7441 0.3661, 1.122 1.7441 0.3661, 1.122 1.7835 0.3661, 3.0236 1.7047 0.3661, 2.0728 1.7047 0.3661, 1.122 1.7047 0.3661, 1.122 1.7835 0.6344, 1.122 1.7441 0.6344, 1.122 1.7047 0.6344, 3.2008 1.685 0.6344, 3.2008 1.685 0.3661, 3.1977 1.7094 0.3661, 3.1977 1.7094 0.6344, 3.1894 1.7309 0.3661, 3.1894 1.7309 0.6344, 3.1749 1.7516 0.3661, 3.1749 1.7516 0.6344, 3.1624 1.763 0.3661, 3.1624 1.763 0.6344, 3.1418 1.7752 0.3661, 3.1418 1.7752 0.6344, 3.1195 1.782 0.3661, 3.1195 1.782 0.6344, 3.1024 1.7835 0.3661, 3.1024 1.7835 0.6344, 3.2008 1.0354 1.8425, 3.2008 1.1043 1.8425, 3.2008 1.1043 2.4331, 3.2008 1.1788 2.4331, 3.2008 1.685 2.4331, 3.2008 1.311 1.8425, 3.2008 1.311 0.8976, 3.2008 1.1043 0.6344, 3.2008 0.7598 1.8425, 3.2008 0.5236 2.315, 3.2008 0.7598 0.8976, 3.2008 0.5236 0.6344, 3.2008 1.0354 0.8976, 3.2008 1.1043 0.8976, 3.2008 0.6417 2.4331, 3.2008 0.621 2.4312, 3.2008 0.5942 2.4231, 3.2008 0.5696 2.4085, 3.2008 0.5547 2.3948, 3.2008 0.5373 2.3701, 3.2008 0.5273 2.3442, 3.1267 1.7007 2.4348, 3.1277 1.6992 2.4342, 3.1363 1.704 2.4342, 3.1246 1.7036 2.4365, 3.1257 1.7022 2.4356, 3.1337 1.7081 2.4356, 3.1569 1.7069 2.4334, 3.1977 1.7095 2.4331, 3.1956 1.7166 2.4332, 3.1196 1.6945 2.4342, 3.1199 1.6939 2.4339, 3.1285 1.6975 2.4337, 3.1201 1.6935 2.4338, 3.1206 1.6923 2.4334, 3.1189 1.6956 2.4349, 3.1182 1.6967 2.4356, 3.1171 1.6981 2.4371, 3.1175 1.6976 2.4366, 3.1208 1.7005 2.4365, 3.1181 1.6969 2.4358, 3.1168 1.6984 2.4374, 3.1189 1.7025 2.4387, 3.1159 1.6993 2.4388, 3.1178 1.7035 2.44, 3.115 1.7 2.4401, 3.1136 1.7011 2.4425, 3.1157 1.7051 2.443, 3.1133 1.7013 2.4431, 3.1135 1.7063 2.4465, 3.1106 1.7029 2.4484, 3.1114 1.7073 2.4504, 3.1099 1.7031 2.4504, 3.1094 1.7033 2.452, 3.1109 1.7128 2.4547, 3.1088 1.7134 2.4593, 3.1085 1.7036 2.4548, 3.107 1.704 2.4594, 3.1057 1.7044 2.4633, 3.1069 1.7138 2.4643, 3.1056 1.7045 2.4643, 3.1063 1.7238 2.4696, 3.1043 1.7046 2.4751, 3.105 1.7045 2.4697, 3.105 1.7045 2.4696, 3.1037 1.7046 2.4807, 3.104 1.7046 2.4779, 3.1039 1.724 2.4778, 3.1046 1.724 2.475, 3.1536 1.7136 2.4342, 3.1375 1.7018 2.4337, 3.1385 1.6995 2.4334, 3.1207 1.6923 2.4333, 3.1214 1.6899 2.4331, 3.1235 1.7049 2.4376, 3.1199 1.7015 2.4376, 3.1497 1.7199 2.4356, 3.1451 1.7254 2.4376, 3.1933 1.7214 2.4335, 3.1889 1.7307 2.4342, 3.1879 1.7328 2.4343, 3.1857 1.7374 2.4347, 3.1416 1.7747 2.4497, 3.132 1.7578 2.4504, 3.1388 1.7546 2.4465, 3.1133 1.7119 2.4504, 3.1158 1.7107 2.4465, 3.1184 1.7092 2.443, 3.1197 1.7083 2.4415, 3.1141 1.7008 2.4415, 3.1141 1.7008 2.4415, 3.162 1.7625 2.4413, 3.1567 1.7667 2.4431, 3.1459 1.7504 2.443, 3.1537 1.769 2.4441, 3.148 1.7717 2.4468, 3.121 1.7073 2.44, 3.1223 1.7062 2.4387, 3.1307 1.7118 2.4376, 3.1274 1.7149 2.44, 3.1401 1.7301 2.44, 3.1257 1.7162 2.4415, 3.1812 1.743 2.4358, 3.1745 1.7513 2.4374, 3.1737 1.7523 2.4376, 3.1714 1.7552 2.4382, 3.1256 1.7602 2.4547, 3.1242 1.7807 2.4596, 3.1197 1.7617 2.4593, 3.1195 1.7819 2.4627, 3.1146 1.7627 2.4643, 3.1394 1.7758 2.4507, 3.1346 1.7781 2.4529, 3.1315 1.7788 2.4549, 3.1083 1.7435 2.4695, 3.11 1.7333 2.4643, 3.1115 1.7431 2.4643, 3.1132 1.7327 2.4593, 3.1154 1.7424 2.4593, 3.1168 1.7317 2.4547, 3.1197 1.7412 2.4547, 3.1208 1.7303 2.4504, 3.1245 1.7395 2.4504, 3.125 1.7283 2.4465, 3.1296 1.7371 2.4465, 3.1294 1.7257 2.443, 3.1349 1.7339 2.443, 3.1375 1.7321 2.4415, 3.1653 1.76 2.4402, 3.1239 1.7174 2.443, 3.1204 1.7195 2.4465, 3.117 1.7211 2.4504, 3.1139 1.7223 2.4547, 3.111 1.7231 2.4593, 3.1024 1.7835 2.4921, 3.1024 1.7047 2.4921, 3.1027 1.7438 2.4863, 3.103 1.7047 2.4864, 3.1032 1.7438 2.4835, 3.1039 1.7438 2.4806, 3.1047 1.7438 2.4778, 3.1194 1.782 2.4628, 3.1124 1.7829 2.4697, 3.1103 1.7633 2.4695, 3.1108 1.7831 2.4712, 3.1084 1.7634 2.4722, 3.1081 1.7833 2.4751, 3.1068 1.7635 2.475, 3.1063 1.7834 2.4778, 3.1055 1.7636 2.4778, 3.1059 1.7834 2.4783, 3.105 1.7834 2.4807, 3.1069 1.7437 2.4722, 3.1057 1.7438 2.475, 3.1073 1.7337 2.4695, 3.1085 1.7236 2.4643, 3.1033 1.7835 2.4851, 3.1031 1.7835 2.4864, 3.122 0.6417 2.4331, 3.122 1.1043 2.4331, 3.122 1.1788 2.4331, 3.122 1.685 2.4331, 3.1215 1.6896 2.4331, 3.1977 1.7094 2.4331, 3.122 0.5236 2.315, 3.122 0.5273 2.3442, 3.122 0.7598 1.8425, 3.122 0.5373 2.3701, 3.122 0.5547 2.3948, 3.122 0.5696 2.4085, 3.122 0.5942 2.4231, 3.122 0.5236 0.6344, 3.122 0.7598 0.8976, 3.122 1.1043 0.6344, 3.122 1.0354 0.8976, 3.122 1.1043 0.8976, 3.122 1.685 0.6344, 3.122 1.311 0.8976, 3.122 1.311 1.8425, 3.122 1.1043 1.8425, 3.122 1.0354 1.8425, 3.122 0.621 2.4312, 3.1024 1.7047 0.6344, 3.1024 1.7047 0.3661, 3.105 1.7046 0.3661, 3.105 1.7046 0.6344, 3.1095 1.7034 0.3661, 3.1095 1.7034 0.6344, 3.1137 1.7012 0.3661, 3.1137 1.7012 0.6344, 3.1171 1.6981 0.3661, 3.1171 1.6981 0.6344, 3.1199 1.694 0.3661, 3.1199 1.694 0.6344, 3.1215 1.6896 0.3661, 3.1215 1.6896 0.6344, 3.122 1.685 0.3661, 3.063 1.7835 0.3661, 3.2008 0.6417 0.3661, 3.122 0.6417 0.3661, 3.2008 1.1043 0.3661, 3.122 1.1043 0.3661, 3.2008 1.2126 0.3661, 3.122 1.2126 0.3661, 3.063 1.7047 0.3661, -3.2008 1.1043 2.4331, -3.122 1.1079 2.4331, -3.2008 1.1649 2.4331, -3.122 1.1649 2.4331, -3.2008 1.685 2.4331, -3.122 1.6851 2.4331, -3.2007 1.6881 2.4331, -3.1977 1.7094 0.6344, -3.1977 1.7094 0.3661, -3.1894 1.7309 0.6344, -3.1894 1.7309 0.3661, -3.1749 1.7516 0.6344, -3.1749 1.7516 0.3661, -3.1624 1.763 0.6344, -3.1624 1.763 0.3661, -3.1418 1.7752 0.6344, -3.1418 1.7752 0.3661, -3.1195 1.782 0.6344, -3.1195 1.782 0.3661, -3.1024 1.7835 0.6344, -3.1024 1.7835 0.3661
            ]
        }
        coordIndex [
            0,1,2,-1,0,2,3,-1,3,2,4,-1,3,4,5,-1,6,7,8,-1,3,5,9,-1,10,6,11,-1,11,6,8,-1,11,8,9,-1,9,8,12,-1,9,12,3,-1,3,12,0,-1,10,13,14,-1,10,14,6,-1,6,14,15,-1,6,15,7,-1,2,1,16,-1,13,16,14,-1,14,16,17,-1,14,17,15,-1,4,2,18,-1,18,2,16,-1,18,16,19,-1,19,16,13,-1,20,21,22,-1,20,22,23,-1,23,22,24,-1,23,24,25,-1,26,27,28,-1,29,24,22,-1,28,30,26,-1,26,30,31,-1,26,31,32,-1,32,31,33,-1,32,33,34,-1,34,33,35,-1,34,35,36,-1,36,35,37,-1,36,37,38,-1,38,37,29,-1,38,29,39,-1,39,29,22,-1,39,22,21,-1,40,41,25,-1,42,43,40,-1,40,43,44,-1,40,44,41,-1,45,46,40,-1,40,46,47,-1,40,47,42,-1,45,40,48,-1,48,40,25,-1,48,25,49,-1,49,25,50,-1,49,50,51,-1,51,50,52,-1,51,52,53,-1,54,41,44,-1,54,44,55,-1,55,44,56,-1,56,44,43,-1,56,43,57,-1,57,43,42,-1,57,42,58,-1,58,42,47,-1,58,47,59,-1,59,47,46,-1,59,46,60,-1,60,46,45,-1,60,45,61,-1,61,45,48,-1,61,48,62,-1,59,60,63,-1,63,60,61,-1,63,61,62,-1,56,57,63,-1,63,57,58,-1,63,58,59,-1,64,65,66,-1,66,65,67,-1,66,67,68,-1,68,67,69,-1,68,69,62,-1,62,69,20,-1,62,20,63,-1,63,20,55,-1,63,55,56,-1,70,71,72,-1,73,74,75,-1,75,74,76,-1,75,76,77,-1,77,78,75,-1,75,78,79,-1,75,79,80,-1,81,82,75,-1,75,82,83,-1,75,83,84,-1,84,85,75,-1,75,85,86,-1,75,86,73,-1,80,87,75,-1,75,87,88,-1,75,88,89,-1,81,75,90,-1,90,75,89,-1,90,89,91,-1,91,89,72,-1,91,72,92,-1,71,93,72,-1,72,93,94,-1,72,94,95,-1,95,96,72,-1,72,96,97,-1,72,97,92,-1,89,98,72,-1,72,98,99,-1,72,99,100,-1,100,101,72,-1,72,101,102,-1,72,102,70,-1,103,104,105,-1,105,104,106,-1,106,107,105,-1,105,107,108,-1,105,108,109,-1,110,111,105,-1,111,112,105,-1,105,112,113,-1,105,113,103,-1,114,115,105,-1,105,115,116,-1,105,116,110,-1,117,118,119,-1,119,118,120,-1,120,121,119,-1,119,121,122,-1,119,122,123,-1,124,125,119,-1,125,126,119,-1,119,126,127,-1,119,127,117,-1,128,129,119,-1,119,129,130,-1,119,130,124,-1,109,131,105,-1,105,131,128,-1,105,128,114,-1,114,128,119,-1,114,119,132,-1,132,119,123,-1,133,134,135,-1,133,135,136,-1,136,135,137,-1,136,137,138,-1,139,137,135,-1,140,141,139,-1,135,134,142,-1,139,135,140,-1,140,135,142,-1,140,142,143,-1,144,145,146,-1,147,148,144,-1,146,149,150,-1,144,146,147,-1,147,146,150,-1,147,150,151,-1,152,148,147,-1,152,147,153,-1,153,147,151,-1,153,151,154,-1,155,156,157,-1,155,157,158,-1,158,157,159,-1,158,159,160,-1,160,159,161,-1,160,161,162,-1,162,161,163,-1,162,163,164,-1,164,163,165,-1,164,165,166,-1,166,165,167,-1,166,167,168,-1,168,167,169,-1,168,169,170,-1,171,172,173,-1,173,172,174,-1,174,172,175,-1,175,172,176,-1,175,176,155,-1,155,176,177,-1,155,177,178,-1,179,180,181,-1,181,180,182,-1,181,182,183,-1,183,182,178,-1,183,178,184,-1,184,178,177,-1,171,173,179,-1,179,173,185,-1,179,185,186,-1,186,187,179,-1,179,187,188,-1,179,188,189,-1,189,190,179,-1,179,190,191,-1,179,191,180,-1,192,193,194,-1,195,196,197,-1,198,199,200,-1,201,202,203,-1,203,202,204,-1,203,204,205,-1,192,206,201,-1,196,207,206,-1,208,209,210,-1,210,209,211,-1,212,213,214,-1,214,213,215,-1,214,215,216,-1,217,218,219,-1,219,218,220,-1,219,220,221,-1,221,220,222,-1,221,222,223,-1,223,222,224,-1,225,226,227,-1,227,226,228,-1,229,230,231,-1,231,230,232,-1,233,234,232,-1,232,234,235,-1,232,235,231,-1,236,237,238,-1,238,237,233,-1,238,233,239,-1,192,201,193,-1,193,201,203,-1,193,203,194,-1,240,241,198,-1,198,241,242,-1,198,242,199,-1,199,242,243,-1,199,243,244,-1,245,246,210,-1,206,192,196,-1,196,192,194,-1,196,194,197,-1,197,194,247,-1,197,247,248,-1,200,249,198,-1,198,249,250,-1,198,250,240,-1,240,250,251,-1,240,251,252,-1,252,247,240,-1,240,247,194,-1,240,194,241,-1,241,194,203,-1,241,203,242,-1,242,203,205,-1,242,205,243,-1,253,254,255,-1,227,224,225,-1,225,224,222,-1,225,222,256,-1,256,222,220,-1,256,220,257,-1,257,220,218,-1,257,218,258,-1,258,218,217,-1,258,217,259,-1,259,217,260,-1,259,260,261,-1,262,263,264,-1,264,263,265,-1,264,265,255,-1,255,265,266,-1,255,266,253,-1,261,216,259,-1,259,216,215,-1,259,215,267,-1,267,215,213,-1,246,245,268,-1,268,245,269,-1,268,269,270,-1,270,269,271,-1,270,271,272,-1,252,273,247,-1,247,273,274,-1,247,274,248,-1,248,274,275,-1,248,275,276,-1,276,271,248,-1,248,271,269,-1,248,269,197,-1,197,269,245,-1,197,245,195,-1,195,245,210,-1,195,210,196,-1,196,210,211,-1,196,211,207,-1,277,278,279,-1,279,278,280,-1,279,280,281,-1,253,282,254,-1,254,282,283,-1,254,283,277,-1,277,283,284,-1,277,284,278,-1,285,286,287,-1,287,286,288,-1,287,288,289,-1,289,288,290,-1,289,290,291,-1,291,290,292,-1,291,292,293,-1,293,292,294,-1,293,294,295,-1,295,294,296,-1,295,296,297,-1,297,296,298,-1,276,299,271,-1,271,299,298,-1,271,298,272,-1,272,298,296,-1,272,296,300,-1,300,296,294,-1,300,294,301,-1,301,294,292,-1,301,292,302,-1,302,292,290,-1,302,290,303,-1,303,290,288,-1,303,288,304,-1,304,288,286,-1,305,306,307,-1,307,306,308,-1,307,308,309,-1,309,308,236,-1,309,236,310,-1,310,236,238,-1,310,238,311,-1,311,238,239,-1,280,312,281,-1,281,312,313,-1,281,313,314,-1,314,313,315,-1,314,315,316,-1,316,315,317,-1,316,317,318,-1,318,317,319,-1,318,319,320,-1,320,319,321,-1,320,321,322,-1,323,324,325,-1,325,324,232,-1,325,232,326,-1,326,232,230,-1,326,230,226,-1,226,230,229,-1,226,229,228,-1,208,210,212,-1,212,210,246,-1,212,246,213,-1,213,246,268,-1,213,268,267,-1,267,268,270,-1,267,270,259,-1,259,270,272,-1,259,272,258,-1,258,272,300,-1,258,300,257,-1,257,300,301,-1,257,301,256,-1,256,301,302,-1,256,302,225,-1,225,302,303,-1,225,303,226,-1,226,303,304,-1,226,304,326,-1,326,304,286,-1,326,286,325,-1,325,286,285,-1,325,285,323,-1,299,262,298,-1,298,262,264,-1,298,264,297,-1,297,264,255,-1,297,255,295,-1,295,255,254,-1,295,254,293,-1,293,254,277,-1,293,277,291,-1,291,277,279,-1,291,279,289,-1,289,279,281,-1,289,281,287,-1,287,281,314,-1,287,314,285,-1,285,314,316,-1,285,316,323,-1,323,316,318,-1,323,318,324,-1,324,318,320,-1,233,232,239,-1,239,232,324,-1,239,324,311,-1,311,324,320,-1,311,320,310,-1,310,320,322,-1,310,322,309,-1,309,322,327,-1,309,327,307,-1,307,327,328,-1,307,328,305,-1,329,185,330,-1,330,185,173,-1,330,173,331,-1,331,173,174,-1,331,174,332,-1,332,174,175,-1,332,175,333,-1,333,175,334,-1,333,334,244,-1,244,334,199,-1,335,336,337,-1,337,336,338,-1,338,339,337,-1,337,339,340,-1,337,340,341,-1,335,337,342,-1,342,337,343,-1,342,343,344,-1,343,345,344,-1,344,345,346,-1,344,346,347,-1,347,346,348,-1,347,348,332,-1,332,348,349,-1,332,349,331,-1,331,349,350,-1,331,350,330,-1,330,350,351,-1,330,351,329,-1,329,351,337,-1,329,337,352,-1,352,337,341,-1,353,354,355,-1,353,355,356,-1,356,355,357,-1,356,357,358,-1,358,357,359,-1,358,359,360,-1,360,359,361,-1,360,361,362,-1,362,361,363,-1,362,363,364,-1,364,363,365,-1,364,365,366,-1,366,365,367,-1,366,367,347,-1,146,145,368,-1,369,370,371,-1,371,370,372,-1,371,372,373,-1,373,372,374,-1,373,374,156,-1,156,374,367,-1,156,367,157,-1,157,367,365,-1,157,365,159,-1,159,365,363,-1,159,363,161,-1,161,363,361,-1,161,361,163,-1,163,361,359,-1,163,359,165,-1,165,359,357,-1,165,357,167,-1,167,357,355,-1,167,355,169,-1,169,355,354,-1,169,354,368,-1,368,354,375,-1,368,375,146,-1,146,375,149,-1,28,27,376,-1,376,27,377,-1,376,377,378,-1,378,377,379,-1,378,379,380,-1,380,379,381,-1,380,381,382,-1,24,29,1,-1,1,29,37,-1,37,35,1,-1,1,35,33,-1,1,33,31,-1,24,1,25,-1,25,1,0,-1,25,0,50,-1,0,12,50,-1,50,12,8,-1,50,8,52,-1,52,8,7,-1,52,7,380,-1,380,7,15,-1,380,15,378,-1,378,15,17,-1,378,17,376,-1,376,17,16,-1,376,16,28,-1,28,16,1,-1,28,1,30,-1,30,1,31,-1,53,52,383,-1,53,383,384,-1,384,383,385,-1,384,385,386,-1,386,385,387,-1,386,387,388,-1,388,387,389,-1,388,389,390,-1,390,389,391,-1,390,391,392,-1,392,391,393,-1,392,393,394,-1,394,393,395,-1,394,395,396,-1,
        ]
    }
}
Shape{
    appearance Appearance {
        material  Material 	{
            diffuseColor 0.0 0.0 0.0
            specularColor 0.0 0.0 0.0
            ambientIntensity 0.0
            transparency 0.0
            shininess 0.5
        }
    }
    geometry IndexedFaceSet {
        ccw TRUE
        solid FALSE
        coord DEF co Coordinate {
            point [
                0.1878 1.7839 2.26, 0.1878 1.7835 2.26, 0.1592 1.7835 2.2993, 0.1592 1.7839 2.2993, 0.141 1.7835 2.3444, 0.141 1.7839 2.3444, 0.1341 1.7835 2.3948, 0.1341 1.7839 2.3948, 0.1404 1.7835 2.4414, 0.1404 1.7839 2.4414, 0.1579 1.7835 2.4859, 0.1579 1.7839 2.4859, 0.187 1.7835 2.5265, 0.187 1.7839 2.5265, 0.2254 1.7835 2.5591, 0.2254 1.7839 2.5591, 0.2677 1.7835 2.5802, 0.2677 1.7839 2.5802, 0.2737 1.7835 2.5823, 0.2737 1.7839 2.5823, 0.2996 1.7835 2.6351, 0.2996 1.7839 2.6351, 0.3498 1.7835 2.6953, 0.3498 1.7839 2.6953, 0.4031 1.7835 2.7331, 0.4031 1.7839 2.7331, 0.4736 1.7835 2.7615, 0.4736 1.7839 2.7615, 0.5428 1.7835 2.7706, 0.5428 1.7839 2.7706, 0.6057 1.7835 2.7642, 0.6057 1.7839 2.7642, 0.6729 1.7835 2.7407, 0.6729 1.7839 2.7407, 0.714 1.7835 2.7163, 0.714 1.7839 2.7163, 0.777 1.7835 2.6542, 0.777 1.7839 2.6542, 0.7479 1.7839 2.6877, 0.7445 1.7835 2.6905, 0.7479 1.7835 2.6877, 0.7934 1.7835 2.6562, 0.7934 1.7839 2.6562, 0.8098 1.7835 2.6572, 0.8098 1.7839 2.6572, 0.8652 1.7835 2.6509, 0.8652 1.7839 2.6509, 0.9181 1.7835 2.6309, 0.9181 1.7839 2.6309, 0.9637 1.7835 2.5996, 0.9637 1.7839 2.5996, 0.9739 1.7835 2.5901, 0.9739 1.7839 2.5901, 1.0082 1.7835 2.5469, 1.0082 1.7839 2.5469, 1.0313 1.7835 2.496, 1.0313 1.7839 2.496, 1.0414 1.7835 2.4426, 1.0414 1.7839 2.4426, 1.0419 1.7835 2.4283, 1.0419 1.7839 2.4283, 1.0356 1.7835 2.3734, 1.0356 1.7839 2.3734, 1.0159 1.7835 2.3204, 1.0159 1.7839 2.3204, 0.9833 1.7835 2.2728, 0.9833 1.7839 2.2728, 0.9395 1.7835 2.2348, 0.9395 1.7839 2.2348, 0.8876 1.7835 2.2091, 0.8876 1.7839 2.2091, 0.8699 1.7835 2.2037, 0.8699 1.7839 2.2037, 0.7354 1.7835 2.1059, 0.7354 1.7839 2.1059, 0.7406 1.7839 2.106, 0.8558 1.7835 2.1729, 0.8558 1.7839 2.1729, 0.8344 1.7835 2.1463, 0.8344 1.7839 2.1463, 0.8065 1.7835 2.1252, 0.8065 1.7839 2.1252, 0.7742 1.7835 2.1115, 0.7742 1.7839 2.1115, 0.7445 1.7835 2.1067, 0.7406 1.7835 2.106, 0.7007 1.7835 2.11, 0.7007 1.7839 2.11, 0.6679 1.7835 2.1225, 0.6679 1.7839 2.1225, 0.6393 1.7835 2.1426, 0.6393 1.7839 2.1426, 0.6219 1.7835 2.1613, 0.6219 1.7839 2.1613, 0.6037 1.7835 2.192, 0.6037 1.7839 2.192, 0.5938 1.7835 2.2259, 0.5938 1.7839 2.2259, 0.5921 1.7835 2.2472, 0.5921 1.7839 2.2472, 0.592 1.7839 2.2615, 0.592 1.7835 2.2615, 0.392 1.7839 2.3654, 0.392 1.7835 2.3654, 0.4355 1.7839 2.4411, 0.4355 1.7835 2.4411, 0.627 1.7839 2.3428, 0.627 1.7835 2.3428, 0.6517 1.7835 2.3656, 0.6517 1.7839 2.3656, 0.6813 1.7835 2.3818, 0.6813 1.7839 2.3818, 0.7148 1.7835 2.3906, 0.7148 1.7839 2.3906, 0.7334 1.7835 2.392, 0.7334 1.7839 2.392, 0.7445 1.7835 2.3907, 0.7675 1.7839 2.388, 0.7675 1.7835 2.388, 0.8 1.7835 2.3756, 0.8 1.7839 2.3756, 0.8287 1.7835 2.3557, 0.8287 1.7839 2.3557, 0.8524 1.7835 2.3287, 0.8524 1.7839 2.3287, 0.8678 1.7835 2.299, 0.8678 1.7839 2.299, 0.8987 1.7835 2.3183, 0.8987 1.7839 2.3183, 0.9241 1.7835 2.3449, 0.9241 1.7839 2.3449, 0.9418 1.7835 2.3761, 0.9418 1.7839 2.3761, 0.951 1.7835 2.4104, 0.951 1.7839 2.4104, 0.9523 1.7835 2.4305, 0.9523 1.7839 2.4305, 0.9477 1.7835 2.4652, 0.9477 1.7839 2.4652, 0.9347 1.7835 2.4978, 0.9347 1.7839 2.4978, 0.9142 1.7835 2.5261, 0.9142 1.7839 2.5261, 0.8953 1.7835 2.5432, 0.8953 1.7839 2.5432, 0.8643 1.7835 2.561, 0.8643 1.7839 2.561, 0.8302 1.7835 2.5704, 0.8302 1.7839 2.5704, 0.8089 1.7835 2.5718, 0.8089 1.7839 2.5718, 0.7337 1.7835 2.55, 0.7337 1.7839 2.55, 0.7431 1.7839 2.5553, 0.7756 1.7835 2.5675, 0.7756 1.7839 2.5675, 0.7445 1.7835 2.5558, 0.7431 1.7835 2.5553, 0.7115 1.7835 2.5949, 0.7115 1.7839 2.5949, 0.6787 1.7835 2.6333, 0.6787 1.7839 2.6333, 0.6392 1.7835 2.6613, 0.6392 1.7839 2.6613, 0.5933 1.7835 2.6791, 0.5933 1.7839 2.6791, 0.542 1.7835 2.6852, 0.542 1.7839 2.6852, 0.4935 1.7835 2.6789, 0.4935 1.7839 2.6789, 0.4476 1.7835 2.6606, 0.4476 1.7839 2.6606, 0.4091 1.7835 2.6332, 0.4091 1.7839 2.6332, 0.3764 1.7835 2.5952, 0.3764 1.7839 2.5952, 0.3539 1.7835 2.5499, 0.3539 1.7839 2.5499, 0.344 1.7835 2.5059, 0.344 1.7839 2.5059, 0.3326 1.7839 2.5058, 0.3326 1.7835 2.5058, 0.3054 1.7835 2.5023, 0.3054 1.7839 2.5023, 0.2798 1.7835 2.492, 0.2798 1.7839 2.492, 0.2578 1.7835 2.476, 0.2578 1.7839 2.476, 0.2453 1.7835 2.4623, 0.2453 1.7839 2.4623, 0.2313 1.7835 2.4383, 0.2313 1.7839 2.4383, 0.2237 1.7835 2.4119, 0.2237 1.7839 2.4119, 0.2224 1.7835 2.394, 0.2224 1.7839 2.394, 0.2261 1.7835 2.3662, 0.2261 1.7839 2.3662, 0.2366 1.7835 2.34, 0.2366 1.7839 2.34, 0.2522 1.7835 2.3186, 0.2522 1.7839 2.3186, 0.2732 1.7835 2.301, 0.2732 1.7839 2.301, 0.2979 1.7835 2.2892, 0.2979 1.7839 2.2892, 0.3257 1.7835 2.2838, 0.3257 1.7839 2.2838, 0.3897 1.7839 2.2842, 0.3897 1.7835 2.2842, 0.3926 1.7835 2.2846, 0.3926 1.7839 2.2846, 0.3968 1.7835 2.2856, 0.3968 1.7839 2.2856, 0.3982 1.7835 2.2857, 0.3982 1.7839 2.2857, 0.4092 1.7835 2.2844, 0.4092 1.7839 2.2844, 0.4193 1.7835 2.2805, 0.4193 1.7839 2.2805, 0.4281 1.7835 2.2742, 0.4281 1.7839 2.2742, 0.4331 1.7835 2.2689, 0.4331 1.7839 2.2689, 0.4389 1.7835 2.2594, 0.4389 1.7839 2.2594, 0.442 1.7835 2.2489, 0.442 1.7839 2.2489, 0.4427 1.7835 2.2419, 0.4427 1.7839 2.2419, 0.4414 1.7835 2.2314, 0.4414 1.7839 2.2314, 0.4377 1.7835 2.2216, 0.4377 1.7839 2.2216, 0.4315 1.7835 2.2126, 0.4315 1.7839 2.2126, 0.4285 1.7835 2.2095, 0.4285 1.7839 2.2095, 0.4194 1.7835 2.2028, 0.4194 1.7839 2.2028, 0.409 1.7835 2.1986, 0.409 1.7839 2.1986, 0.4017 1.7835 2.1975, 0.4017 1.7839 2.1975, 0.3177 1.7839 2.1969, 0.3177 1.7835 2.1969, 0.2701 1.7835 2.2066, 0.2701 1.7839 2.2066, 0.2265 1.7835 2.2277, 0.2265 1.7839 2.2277, -0.9308 1.7839 2.1887, -0.9023 1.7839 2.1889, -0.9308 1.7835 2.1887, -0.9023 1.7835 2.1889, -0.9505 1.7839 2.2433, -0.9505 1.7835 2.2433, -1.0338 1.7839 2.2428, -1.0338 1.7835 2.2428, -1.0538 1.7839 2.1879, -1.0538 1.7835 2.1879, -1.0824 1.7839 2.1877, -1.0824 1.7835 2.1877, -1.0076 1.7839 2.3884, -1.0076 1.7835 2.3884, -0.9799 1.7839 2.3886, -0.9799 1.7835 2.3886, -0.8612 1.7839 2.2173, -0.8612 1.7835 2.2173, -0.8763 1.7835 2.235, -0.8763 1.7839 2.235, -0.8863 1.7835 2.2557, -0.8863 1.7839 2.2557, -0.8911 1.7835 2.278, -0.8911 1.7839 2.278, -0.8919 1.7835 2.2917, -0.8919 1.7839 2.2917, -0.8887 1.7835 2.3195, -0.8887 1.7839 2.3195, -0.8814 1.7835 2.3386, -0.8814 1.7839 2.3386, -0.8687 1.7835 2.3565, -0.8687 1.7839 2.3565, -0.8622 1.7835 2.3629, -0.8622 1.7839 2.3629, -0.8413 1.7835 2.3774, -0.8413 1.7839 2.3774, -0.8177 1.7835 2.3862, -0.8177 1.7839 2.3862, -0.7867 1.7835 2.3899, -0.7867 1.7839 2.3899, -0.7296 1.7839 2.3903, -0.7296 1.7835 2.3903, -0.7282 1.7839 2.1902, -0.7282 1.7835 2.1902, -0.7833 1.7839 2.1898, -0.7833 1.7835 2.1898, -0.8142 1.7835 2.1929, -0.8142 1.7839 2.1929, -0.8376 1.7835 2.2011, -0.8376 1.7839 2.2011, -0.8573 1.7835 2.2139, -0.8573 1.7839 2.2139, -0.6092 1.7839 2.2812, -0.6087 1.7839 2.2138, -0.6092 1.7835 2.2812, -0.6087 1.7835 2.2138, -0.6808 1.7839 2.2807, -0.6808 1.7835 2.2807, -0.681 1.7839 2.3036, -0.681 1.7835 2.3036, -0.6094 1.7839 2.3041, -0.6094 1.7835 2.3041, -0.6098 1.7839 2.3682, -0.6098 1.7835 2.3682, -0.6871 1.7839 2.3676, -0.6871 1.7835 2.3676, -0.6873 1.7839 2.3906, -0.6873 1.7835 2.3906, -0.5842 1.7839 2.3914, -0.5842 1.7835 2.3914, -0.5827 1.7839 2.1912, -0.5827 1.7835 2.1912, -0.6904 1.7839 2.1904, -0.6904 1.7835 2.1904, -0.6906 1.7839 2.2133, -0.6906 1.7835 2.2133, -0.3434 1.7839 2.3135, -0.3434 1.7835 2.3135, -0.3487 1.7835 2.3163, -0.3487 1.7839 2.3163, -0.3565 1.7835 2.3182, -0.3565 1.7839 2.3182, -0.3631 1.7835 2.3186, -0.3631 1.7839 2.3186, -0.3791 1.7835 2.3168, -0.3791 1.7839 2.3168, -0.3934 1.7835 2.3115, -0.3934 1.7839 2.3115, -0.3994 1.7835 2.308, -0.3994 1.7839 2.308, -0.3996 1.7839 2.3324, -0.3996 1.7835 2.3324, -0.383 1.7835 2.3374, -0.383 1.7839 2.3374, -0.3657 1.7835 2.339, -0.3657 1.7839 2.339, -0.3479 1.7835 2.3372, -0.3479 1.7839 2.3372, -0.3341 1.7835 2.3326, -0.3341 1.7839 2.3326, -0.3261 1.7835 2.3279, -0.3261 1.7839 2.3279, -0.3187 1.7835 2.3214, -0.3187 1.7839 2.3214, -0.3139 1.7835 2.3147, -0.3139 1.7839 2.3147, -0.3109 1.7835 2.3066, -0.3109 1.7839 2.3066, -0.3098 1.7835 2.2975, -0.3098 1.7839 2.2975, -0.3108 1.7835 2.2879, -0.3108 1.7839 2.2879, -0.3134 1.7835 2.2802, -0.3134 1.7839 2.2802, -0.3167 1.7835 2.2749, -0.3167 1.7839 2.2749, -0.3208 1.7835 2.2705, -0.3208 1.7839 2.2705, -0.3334 1.7835 2.2622, -0.3334 1.7839 2.2622, -0.3474 1.7835 2.2557, -0.3474 1.7839 2.2557, -0.361 1.7835 2.2501, -0.361 1.7839 2.2501, -0.3722 1.7835 2.2438, -0.3722 1.7839 2.2438, -0.3736 1.7835 2.2427, -0.3736 1.7839 2.2427, -0.3767 1.7835 2.2395, -0.3767 1.7839 2.2395, -0.3786 1.7835 2.2362, -0.3786 1.7839 2.2362, -0.3797 1.7835 2.2322, -0.3797 1.7839 2.2322, -0.38 1.7835 2.2291, -0.38 1.7839 2.2291, -0.3794 1.7835 2.2244, -0.3794 1.7839 2.2244, -0.3782 1.7835 2.2209, -0.3782 1.7839 2.2209, -0.3761 1.7835 2.2178, -0.3761 1.7839 2.2178, -0.3734 1.7835 2.2153, -0.3734 1.7839 2.2153, -0.369 1.7835 2.2128, -0.369 1.7839 2.2128, -0.3615 1.7835 2.2107, -0.3615 1.7839 2.2107, -0.3502 1.7835 2.2099, -0.3502 1.7839 2.2099, -0.3352 1.7835 2.2117, -0.3352 1.7839 2.2117, -0.3196 1.7835 2.2175, -0.3196 1.7839 2.2175, -0.3091 1.7835 2.224, -0.3091 1.7839 2.224, -0.3089 1.7839 2.1982, -0.3089 1.7835 2.1982, -0.3264 1.7835 2.1919, -0.3264 1.7839 2.1919, -0.3476 1.7835 2.1895, -0.3476 1.7839 2.1895, -0.3672 1.7835 2.1913, -0.3672 1.7839 2.1913, -0.3809 1.7835 2.1957, -0.3809 1.7839 2.1957, -0.3894 1.7835 2.2006, -0.3894 1.7839 2.2006, -0.3965 1.7835 2.2067, -0.3965 1.7839 2.2067, -0.4013 1.7835 2.2133, -0.4013 1.7839 2.2133, -0.4044 1.7835 2.2211, -0.4044 1.7839 2.2211, -0.4057 1.7835 2.2313, -0.4057 1.7839 2.2313, -0.4048 1.7835 2.2405, -0.4048 1.7839 2.2405, -0.4022 1.7835 2.248, -0.4022 1.7839 2.248, -0.3975 1.7835 2.255, -0.3975 1.7839 2.255, -0.3905 1.7835 2.2612, -0.3905 1.7839 2.2612, -0.3741 1.7835 2.2702, -0.3741 1.7839 2.2702, -0.3653 1.7835 2.2738, -0.3653 1.7839 2.2738, -0.3527 1.7835 2.2792, -0.3527 1.7839 2.2792, -0.3429 1.7835 2.2847, -0.3429 1.7839 2.2847, -0.341 1.7835 2.2862, -0.341 1.7839 2.2862, -0.3386 1.7835 2.2889, -0.3386 1.7839 2.2889, -0.3368 1.7835 2.2923, -0.3368 1.7839 2.2923, -0.3359 1.7835 2.296, -0.3359 1.7839 2.296, -0.3356 1.7835 2.2996, -0.3356 1.7839 2.2996, -0.3361 1.7835 2.3036, -0.3361 1.7839 2.3036, -0.3374 1.7835 2.3069, -0.3374 1.7839 2.3069, -0.3395 1.7835 2.3101, -0.3395 1.7839 2.3101, -0.343 1.7835 2.3132, -0.343 1.7839 2.3132, -0.6824 1.7839 2.5081, -0.6539 1.7839 2.5083, -0.6824 1.7835 2.5081, -0.6539 1.7835 2.5083, -0.702 1.7839 2.5627, -0.702 1.7835 2.5627, -0.7854 1.7839 2.5621, -0.7854 1.7835 2.5621, -0.8054 1.7839 2.5072, -0.8054 1.7835 2.5072, -0.834 1.7839 2.507, -0.834 1.7835 2.507, -0.7591 1.7839 2.7077, -0.7591 1.7835 2.7077, -0.7315 1.7839 2.7079, -0.7315 1.7835 2.7079, -0.6128 1.7839 2.5366, -0.6128 1.7835 2.5366, -0.6279 1.7835 2.5543, -0.6279 1.7839 2.5543, -0.6378 1.7835 2.575, -0.6378 1.7839 2.575, -0.6427 1.7835 2.5973, -0.6427 1.7839 2.5973, -0.6435 1.7835 2.611, -0.6435 1.7839 2.611, -0.6403 1.7835 2.6389, -0.6403 1.7839 2.6389, -0.6329 1.7835 2.658, -0.6329 1.7839 2.658, -0.6203 1.7835 2.6758, -0.6203 1.7839 2.6758, -0.6138 1.7835 2.6822, -0.6138 1.7839 2.6822, -0.5929 1.7835 2.6967, -0.5929 1.7839 2.6967, -0.5692 1.7835 2.7056, -0.5692 1.7839 2.7056, -0.5383 1.7835 2.7093, -0.5383 1.7839 2.7093, -0.4812 1.7839 2.7097, -0.4812 1.7835 2.7097, -0.4798 1.7839 2.5095, -0.4798 1.7835 2.5095, -0.5348 1.7839 2.5091, -0.5348 1.7835 2.5091, -0.5658 1.7835 2.5123, -0.5658 1.7839 2.5123, -0.5892 1.7835 2.5205, -0.5892 1.7839 2.5205, -0.6089 1.7835 2.5332, -0.6089 1.7839 2.5332, -0.3608 1.7839 2.6005, -0.3603 1.7839 2.5332, -0.3608 1.7835 2.6005, -0.3603 1.7835 2.5332, -0.4324 1.7839 2.6, -0.4324 1.7835 2.6, -0.4325 1.7839 2.6229, -0.4325 1.7835 2.6229, -0.361 1.7839 2.6234, -0.361 1.7835 2.6234, -0.3614 1.7839 2.6875, -0.3614 1.7835 2.6875, -0.4387 1.7839 2.6869, -0.4387 1.7835 2.6869, -0.4388 1.7839 2.71, -0.4388 1.7835 2.71, -0.3357 1.7839 2.7107, -0.3357 1.7835 2.7107, -0.3343 1.7839 2.5105, -0.3343 1.7835 2.5105, -0.442 1.7839 2.5098, -0.442 1.7835 2.5098, -0.4421 1.7839 2.5326, -0.4421 1.7835 2.5326, -0.0579 1.7839 2.7127, -0.0566 1.7839 2.5353, -0.0579 1.7835 2.7127, -0.0566 1.7835 2.5353, -0.0321 1.7839 2.7128, -0.0321 1.7835 2.7128, -0.0306 1.7839 2.5127, -0.0306 1.7835 2.5127, -0.1362 1.7839 2.5119, -0.1362 1.7835 2.5119, -0.1364 1.7839 2.5347, -0.1364 1.7835 2.5347
            ]
        }
        coordIndex [
            0,1,2,-1,0,2,3,-1,3,2,4,-1,3,4,5,-1,5,4,6,-1,5,6,7,-1,7,6,8,-1,7,8,9,-1,9,8,10,-1,9,10,11,-1,11,10,12,-1,11,12,13,-1,13,12,14,-1,13,14,15,-1,15,14,16,-1,15,16,17,-1,17,16,18,-1,17,18,19,-1,19,18,20,-1,19,20,21,-1,21,20,22,-1,21,22,23,-1,23,22,24,-1,23,24,25,-1,25,24,26,-1,25,26,27,-1,27,26,28,-1,27,28,29,-1,29,28,30,-1,29,30,31,-1,31,30,32,-1,31,32,33,-1,33,32,34,-1,33,34,35,-1,36,37,38,-1,35,34,39,-1,35,39,38,-1,38,39,40,-1,38,40,36,-1,37,36,41,-1,37,41,42,-1,42,41,43,-1,42,43,44,-1,44,43,45,-1,44,45,46,-1,46,45,47,-1,46,47,48,-1,48,47,49,-1,48,49,50,-1,50,49,51,-1,50,51,52,-1,52,51,53,-1,52,53,54,-1,54,53,55,-1,54,55,56,-1,56,55,57,-1,56,57,58,-1,58,57,59,-1,58,59,60,-1,60,59,61,-1,60,61,62,-1,62,61,63,-1,62,63,64,-1,64,63,65,-1,64,65,66,-1,66,65,67,-1,66,67,68,-1,68,67,69,-1,68,69,70,-1,70,69,71,-1,70,71,72,-1,73,74,75,-1,72,71,76,-1,72,76,77,-1,77,76,78,-1,77,78,79,-1,79,78,80,-1,79,80,81,-1,81,80,82,-1,81,82,83,-1,83,82,84,-1,83,84,75,-1,75,84,85,-1,75,85,73,-1,74,73,86,-1,74,86,87,-1,87,86,88,-1,87,88,89,-1,89,88,90,-1,89,90,91,-1,91,90,92,-1,91,92,93,-1,93,92,94,-1,93,94,95,-1,95,94,96,-1,95,96,97,-1,97,96,98,-1,97,98,99,-1,100,99,101,-1,101,99,98,-1,102,100,103,-1,103,100,101,-1,104,102,105,-1,105,102,103,-1,106,104,107,-1,107,104,105,-1,106,107,108,-1,106,108,109,-1,109,108,110,-1,109,110,111,-1,111,110,112,-1,111,112,113,-1,113,112,114,-1,113,114,115,-1,115,114,116,-1,115,116,117,-1,116,118,117,-1,117,118,119,-1,117,119,120,-1,120,119,121,-1,120,121,122,-1,122,121,123,-1,122,123,124,-1,124,123,125,-1,124,125,126,-1,126,125,127,-1,126,127,128,-1,128,127,129,-1,128,129,130,-1,130,129,131,-1,130,131,132,-1,132,131,133,-1,132,133,134,-1,134,133,135,-1,134,135,136,-1,136,135,137,-1,136,137,138,-1,138,137,139,-1,138,139,140,-1,140,139,141,-1,140,141,142,-1,142,141,143,-1,142,143,144,-1,144,143,145,-1,144,145,146,-1,146,145,147,-1,146,147,148,-1,148,147,149,-1,148,149,150,-1,151,152,153,-1,150,149,154,-1,150,154,155,-1,155,154,156,-1,155,156,153,-1,153,156,157,-1,153,157,151,-1,152,151,158,-1,152,158,159,-1,159,158,160,-1,159,160,161,-1,161,160,162,-1,161,162,163,-1,163,162,164,-1,163,164,165,-1,165,164,166,-1,165,166,167,-1,167,166,168,-1,167,168,169,-1,169,168,170,-1,169,170,171,-1,171,170,172,-1,171,172,173,-1,173,172,174,-1,173,174,175,-1,175,174,176,-1,175,176,177,-1,177,176,178,-1,177,178,179,-1,180,179,181,-1,181,179,178,-1,180,181,182,-1,180,182,183,-1,183,182,184,-1,183,184,185,-1,185,184,186,-1,185,186,187,-1,187,186,188,-1,187,188,189,-1,189,188,190,-1,189,190,191,-1,191,190,192,-1,191,192,193,-1,193,192,194,-1,193,194,195,-1,195,194,196,-1,195,196,197,-1,197,196,198,-1,197,198,199,-1,199,198,200,-1,199,200,201,-1,201,200,202,-1,201,202,203,-1,203,202,204,-1,203,204,205,-1,205,204,206,-1,205,206,207,-1,208,207,209,-1,209,207,206,-1,208,209,210,-1,208,210,211,-1,211,210,212,-1,211,212,213,-1,213,212,214,-1,213,214,215,-1,215,214,216,-1,215,216,217,-1,217,216,218,-1,217,218,219,-1,219,218,220,-1,219,220,221,-1,221,220,222,-1,221,222,223,-1,223,222,224,-1,223,224,225,-1,225,224,226,-1,225,226,227,-1,227,226,228,-1,227,228,229,-1,229,228,230,-1,229,230,231,-1,231,230,232,-1,231,232,233,-1,233,232,234,-1,233,234,235,-1,235,234,236,-1,235,236,237,-1,237,236,238,-1,237,238,239,-1,239,238,240,-1,239,240,241,-1,241,240,242,-1,241,242,243,-1,244,243,245,-1,245,243,242,-1,244,245,246,-1,244,246,247,-1,247,246,248,-1,247,248,249,-1,249,248,1,-1,249,1,0,-1,250,251,252,-1,252,251,253,-1,254,250,255,-1,255,250,252,-1,256,254,257,-1,257,254,255,-1,258,256,259,-1,259,256,257,-1,260,258,261,-1,261,258,259,-1,262,260,263,-1,263,260,261,-1,264,262,265,-1,265,262,263,-1,251,264,253,-1,253,264,265,-1,266,267,268,-1,266,268,269,-1,269,268,270,-1,269,270,271,-1,271,270,272,-1,271,272,273,-1,273,272,274,-1,273,274,275,-1,275,274,276,-1,275,276,277,-1,277,276,278,-1,277,278,279,-1,279,278,280,-1,279,280,281,-1,281,280,282,-1,281,282,283,-1,283,282,284,-1,283,284,285,-1,285,284,286,-1,285,286,287,-1,287,286,288,-1,287,288,289,-1,290,289,291,-1,291,289,288,-1,292,290,293,-1,293,290,291,-1,294,292,295,-1,295,292,293,-1,294,295,296,-1,294,296,297,-1,297,296,298,-1,297,298,299,-1,299,298,300,-1,299,300,301,-1,301,300,267,-1,301,267,266,-1,302,303,304,-1,304,303,305,-1,306,302,307,-1,307,302,304,-1,308,306,309,-1,309,306,307,-1,310,308,311,-1,311,308,309,-1,312,310,313,-1,313,310,311,-1,314,312,315,-1,315,312,313,-1,316,314,317,-1,317,314,315,-1,318,316,319,-1,319,316,317,-1,320,318,321,-1,321,318,319,-1,322,320,323,-1,323,320,321,-1,324,322,325,-1,325,322,323,-1,303,324,305,-1,305,324,325,-1,326,327,328,-1,326,328,329,-1,329,328,330,-1,329,330,331,-1,331,330,332,-1,331,332,333,-1,333,332,334,-1,333,334,335,-1,335,334,336,-1,335,336,337,-1,337,336,338,-1,337,338,339,-1,340,339,341,-1,341,339,338,-1,340,341,342,-1,340,342,343,-1,343,342,344,-1,343,344,345,-1,345,344,346,-1,345,346,347,-1,347,346,348,-1,347,348,349,-1,349,348,350,-1,349,350,351,-1,351,350,352,-1,351,352,353,-1,353,352,354,-1,353,354,355,-1,355,354,356,-1,355,356,357,-1,357,356,358,-1,357,358,359,-1,359,358,360,-1,359,360,361,-1,361,360,362,-1,361,362,363,-1,363,362,364,-1,363,364,365,-1,365,364,366,-1,365,366,367,-1,367,366,368,-1,367,368,369,-1,369,368,370,-1,369,370,371,-1,371,370,372,-1,371,372,373,-1,373,372,374,-1,373,374,375,-1,375,374,376,-1,375,376,377,-1,377,376,378,-1,377,378,379,-1,379,378,380,-1,379,380,381,-1,381,380,382,-1,381,382,383,-1,383,382,384,-1,383,384,385,-1,385,384,386,-1,385,386,387,-1,387,386,388,-1,387,388,389,-1,389,388,390,-1,389,390,391,-1,391,390,392,-1,391,392,393,-1,393,392,394,-1,393,394,395,-1,395,394,396,-1,395,396,397,-1,397,396,398,-1,397,398,399,-1,399,398,400,-1,399,400,401,-1,401,400,402,-1,401,402,403,-1,403,402,404,-1,403,404,405,-1,406,405,407,-1,407,405,404,-1,406,407,408,-1,406,408,409,-1,409,408,410,-1,409,410,411,-1,411,410,412,-1,411,412,413,-1,413,412,414,-1,413,414,415,-1,415,414,416,-1,415,416,417,-1,417,416,418,-1,417,418,419,-1,419,418,420,-1,419,420,421,-1,421,420,422,-1,421,422,423,-1,423,422,424,-1,423,424,425,-1,425,424,426,-1,425,426,427,-1,427,426,428,-1,427,428,429,-1,429,428,430,-1,429,430,431,-1,431,430,432,-1,431,432,433,-1,433,432,434,-1,433,434,435,-1,435,434,436,-1,435,436,437,-1,437,436,438,-1,437,438,439,-1,439,438,440,-1,439,440,441,-1,441,440,442,-1,441,442,443,-1,443,442,444,-1,443,444,445,-1,445,444,446,-1,445,446,447,-1,447,446,448,-1,447,448,449,-1,449,448,450,-1,449,450,451,-1,451,450,452,-1,451,452,453,-1,453,452,454,-1,453,454,455,-1,455,454,456,-1,455,456,457,-1,457,456,458,-1,457,458,459,-1,459,458,327,-1,459,327,326,-1,460,461,462,-1,462,461,463,-1,464,460,465,-1,465,460,462,-1,466,464,467,-1,467,464,465,-1,468,466,469,-1,469,466,467,-1,470,468,471,-1,471,468,469,-1,472,470,473,-1,473,470,471,-1,474,472,475,-1,475,472,473,-1,461,474,463,-1,463,474,475,-1,476,477,478,-1,476,478,479,-1,479,478,480,-1,479,480,481,-1,481,480,482,-1,481,482,483,-1,483,482,484,-1,483,484,485,-1,485,484,486,-1,485,486,487,-1,487,486,488,-1,487,488,489,-1,489,488,490,-1,489,490,491,-1,491,490,492,-1,491,492,493,-1,493,492,494,-1,493,494,495,-1,495,494,496,-1,495,496,497,-1,497,496,498,-1,497,498,499,-1,500,499,501,-1,501,499,498,-1,502,500,503,-1,503,500,501,-1,504,502,505,-1,505,502,503,-1,504,505,506,-1,504,506,507,-1,507,506,508,-1,507,508,509,-1,509,508,510,-1,509,510,511,-1,511,510,477,-1,511,477,476,-1,512,513,514,-1,514,513,515,-1,516,512,517,-1,517,512,514,-1,518,516,519,-1,519,516,517,-1,520,518,521,-1,521,518,519,-1,522,520,523,-1,523,520,521,-1,524,522,525,-1,525,522,523,-1,526,524,527,-1,527,524,525,-1,528,526,529,-1,529,526,527,-1,530,528,531,-1,531,528,529,-1,532,530,533,-1,533,530,531,-1,534,532,535,-1,535,532,533,-1,513,534,515,-1,515,534,535,-1,536,537,538,-1,538,537,539,-1,540,536,541,-1,541,536,538,-1,542,540,543,-1,543,540,541,-1,544,542,545,-1,545,542,543,-1,546,544,547,-1,547,544,545,-1,537,546,539,-1,539,546,547,-1,
        ]
    }
}
Shape{
    appearance Appearance {
        material  Material 	{
            diffuseColor 0.8509803921568627 0.8509803921568627 0.8509803921568627
            specularColor 0.4235294117647059 0.4235294117647059 0.4235294117647059
            ambientIntensity 0.851
            transparency 0.0
            shininess 0.5
        }
    }
    geometry IndexedFaceSet {
        ccw TRUE
        solid FALSE
        coord DEF co Coordinate {
            point [
                0.0 1.8819 1.5095, -2.3032 1.8819 1.5095, -2.3032 1.876 1.557, 2.3032 1.8186 1.6537, 0.7445 1.7835 1.68, 2.3032 1.8168 1.6558, 2.3032 1.7835 1.68, -2.3031 1.7835 1.68, -2.3032 1.8187 1.6536, -2.3032 1.821 1.6519, 2.3032 1.8482 1.6197, -2.3032 1.8495 1.6171, 2.3032 1.8497 1.6172, 2.3032 1.8819 1.5095, 2.3032 1.8761 1.5568, 2.3032 1.8761 1.557, -2.3032 1.8758 1.558, 2.3032 1.8578 1.6039, -2.3032 1.8576 1.604, 2.3032 1.8577 1.604, -2.3032 1.8572 1.6049, -2.3032 1.8514 1.6148, 2.3675 1.8168 1.6484, 2.3675 1.8168 1.0917, 2.3728 1.7835 1.0688, 2.3648 1.7835 1.0664, 2.4221 1.7835 1.0839, 2.4329 1.8168 1.1156, 2.4432 1.7835 1.0953, 2.5372 1.8168 1.2063, 2.5242 1.7835 1.1529, 2.4906 1.8168 1.1545, 2.5056 1.7835 1.1374, 2.4765 1.7835 1.1132, 2.5699 1.8168 1.2677, 2.5632 1.7835 1.2015, 2.5563 1.7835 1.1929, 2.5867 1.8168 1.3353, 2.6079 1.7835 1.3139, 2.5918 1.7835 1.2573, 2.5867 1.8168 1.4049, 2.6131 1.7835 1.3709, 2.6096 1.7835 1.3324, 2.5903 1.7835 1.4866, 2.592 1.7835 1.481, 2.5699 1.8168 1.4724, 2.6074 1.7835 1.4293, 2.6095 1.7835 1.4077, 2.5615 1.7835 1.5412, 2.5372 1.8168 1.5339, 2.5565 1.7835 1.5474, 2.5223 1.7835 1.5892, 2.4906 1.8168 1.5857, 2.5056 1.7835 1.6028, 2.4731 1.7835 1.6292, 2.4329 1.8168 1.6246, 2.4433 1.7835 1.645, 2.4223 1.7835 1.6562, 2.3728 1.7835 1.6715, 2.366 1.7835 1.6736, 2.3594 1.8482 1.6132, 2.3558 1.8578 1.5979, 2.3452 1.8761 1.552, 2.3346 1.8819 1.5059, 2.388 1.8761 1.5365, 2.3665 1.8819 1.4943, 2.4257 1.8761 1.511, 2.3947 1.8819 1.4753, 2.4562 1.8761 1.4772, 2.4174 1.8819 1.45, 2.4775 1.8761 1.437, 2.4333 1.8819 1.42, 2.4885 1.8761 1.3928, 2.4416 1.8819 1.3871, 2.4885 1.8761 1.3473, 2.4416 1.8819 1.3531, 2.4775 1.8761 1.3032, 2.4333 1.8819 1.3201, 2.4562 1.8761 1.263, 2.4174 1.8819 1.2901, 2.4257 1.8761 1.2292, 2.3947 1.8819 1.2649, 2.388 1.8761 1.2037, 2.3665 1.8819 1.2458, 2.3452 1.8761 1.1881, 2.3346 1.8819 1.2342, 2.3032 1.8761 1.1833, 2.3032 1.8819 1.2306, 2.3558 1.8578 1.1422, 2.3032 1.8578 1.1362, 2.3032 1.8761 1.1832, 2.3032 1.8482 1.1205, 2.3032 1.8497 1.1229, 2.3594 1.8482 1.1269, 2.3032 1.8577 1.1361, 2.3032 1.8186 1.0865, 2.3032 1.8168 1.0844, 2.3031 1.7835 1.0602, 2.4094 1.8578 1.5784, 2.4566 1.8578 1.5465, 2.4947 1.8578 1.5042, 2.5215 1.8578 1.4539, 2.5353 1.8578 1.3986, 2.5353 1.8578 1.3416, 2.5215 1.8578 1.2863, 2.4947 1.8578 1.236, 2.4566 1.8578 1.1936, 2.4094 1.8578 1.1617, 2.4165 1.8482 1.5924, 2.4669 1.8482 1.5584, 2.5076 1.8482 1.5132, 2.5362 1.8482 1.4595, 2.5509 1.8482 1.4005, 2.5509 1.8482 1.3397, 2.5362 1.8482 1.2807, 2.5076 1.8482 1.227, 2.4669 1.8482 1.1818, 2.4165 1.8482 1.1477, -2.3032 1.876 1.1832, -2.3032 1.8819 1.2306, 0.0 1.8819 1.2306, -2.3032 1.8758 1.1822, -2.3032 1.8576 1.1362, -2.3032 1.8572 1.1352, -2.3032 1.8514 1.1254, 0.7445 1.7835 1.0602, -2.3032 1.8495 1.1231, -2.3032 1.821 1.0883, -2.3032 1.8187 1.0865, -2.3031 1.7835 1.0602, -2.3834 1.7835 1.0707, -2.3761 1.821 1.0979, -2.3665 1.8514 1.6064, -2.3392 1.8819 1.5048, -2.3518 1.8758 1.5516, -2.3971 1.8758 1.5328, -2.3729 1.8819 1.4908, -2.436 1.8758 1.503, -2.4018 1.8819 1.4687, -2.4659 1.8758 1.464, -2.4239 1.8819 1.4398, -2.4847 1.8758 1.4187, -2.4378 1.8819 1.4062, -2.4911 1.8758 1.3701, -2.4426 1.8819 1.3701, -2.4847 1.8758 1.3214, -2.4378 1.8819 1.334, -2.4659 1.8758 1.2761, -2.4239 1.8819 1.3004, -2.436 1.8758 1.2372, -2.4018 1.8819 1.2715, -2.3971 1.8758 1.2073, -2.3729 1.8819 1.2493, -2.3518 1.8758 1.1886, -2.3392 1.8819 1.2354, -2.3639 1.8572 1.1432, -2.4206 1.8572 1.1667, -2.3639 1.8572 1.5969, -2.4692 1.8572 1.204, -2.5065 1.8572 1.2527, -2.53 1.8572 1.3093, -2.538 1.8572 1.3701, -2.53 1.8572 1.4309, -2.5065 1.8572 1.4875, -2.4692 1.8572 1.5361, -2.4206 1.8572 1.5735, -2.4255 1.8514 1.582, -2.4762 1.8514 1.5431, -2.5151 1.8514 1.4924, -2.5395 1.8514 1.4334, -2.5478 1.8514 1.3701, -2.5395 1.8514 1.3067, -2.5151 1.8514 1.2477, -2.4762 1.8514 1.1971, -2.4255 1.8514 1.1582, -2.3665 1.8514 1.1337, -2.3761 1.821 1.6423, -2.444 1.821 1.1261, -2.5024 1.821 1.1708, -2.5472 1.821 1.2292, -2.5753 1.821 1.2972, -2.5849 1.821 1.3701, -2.5753 1.821 1.443, -2.5472 1.821 1.511, -2.5024 1.821 1.5693, -2.444 1.821 1.6141, -2.3834 1.7835 1.6694, -2.4581 1.7835 1.6385, -2.5223 1.7835 1.5892, -2.5715 1.7835 1.525, -2.6025 1.7835 1.4503, -2.6131 1.7835 1.3701, -2.6025 1.7835 1.2899, -2.5715 1.7835 1.2151, -2.5223 1.7835 1.1509, -2.4581 1.7835 1.1017, 0.0 1.8819 3.5961, -2.3032 1.8819 3.5961, -2.3032 1.876 3.6436, 0.7445 1.7835 3.7666, 2.3032 1.7835 3.7666, 2.3032 1.8186 3.7402, -2.3031 1.7835 3.7666, -2.3032 1.8187 3.7402, -2.3032 1.821 3.7385, 2.3032 1.8216 3.738, -2.3032 1.8495 3.7037, 2.3032 1.8492 3.7035, -2.3032 1.8514 3.7014, 2.3032 1.8532 3.6985, -2.3032 1.8572 3.6915, 2.3032 1.8575 3.6906, -2.3032 1.8576 3.6906, 2.3032 1.862 3.6824, -2.3032 1.8758 3.6446, 2.3032 1.8754 3.6434, 2.3032 1.8776 3.6371, 2.3032 1.8819 3.5961, 2.3032 1.8754 3.27, 2.3032 1.8776 3.2763, 2.3438 1.8776 3.2809, 2.3648 1.7835 3.153, 2.3031 1.7835 3.1468, 2.3032 1.8186 3.1732, 2.3665 1.8216 3.1827, 2.3728 1.7835 3.1554, 2.4221 1.7835 3.1705, 2.4309 1.8216 3.2061, 2.4432 1.7835 3.1819, 2.5336 1.8216 3.2954, 2.5242 1.7835 3.2395, 2.4877 1.8216 3.2445, 2.5056 1.7835 3.224, 2.4765 1.7835 3.1998, 2.5657 1.8216 3.3559, 2.5632 1.7835 3.2882, 2.5563 1.7835 3.2796, 2.5823 1.8216 3.4224, 2.6079 1.7835 3.4005, 2.5918 1.7835 3.3439, 2.5823 1.8216 3.491, 2.6131 1.7835 3.4575, 2.6096 1.7835 3.419, 2.5903 1.7835 3.5732, 2.592 1.7835 3.5676, 2.5657 1.8216 3.5575, 2.6074 1.7835 3.5159, 2.6095 1.7835 3.4943, 2.5615 1.7835 3.6278, 2.5336 1.8216 3.618, 2.5565 1.7835 3.634, 2.5223 1.7835 3.6758, 2.4877 1.8216 3.6689, 2.5056 1.7835 3.6894, 2.4731 1.7835 3.7158, 2.4309 1.8216 3.7073, 2.4433 1.7835 3.7316, 2.4223 1.7835 3.7428, 2.3665 1.8216 3.7307, 2.3728 1.7835 3.7581, 2.366 1.7835 3.7602, 2.3576 1.8532 3.6923, 2.354 1.862 3.6766, 2.3438 1.8776 3.6325, 2.3346 1.8819 3.5926, 2.3851 1.8776 3.6174, 2.3665 1.8819 3.5809, 2.4216 1.8776 3.5928, 2.3947 1.8819 3.5619, 2.451 1.8776 3.5602, 2.4174 1.8819 3.5367, 2.4716 1.8776 3.5213, 2.4333 1.8819 3.5067, 2.4822 1.8776 3.4787, 2.4416 1.8819 3.4737, 2.4822 1.8776 3.4347, 2.4416 1.8819 3.4397, 2.4716 1.8776 3.3921, 2.4333 1.8819 3.4067, 2.451 1.8776 3.3532, 2.4174 1.8819 3.3767, 2.4216 1.8776 3.3206, 2.3947 1.8819 3.3515, 2.3851 1.8776 3.296, 2.3665 1.8819 3.3325, 2.3346 1.8819 3.3208, 2.3032 1.8819 3.3172, 2.3032 1.8575 3.2228, 2.3032 1.862 3.231, 2.354 1.862 3.2368, 2.3032 1.8492 3.2099, 2.3032 1.8532 3.2149, 2.3576 1.8532 3.2211, 2.3032 1.8216 3.1754, 2.413 1.8532 3.2413, 2.4619 1.8532 3.2742, 2.5013 1.8532 3.318, 2.5289 1.8532 3.3701, 2.5432 1.8532 3.4272, 2.5432 1.8532 3.4862, 2.5289 1.8532 3.5433, 2.5013 1.8532 3.5954, 2.4619 1.8532 3.6392, 2.413 1.8532 3.6721, 2.4057 1.862 3.2556, 2.4513 1.862 3.2864, 2.488 1.862 3.3273, 2.5138 1.862 3.3758, 2.5271 1.862 3.4292, 2.5271 1.862 3.4842, 2.5138 1.862 3.5375, 2.488 1.862 3.5861, 2.4513 1.862 3.627, 2.4057 1.862 3.6577, 0.7445 1.7835 3.1468, -2.3031 1.7835 3.1468, -2.3032 1.8187 3.1732, -2.3032 1.876 3.2698, -2.3032 1.8819 3.3172, 0.0 1.8819 3.3172, -2.3032 1.8514 3.212, -2.3032 1.8572 3.2219, -2.3032 1.8576 3.2228, -2.3032 1.8758 3.2688, -2.3032 1.821 3.1749, -2.3032 1.8495 3.2097, -2.3834 1.7835 3.1573, -2.3761 1.821 3.1845, -2.3665 1.8514 3.6931, -2.3392 1.8819 3.5914, -2.3518 1.8758 3.6382, -2.3971 1.8758 3.6194, -2.3729 1.8819 3.5775, -2.436 1.8758 3.5896, -2.4018 1.8819 3.5553, -2.4659 1.8758 3.5506, -2.4239 1.8819 3.5264, -2.4847 1.8758 3.5053, -2.4378 1.8819 3.4928, -2.4911 1.8758 3.4567, -2.4426 1.8819 3.4567, -2.4847 1.8758 3.4081, -2.4378 1.8819 3.4206, -2.4659 1.8758 3.3627, -2.4239 1.8819 3.387, -2.436 1.8758 3.3238, -2.4018 1.8819 3.3581, -2.3971 1.8758 3.294, -2.3729 1.8819 3.3359, -2.3518 1.8758 3.2752, -2.3392 1.8819 3.322, -2.3639 1.8572 3.2299, -2.4206 1.8572 3.2533, -2.3639 1.8572 3.6835, -2.4692 1.8572 3.2906, -2.5065 1.8572 3.3393, -2.53 1.8572 3.3959, -2.538 1.8572 3.4567, -2.53 1.8572 3.5175, -2.5065 1.8572 3.5741, -2.4692 1.8572 3.6227, -2.4206 1.8572 3.6601, -2.4255 1.8514 3.6686, -2.4762 1.8514 3.6297, -2.5151 1.8514 3.579, -2.5395 1.8514 3.52, -2.5478 1.8514 3.4567, -2.5395 1.8514 3.3934, -2.5151 1.8514 3.3343, -2.4762 1.8514 3.2837, -2.4255 1.8514 3.2448, -2.3665 1.8514 3.2203, -2.3761 1.821 3.7289, -2.444 1.821 3.2127, -2.5024 1.821 3.2575, -2.5472 1.821 3.3158, -2.5753 1.821 3.3838, -2.5849 1.821 3.4567, -2.5753 1.821 3.5296, -2.5472 1.821 3.5976, -2.5024 1.821 3.6559, -2.444 1.821 3.7007, -2.3834 1.7835 3.7561, -2.4581 1.7835 3.7251, -2.5223 1.7835 3.6758, -2.5715 1.7835 3.6117, -2.6025 1.7835 3.5369, -2.6131 1.7835 3.4567, -2.6025 1.7835 3.3765, -2.5715 1.7835 3.3017, -2.5223 1.7835 3.2375, -2.4581 1.7835 3.1883, -3.0236 1.7835 0.3661, -3.0236 1.7835 0.6344, -2.0728 1.7835 0.6344, -2.0728 1.7835 0.3661, -1.122 1.7835 0.6344, -1.122 1.7835 0.3661, 1.122 1.7835 0.3661, 1.122 1.7835 0.6344, 2.0728 1.7835 0.6344, 2.0728 1.7835 0.3661, 3.0236 1.7835 0.6344, 3.0236 1.7835 0.3661
            ]
        }
        coordIndex [
            0,1,2,-1,3,4,5,-1,5,4,6,-1,7,4,8,-1,8,4,3,-1,8,3,9,-1,9,3,10,-1,9,10,11,-1,11,10,12,-1,13,0,14,-1,14,0,2,-1,14,2,15,-1,15,2,16,-1,15,16,17,-1,17,16,18,-1,17,18,19,-1,19,18,20,-1,19,20,12,-1,12,20,21,-1,12,21,11,-1,3,5,22,-1,23,24,25,-1,24,23,26,-1,26,23,27,-1,26,27,28,-1,29,30,31,-1,31,30,32,-1,31,32,27,-1,27,32,33,-1,27,33,28,-1,34,35,29,-1,29,35,36,-1,29,36,30,-1,37,38,34,-1,34,38,39,-1,34,39,35,-1,40,41,37,-1,37,41,42,-1,37,42,38,-1,43,44,45,-1,45,44,46,-1,45,46,40,-1,40,46,47,-1,40,47,41,-1,43,45,48,-1,48,45,49,-1,48,49,50,-1,50,49,51,-1,51,49,52,-1,51,52,53,-1,53,52,54,-1,54,52,55,-1,54,55,56,-1,56,55,57,-1,57,55,22,-1,57,22,58,-1,58,22,59,-1,59,22,5,-1,59,5,6,-1,19,12,60,-1,60,12,10,-1,60,10,3,-1,15,17,61,-1,61,17,19,-1,62,14,15,-1,63,13,14,-1,14,62,63,-1,63,62,64,-1,63,64,65,-1,65,64,66,-1,65,66,67,-1,67,66,68,-1,67,68,69,-1,69,68,70,-1,69,70,71,-1,71,70,72,-1,71,72,73,-1,73,72,74,-1,73,74,75,-1,75,74,76,-1,75,76,77,-1,77,76,78,-1,77,78,79,-1,79,78,80,-1,79,80,81,-1,81,80,82,-1,81,82,83,-1,83,82,84,-1,83,84,85,-1,85,84,86,-1,85,86,87,-1,88,89,90,-1,91,92,93,-1,93,92,94,-1,95,23,96,-1,96,23,25,-1,96,25,97,-1,15,61,62,-1,62,61,98,-1,62,98,64,-1,64,98,99,-1,64,99,66,-1,66,99,100,-1,66,100,68,-1,68,100,101,-1,68,101,70,-1,70,101,102,-1,70,102,72,-1,72,102,103,-1,72,103,74,-1,74,103,104,-1,74,104,76,-1,76,104,105,-1,76,105,78,-1,78,105,106,-1,78,106,80,-1,80,106,107,-1,80,107,82,-1,82,107,88,-1,82,88,84,-1,84,88,90,-1,84,90,86,-1,19,60,61,-1,61,60,108,-1,61,108,98,-1,98,108,109,-1,98,109,99,-1,99,109,110,-1,99,110,100,-1,100,110,111,-1,100,111,101,-1,101,111,112,-1,101,112,102,-1,102,112,113,-1,102,113,103,-1,103,113,114,-1,103,114,104,-1,104,114,115,-1,104,115,105,-1,105,115,116,-1,105,116,106,-1,106,116,117,-1,106,117,107,-1,107,117,93,-1,107,93,88,-1,88,93,94,-1,88,94,89,-1,3,22,60,-1,60,22,55,-1,60,55,108,-1,108,55,52,-1,108,52,109,-1,109,52,49,-1,109,49,110,-1,110,49,45,-1,110,45,111,-1,111,45,40,-1,111,40,112,-1,112,40,37,-1,112,37,113,-1,113,37,34,-1,113,34,114,-1,114,34,29,-1,114,29,115,-1,115,29,31,-1,115,31,116,-1,116,31,27,-1,116,27,117,-1,117,27,23,-1,117,23,93,-1,93,23,95,-1,93,95,91,-1,118,119,120,-1,120,87,86,-1,120,86,118,-1,118,86,90,-1,118,90,121,-1,121,90,89,-1,121,89,122,-1,122,89,94,-1,122,94,123,-1,123,94,92,-1,123,92,124,-1,97,125,96,-1,96,125,95,-1,124,92,126,-1,126,92,91,-1,126,91,127,-1,127,91,95,-1,127,95,128,-1,128,95,125,-1,128,125,129,-1,128,129,130,-1,126,127,131,-1,132,21,20,-1,2,1,133,-1,16,2,134,-1,134,2,133,-1,134,133,135,-1,135,133,136,-1,135,136,137,-1,137,136,138,-1,137,138,139,-1,139,138,140,-1,139,140,141,-1,141,140,142,-1,141,142,143,-1,143,142,144,-1,143,144,145,-1,145,144,146,-1,145,146,147,-1,147,146,148,-1,147,148,149,-1,149,148,150,-1,149,150,151,-1,151,150,152,-1,151,152,153,-1,153,152,154,-1,153,154,118,-1,118,154,119,-1,153,155,156,-1,157,20,18,-1,153,156,151,-1,151,156,158,-1,151,158,149,-1,149,158,159,-1,149,159,147,-1,147,159,160,-1,147,160,145,-1,145,160,161,-1,145,161,143,-1,143,161,162,-1,143,162,141,-1,141,162,163,-1,141,163,139,-1,139,163,164,-1,139,164,137,-1,137,164,165,-1,137,165,135,-1,135,165,157,-1,135,157,134,-1,134,157,18,-1,134,18,16,-1,118,121,153,-1,153,121,122,-1,153,122,155,-1,155,122,123,-1,155,123,124,-1,20,157,132,-1,132,157,165,-1,132,165,166,-1,166,165,164,-1,166,164,167,-1,167,164,163,-1,167,163,168,-1,168,163,162,-1,168,162,169,-1,169,162,161,-1,169,161,170,-1,170,161,160,-1,170,160,171,-1,171,160,159,-1,171,159,172,-1,172,159,158,-1,172,158,173,-1,173,158,156,-1,173,156,174,-1,174,156,155,-1,174,155,175,-1,175,155,124,-1,175,124,126,-1,8,9,176,-1,176,9,11,-1,126,131,175,-1,175,131,177,-1,175,177,174,-1,174,177,178,-1,174,178,173,-1,173,178,179,-1,173,179,172,-1,172,179,180,-1,172,180,171,-1,171,180,181,-1,171,181,170,-1,170,181,182,-1,170,182,169,-1,169,182,183,-1,169,183,168,-1,168,183,184,-1,168,184,167,-1,167,184,185,-1,167,185,166,-1,166,185,176,-1,166,176,132,-1,132,176,11,-1,132,11,21,-1,7,8,186,-1,186,8,176,-1,186,176,187,-1,187,176,185,-1,187,185,188,-1,188,185,184,-1,188,184,189,-1,189,184,183,-1,189,183,190,-1,190,183,182,-1,190,182,191,-1,191,182,181,-1,191,181,192,-1,192,181,180,-1,192,180,193,-1,193,180,179,-1,193,179,194,-1,194,179,178,-1,194,178,195,-1,195,178,177,-1,195,177,130,-1,130,177,131,-1,130,131,128,-1,128,131,127,-1,196,197,198,-1,199,200,201,-1,202,199,203,-1,203,199,201,-1,203,201,204,-1,204,201,205,-1,204,205,206,-1,206,205,207,-1,206,207,208,-1,208,207,209,-1,208,209,210,-1,210,209,211,-1,210,211,212,-1,212,211,213,-1,212,213,214,-1,214,213,215,-1,214,215,198,-1,198,215,216,-1,198,216,196,-1,196,216,217,-1,218,219,220,-1,221,222,223,-1,224,225,221,-1,225,224,226,-1,226,224,227,-1,226,227,228,-1,229,230,231,-1,231,230,232,-1,231,232,227,-1,227,232,233,-1,227,233,228,-1,234,235,229,-1,229,235,236,-1,229,236,230,-1,237,238,234,-1,234,238,239,-1,234,239,235,-1,240,241,237,-1,237,241,242,-1,237,242,238,-1,243,244,245,-1,245,244,246,-1,245,246,240,-1,240,246,247,-1,240,247,241,-1,243,245,248,-1,248,245,249,-1,248,249,250,-1,250,249,251,-1,251,249,252,-1,251,252,253,-1,253,252,254,-1,254,252,255,-1,254,255,256,-1,256,255,257,-1,257,255,258,-1,257,258,259,-1,258,205,201,-1,259,258,260,-1,260,258,201,-1,260,201,200,-1,261,209,207,-1,262,213,211,-1,263,216,215,-1,264,217,216,-1,216,263,264,-1,264,263,265,-1,264,265,266,-1,266,265,267,-1,266,267,268,-1,268,267,269,-1,268,269,270,-1,270,269,271,-1,270,271,272,-1,272,271,273,-1,272,273,274,-1,274,273,275,-1,274,275,276,-1,276,275,277,-1,276,277,278,-1,278,277,279,-1,278,279,280,-1,280,279,281,-1,280,281,282,-1,282,281,283,-1,282,283,284,-1,284,283,220,-1,284,220,285,-1,285,220,219,-1,285,219,286,-1,287,288,289,-1,289,288,218,-1,290,291,292,-1,292,291,287,-1,221,223,224,-1,224,223,293,-1,224,293,290,-1,290,292,224,-1,224,292,294,-1,224,294,227,-1,227,294,295,-1,227,295,231,-1,231,295,296,-1,231,296,229,-1,229,296,297,-1,229,297,234,-1,234,297,298,-1,234,298,237,-1,237,298,299,-1,237,299,240,-1,240,299,300,-1,240,300,245,-1,245,300,301,-1,245,301,249,-1,249,301,302,-1,249,302,252,-1,252,302,303,-1,252,303,255,-1,255,303,261,-1,255,261,258,-1,258,261,207,-1,258,207,205,-1,287,289,292,-1,292,289,304,-1,292,304,294,-1,294,304,305,-1,294,305,295,-1,295,305,306,-1,295,306,296,-1,296,306,307,-1,296,307,297,-1,297,307,308,-1,297,308,298,-1,298,308,309,-1,298,309,299,-1,299,309,310,-1,299,310,300,-1,300,310,311,-1,300,311,301,-1,301,311,312,-1,301,312,302,-1,302,312,313,-1,302,313,303,-1,303,313,262,-1,303,262,261,-1,261,262,211,-1,261,211,209,-1,218,220,289,-1,289,220,283,-1,289,283,304,-1,304,283,281,-1,304,281,305,-1,305,281,279,-1,305,279,306,-1,306,279,277,-1,306,277,307,-1,307,277,275,-1,307,275,308,-1,308,275,273,-1,308,273,309,-1,309,273,271,-1,309,271,310,-1,310,271,269,-1,310,269,311,-1,311,269,267,-1,311,267,312,-1,312,267,265,-1,312,265,313,-1,313,265,263,-1,313,263,262,-1,262,263,215,-1,262,215,213,-1,314,315,316,-1,317,318,319,-1,290,320,291,-1,291,320,321,-1,291,321,287,-1,287,321,322,-1,287,322,288,-1,288,322,323,-1,288,323,218,-1,218,323,317,-1,218,317,219,-1,219,317,319,-1,219,319,286,-1,222,314,223,-1,223,314,316,-1,223,316,293,-1,293,316,324,-1,293,324,290,-1,290,324,325,-1,290,325,320,-1,316,315,326,-1,325,324,327,-1,328,208,210,-1,198,197,329,-1,214,198,330,-1,330,198,329,-1,330,329,331,-1,331,329,332,-1,331,332,333,-1,333,332,334,-1,333,334,335,-1,335,334,336,-1,335,336,337,-1,337,336,338,-1,337,338,339,-1,339,338,340,-1,339,340,341,-1,341,340,342,-1,341,342,343,-1,343,342,344,-1,343,344,345,-1,345,344,346,-1,345,346,347,-1,347,346,348,-1,347,348,349,-1,349,348,350,-1,349,350,317,-1,317,350,318,-1,349,351,352,-1,353,210,212,-1,349,352,347,-1,347,352,354,-1,347,354,345,-1,345,354,355,-1,345,355,343,-1,343,355,356,-1,343,356,341,-1,341,356,357,-1,341,357,339,-1,339,357,358,-1,339,358,337,-1,337,358,359,-1,337,359,335,-1,335,359,360,-1,335,360,333,-1,333,360,361,-1,333,361,331,-1,331,361,353,-1,331,353,330,-1,330,353,212,-1,330,212,214,-1,317,323,349,-1,349,323,322,-1,349,322,351,-1,351,322,321,-1,351,321,320,-1,210,353,328,-1,328,353,361,-1,328,361,362,-1,362,361,360,-1,362,360,363,-1,363,360,359,-1,363,359,364,-1,364,359,358,-1,364,358,365,-1,365,358,357,-1,365,357,366,-1,366,357,356,-1,366,356,367,-1,367,356,355,-1,367,355,368,-1,368,355,354,-1,368,354,369,-1,369,354,352,-1,369,352,370,-1,370,352,351,-1,370,351,371,-1,371,351,320,-1,371,320,325,-1,203,204,372,-1,372,204,206,-1,325,327,371,-1,371,327,373,-1,371,373,370,-1,370,373,374,-1,370,374,369,-1,369,374,375,-1,369,375,368,-1,368,375,376,-1,368,376,367,-1,367,376,377,-1,367,377,366,-1,366,377,378,-1,366,378,365,-1,365,378,379,-1,365,379,364,-1,364,379,380,-1,364,380,363,-1,363,380,381,-1,363,381,362,-1,362,381,372,-1,362,372,328,-1,328,372,206,-1,328,206,208,-1,202,203,382,-1,382,203,372,-1,382,372,383,-1,383,372,381,-1,383,381,384,-1,384,381,380,-1,384,380,385,-1,385,380,379,-1,385,379,386,-1,386,379,378,-1,386,378,387,-1,387,378,377,-1,387,377,388,-1,388,377,376,-1,388,376,389,-1,389,376,375,-1,389,375,390,-1,390,375,374,-1,390,374,391,-1,391,374,373,-1,391,373,326,-1,326,373,327,-1,326,327,316,-1,316,327,324,-1,392,393,394,-1,392,394,395,-1,395,394,396,-1,395,396,397,-1,398,399,400,-1,398,400,401,-1,401,400,402,-1,401,402,403,-1,
        ]
    }
}
Shape{
    appearance Appearance {
        material  Material 	{
            diffuseColor 0.0 0.0 0.0
            specularColor 0.0 0.0 0.0
            ambientIntensity 0.0
            transparency 0.0
            shininess 0.5
        }
    }
    geometry IndexedFaceSet {
        ccw TRUE
        solid FALSE
        coord DEF co Coordinate {
            point [
                -0.2427 1.7839 2.5308, -0.2427 1.7835 2.5308, -0.2251 1.7835 2.5328, -0.2251 1.7839 2.5328, -0.2104 1.7835 2.538, -0.2104 1.7839 2.538, -0.1979 1.7835 2.5461, -0.1979 1.7839 2.5461, -0.1914 1.7835 2.5523, -0.1914 1.7839 2.5523, -0.1827 1.7835 2.5642, -0.1827 1.7839 2.5642, -0.1762 1.7835 2.5795, -0.1762 1.7839 2.5795, -0.1724 1.7835 2.6019, -0.1724 1.7839 2.6019, -0.1722 1.7835 2.6095, -0.1722 1.7839 2.6095, -0.1757 1.7835 2.6372, -0.1757 1.7839 2.6372, -0.1825 1.7835 2.6542, -0.1825 1.7839 2.6542, -0.1922 1.7835 2.668, -0.1922 1.7839 2.668, -0.1936 1.7835 2.6695, -0.1936 1.7839 2.6695, -0.2058 1.7835 2.6797, -0.2058 1.7839 2.6797, -0.2216 1.7835 2.6874, -0.2216 1.7839 2.6874, -0.2382 1.7835 2.6909, -0.2382 1.7839 2.6909, -0.2483 1.7835 2.6914, -0.2483 1.7839 2.6914, -0.2727 1.7835 2.6883, -0.2727 1.7839 2.6883, -0.293 1.7835 2.6805, -0.293 1.7839 2.6805, -0.2954 1.7835 2.6792, -0.2954 1.7839 2.6792, -0.2956 1.7839 2.7062, -0.2956 1.7835 2.7062, -0.2751 1.7835 2.7123, -0.2751 1.7839 2.7123, -0.251 1.7835 2.7147, -0.251 1.7839 2.7147, -0.2483 1.7835 2.7147, -0.2483 1.7839 2.7147, -0.219 1.7835 2.7113, -0.219 1.7839 2.7113, -0.198 1.7835 2.7032, -0.198 1.7839 2.7032, -0.1792 1.7835 2.6901, -0.1792 1.7839 2.6901, -0.1745 1.7835 2.6857, -0.1745 1.7839 2.6857, -0.1598 1.7835 2.6668, -0.1598 1.7839 2.6668, -0.1503 1.7835 2.6449, -0.1503 1.7839 2.6449, -0.1453 1.7835 2.6155, -0.1453 1.7839 2.6155, -0.1451 1.7835 2.6082, -0.1451 1.7839 2.6082, -0.148 1.7835 2.5786, -0.148 1.7839 2.5786, -0.1555 1.7835 2.5572, -0.1555 1.7839 2.5572, -0.1668 1.7835 2.5396, -0.1668 1.7839 2.5396, -0.1702 1.7835 2.5356, -0.1702 1.7839 2.5356, -0.1863 1.7835 2.5221, -0.1863 1.7839 2.5221, -0.2051 1.7835 2.5131, -0.2051 1.7839 2.5131, -0.2257 1.7835 2.5086, -0.2257 1.7839 2.5086, -0.2388 1.7835 2.5078, -0.2388 1.7839 2.5078, -0.2673 1.7835 2.5101, -0.2673 1.7839 2.5101, -0.2892 1.7835 2.5166, -0.2892 1.7839 2.5166, -0.2943 1.7835 2.5191, -0.2943 1.7839 2.5191, -0.2945 1.7839 2.5439, -0.2945 1.7835 2.5439, -0.2748 1.7835 2.5352, -0.2748 1.7839 2.5352, -0.2534 1.7835 2.5312, -0.2534 1.7839 2.5312, -0.0549 1.7839 2.2851, -0.0544 1.7839 2.2178, -0.0549 1.7835 2.2851, -0.0544 1.7835 2.2178, -0.1264 1.7839 2.2846, -0.1264 1.7835 2.2846, -0.1266 1.7839 2.3075, -0.1266 1.7835 2.3075, -0.055 1.7839 2.308, -0.055 1.7835 2.308, -0.0555 1.7839 2.3721, -0.0555 1.7835 2.3721, -0.1327 1.7839 2.3715, -0.1327 1.7835 2.3715, -0.1329 1.7839 2.3946, -0.1329 1.7835 2.3946, -0.0298 1.7839 2.3953, -0.0298 1.7835 2.3953, -0.0284 1.7839 2.1951, -0.0284 1.7835 2.1951, -0.136 1.7839 2.1944, -0.136 1.7835 2.1944, -0.1362 1.7839 2.2172, -0.1362 1.7835 2.2172, -0.2749 1.7839 2.1934, -0.2498 1.7839 2.1936, -0.2749 1.7835 2.1934, -0.2498 1.7835 2.1936, -0.2756 1.7839 2.2854, -0.2756 1.7835 2.2854, -0.2736 1.7835 2.3052, -0.2736 1.7839 2.3052, -0.2699 1.7835 2.3158, -0.2699 1.7839 2.3158, -0.2649 1.7835 2.3239, -0.2649 1.7839 2.3239, -0.2586 1.7835 2.3301, -0.2586 1.7839 2.3301, -0.2504 1.7835 2.335, -0.2504 1.7839 2.335, -0.2384 1.7835 2.3387, -0.2384 1.7839 2.3387, -0.2243 1.7835 2.34, -0.2243 1.7839 2.34, -0.1987 1.7835 2.337, -0.1987 1.7839 2.337, -0.18 1.7835 2.3299, -0.18 1.7839 2.3299, -0.1749 1.7835 2.327, -0.1749 1.7839 2.327, -0.1748 1.7839 2.3027, -0.1748 1.7835 2.3027, -0.1895 1.7835 2.3122, -0.1895 1.7839 2.3122, -0.2053 1.7835 2.3179, -0.2053 1.7839 2.3179, -0.2218 1.7835 2.3196, -0.2218 1.7839 2.3196, -0.2299 1.7835 2.3188, -0.2299 1.7839 2.3188, -0.2356 1.7835 2.3168, -0.2356 1.7839 2.3168, -0.2401 1.7835 2.314, -0.2401 1.7839 2.314, -0.244 1.7835 2.3099, -0.244 1.7839 2.3099, -0.2457 1.7835 2.3074, -0.2457 1.7839 2.3074, -0.2486 1.7835 2.3005, -0.2486 1.7839 2.3005, -0.2504 1.7835 2.2891, -0.2504 1.7839 2.2891, -0.2505 1.7835 2.2844, -0.2505 1.7839 2.2844, -0.2081 1.7839 2.2788, -0.2081 1.7835 2.2788, -0.1884 1.7835 2.274, -0.1884 1.7839 2.274, -0.1781 1.7835 2.2687, -0.1781 1.7839 2.2687, -0.1706 1.7835 2.2622, -0.1706 1.7839 2.2622, -0.1655 1.7835 2.255, -0.1655 1.7839 2.255, -0.1621 1.7835 2.2464, -0.1621 1.7839 2.2464, -0.1603 1.7835 2.2338, -0.1603 1.7839 2.2338, -0.1603 1.7835 2.2325, -0.1603 1.7839 2.2325, -0.1614 1.7835 2.2212, -0.1614 1.7839 2.2212, -0.1644 1.7835 2.2127, -0.1644 1.7839 2.2127, -0.1689 1.7835 2.2057, -0.1689 1.7839 2.2057, -0.1724 1.7835 2.202, -0.1724 1.7839 2.202, -0.1805 1.7835 2.1962, -0.1805 1.7839 2.1962, -0.1896 1.7835 2.1926, -0.1896 1.7839 2.1926, -0.2033 1.7835 2.1905, -0.2033 1.7839 2.1905, -0.2053 1.7835 2.1905, -0.2053 1.7839 2.1905, -0.2197 1.7835 2.1922, -0.2197 1.7839 2.1922, -0.2296 1.7835 2.196, -0.2296 1.7839 2.196, -0.2347 1.7835 2.1992, -0.2347 1.7839 2.1992, -0.243 1.7835 2.2068, -0.243 1.7839 2.2068, -0.2493 1.7835 2.2157, -0.2493 1.7839 2.2157, -0.25 1.7839 2.2157, -0.25 1.7835 2.2157, -0.4475 1.7839 2.3351, -0.4841 1.7839 2.2274, -0.4475 1.7835 2.3351, -0.4841 1.7835 2.2274, -0.4195 1.7839 2.3353, -0.4195 1.7835 2.3353, -0.4746 1.7839 2.1923, -0.4746 1.7835 2.1923, -0.4634 1.7839 2.1664, -0.4634 1.7835 2.1664, -0.4587 1.7835 2.1577, -0.4587 1.7839 2.1577, -0.4536 1.7835 2.1521, -0.4536 1.7839 2.1521, -0.449 1.7835 2.149, -0.449 1.7839 2.149, -0.4434 1.7835 2.147, -0.4434 1.7839 2.147, -0.4375 1.7835 2.1464, -0.4375 1.7839 2.1464, -0.4288 1.7835 2.1475, -0.4288 1.7839 2.1475, -0.4233 1.7835 2.1493, -0.4233 1.7839 2.1493, -0.4232 1.7839 2.127, -0.4232 1.7835 2.127, -0.4312 1.7835 2.1254, -0.4312 1.7839 2.1254, -0.4393 1.7835 2.1249, -0.4393 1.7839 2.1249, -0.4495 1.7835 2.126, -0.4495 1.7839 2.126, -0.4586 1.7835 2.1293, -0.4586 1.7839 2.1293, -0.4671 1.7835 2.1348, -0.4671 1.7839 2.1348, -0.4761 1.7835 2.1441, -0.4761 1.7839 2.1441, -0.4874 1.7835 2.1627, -0.4874 1.7839 2.1627, -0.4907 1.7835 2.1703, -0.4907 1.7839 2.1703, -0.5567 1.7839 2.3344, -0.5567 1.7835 2.3344, -0.5307 1.7839 2.3345, -0.5307 1.7835 2.3345, -0.4909 1.7839 2.2272, -0.4909 1.7835 2.2272, -0.4892 1.7835 2.2214, -0.4892 1.7839 2.2214, -0.4878 1.7835 2.2156, -0.4878 1.7839 2.2156, -0.4871 1.7839 2.2156, -0.4871 1.7835 2.2156
            ]
        }
        coordIndex [
            0,1,2,-1,0,2,3,-1,3,2,4,-1,3,4,5,-1,5,4,6,-1,5,6,7,-1,7,6,8,-1,7,8,9,-1,9,8,10,-1,9,10,11,-1,11,10,12,-1,11,12,13,-1,13,12,14,-1,13,14,15,-1,15,14,16,-1,15,16,17,-1,17,16,18,-1,17,18,19,-1,19,18,20,-1,19,20,21,-1,21,20,22,-1,21,22,23,-1,23,22,24,-1,23,24,25,-1,25,24,26,-1,25,26,27,-1,27,26,28,-1,27,28,29,-1,29,28,30,-1,29,30,31,-1,31,30,32,-1,31,32,33,-1,33,32,34,-1,33,34,35,-1,35,34,36,-1,35,36,37,-1,37,36,38,-1,37,38,39,-1,40,39,41,-1,41,39,38,-1,40,41,42,-1,40,42,43,-1,43,42,44,-1,43,44,45,-1,45,44,46,-1,45,46,47,-1,47,46,48,-1,47,48,49,-1,49,48,50,-1,49,50,51,-1,51,50,52,-1,51,52,53,-1,53,52,54,-1,53,54,55,-1,55,54,56,-1,55,56,57,-1,57,56,58,-1,57,58,59,-1,59,58,60,-1,59,60,61,-1,61,60,62,-1,61,62,63,-1,63,62,64,-1,63,64,65,-1,65,64,66,-1,65,66,67,-1,67,66,68,-1,67,68,69,-1,69,68,70,-1,69,70,71,-1,71,70,72,-1,71,72,73,-1,73,72,74,-1,73,74,75,-1,75,74,76,-1,75,76,77,-1,77,76,78,-1,77,78,79,-1,79,78,80,-1,79,80,81,-1,81,80,82,-1,81,82,83,-1,83,82,84,-1,83,84,85,-1,86,85,87,-1,87,85,84,-1,86,87,88,-1,86,88,89,-1,89,88,90,-1,89,90,91,-1,91,90,1,-1,91,1,0,-1,92,93,94,-1,94,93,95,-1,96,92,97,-1,97,92,94,-1,98,96,99,-1,99,96,97,-1,100,98,101,-1,101,98,99,-1,102,100,103,-1,103,100,101,-1,104,102,105,-1,105,102,103,-1,106,104,107,-1,107,104,105,-1,108,106,109,-1,109,106,107,-1,110,108,111,-1,111,108,109,-1,112,110,113,-1,113,110,111,-1,114,112,115,-1,115,112,113,-1,93,114,95,-1,95,114,115,-1,116,117,118,-1,118,117,119,-1,120,116,121,-1,121,116,118,-1,120,121,122,-1,120,122,123,-1,123,122,124,-1,123,124,125,-1,125,124,126,-1,125,126,127,-1,127,126,128,-1,127,128,129,-1,129,128,130,-1,129,130,131,-1,131,130,132,-1,131,132,133,-1,133,132,134,-1,133,134,135,-1,135,134,136,-1,135,136,137,-1,137,136,138,-1,137,138,139,-1,139,138,140,-1,139,140,141,-1,142,141,143,-1,143,141,140,-1,142,143,144,-1,142,144,145,-1,145,144,146,-1,145,146,147,-1,147,146,148,-1,147,148,149,-1,149,148,150,-1,149,150,151,-1,151,150,152,-1,151,152,153,-1,153,152,154,-1,153,154,155,-1,155,154,156,-1,155,156,157,-1,157,156,158,-1,157,158,159,-1,159,158,160,-1,159,160,161,-1,161,160,162,-1,161,162,163,-1,163,162,164,-1,163,164,165,-1,166,165,167,-1,167,165,164,-1,166,167,168,-1,166,168,169,-1,169,168,170,-1,169,170,171,-1,171,170,172,-1,171,172,173,-1,173,172,174,-1,173,174,175,-1,175,174,176,-1,175,176,177,-1,177,176,178,-1,177,178,179,-1,179,178,180,-1,179,180,181,-1,181,180,182,-1,181,182,183,-1,183,182,184,-1,183,184,185,-1,185,184,186,-1,185,186,187,-1,187,186,188,-1,187,188,189,-1,189,188,190,-1,189,190,191,-1,191,190,192,-1,191,192,193,-1,193,192,194,-1,193,194,195,-1,195,194,196,-1,195,196,197,-1,197,196,198,-1,197,198,199,-1,199,198,200,-1,199,200,201,-1,201,200,202,-1,201,202,203,-1,203,202,204,-1,203,204,205,-1,205,204,206,-1,205,206,207,-1,208,207,209,-1,209,207,206,-1,117,208,119,-1,119,208,209,-1,210,211,212,-1,212,211,213,-1,214,210,215,-1,215,210,212,-1,216,214,217,-1,217,214,215,-1,218,216,219,-1,219,216,217,-1,218,219,220,-1,218,220,221,-1,221,220,222,-1,221,222,223,-1,223,222,224,-1,223,224,225,-1,225,224,226,-1,225,226,227,-1,227,226,228,-1,227,228,229,-1,229,228,230,-1,229,230,231,-1,231,230,232,-1,231,232,233,-1,234,233,235,-1,235,233,232,-1,234,235,236,-1,234,236,237,-1,237,236,238,-1,237,238,239,-1,239,238,240,-1,239,240,241,-1,241,240,242,-1,241,242,243,-1,243,242,244,-1,243,244,245,-1,245,244,246,-1,245,246,247,-1,247,246,248,-1,247,248,249,-1,249,248,250,-1,249,250,251,-1,252,251,253,-1,253,251,250,-1,254,252,255,-1,255,252,253,-1,256,254,257,-1,257,254,255,-1,256,257,258,-1,256,258,259,-1,259,258,260,-1,259,260,261,-1,262,261,263,-1,263,261,260,-1,211,262,213,-1,213,262,263,-1,
        ]
    }
}
Shape{
    appearance Appearance {
        material  Material 	{
            diffuseColor 0.8509803921568627 0.8509803921568627 0.8509803921568627
            specularColor 0.4235294117647059 0.4235294117647059 0.4235294117647059
            ambientIntensity 0.851
            transparency 0.0
            shininess 0.5
        }
    }
    geometry IndexedFaceSet {
        ccw TRUE
        solid FALSE
        coord DEF co Coordinate {
            point [
                -3.122 1.0354 1.8425, -3.122 1.1079 1.8425, -3.122 1.1079 2.4331, -3.122 0.7598 1.8425, -3.122 0.6417 2.4331, -3.122 0.6125 2.4294, -3.122 0.5866 2.4194, -3.122 0.5619 2.402, -3.122 0.5482 2.3871, -3.122 0.5336 2.3625, -3.122 0.5255 2.3357, -3.122 0.5236 2.315, -3.122 0.7598 0.8976, -3.122 0.5236 0.6344, -3.122 1.0354 0.8976, -3.122 1.1079 0.6344, -3.122 1.1079 0.8976, -3.122 1.1079 0.6344, -3.122 1.311 0.8976, -3.122 1.6851 0.6344, -3.122 1.311 1.8425, -3.122 1.6851 2.4331, -3.122 1.1649 2.4331, -3.1061 1.7636 2.485, -3.1052 1.7438 2.485, -3.1042 1.7439 2.4883, -3.1513 1.7698 2.4506, -3.1563 1.7671 2.4482, -3.1346 1.7342 2.4481, -3.1169 1.7103 2.4503, -3.1154 1.7111 2.4526, -3.1199 1.7199 2.4526, -3.1434 1.7272 2.4423, -3.1461 1.7243 2.4406, -3.1314 1.7111 2.4406, -3.1276 1.6995 2.4366, -3.1265 1.7013 2.4378, -3.1347 1.7068 2.4378, -3.116 1.6992 2.4424, -3.1152 1.6999 2.4441, -3.1213 1.7072 2.4441, -3.1136 1.7011 2.4474, -3.1132 1.7014 2.4481, -3.1183 1.7094 2.4481, -3.1096 1.7031 2.4578, -3.1126 1.7123 2.4577, -3.105 1.7045 2.4803, -3.1048 1.7045 2.4818, -3.105 1.724 2.4816, -3.1042 1.724 2.485, -3.1044 1.7045 2.4851, -3.104 1.7046 2.4884, -3.1034 1.7439 2.4917, -3.1032 1.7046 2.4952, -3.1028 1.7439 2.4951, -3.1024 1.7047 2.502, -3.1024 1.7835 2.502, -3.1055 1.7044 2.4753, -3.1094 1.7032 2.4586, -3.1078 1.7038 2.4632, -3.1101 1.7131 2.4631, -3.1065 1.7043 2.467, -3.1078 1.7136 2.469, -3.1059 1.7139 2.4752, -3.1114 1.7024 2.4527, -3.1123 1.702 2.4499, -3.1286 1.6976 2.4356, -3.1199 1.6938 2.436, -3.1194 1.6947 2.4368, -3.1201 1.6935 2.4357, -3.1295 1.6956 2.4348, -3.1204 1.6929 2.4353, -3.1302 1.6935 2.4341, -3.1212 1.6908 2.4342, -3.1214 1.6901 2.4339, -3.1396 1.6964 2.4341, -3.1215 1.6895 2.4337, -3.1404 1.6936 2.4336, -3.1215 1.6893 2.4337, -3.1218 1.6879 2.4333, -3.1991 1.6991 2.4335, -3.2007 1.6881 2.4331, -3.1224 1.6985 2.4378, -3.1233 1.697 2.4366, -3.1187 1.696 2.4379, -3.1375 1.7019 2.4356, -3.1219 1.6873 2.4332, -3.1605 1.6935 2.4333, -3.1597 1.6979 2.4336, -3.1586 1.7022 2.4341, -3.1554 1.7104 2.4356, -3.1512 1.7179 2.4378, -3.1836 1.7396 2.438, -3.1885 1.7327 2.4365, -3.1892 1.7308 2.4362, -3.1142 1.7006 2.4461, -3.1198 1.7083 2.446, -3.1238 1.7176 2.4481, -3.1218 1.7189 2.4503, -3.1317 1.736 2.4503, -3.1376 1.7553 2.4526, -3.1257 1.7163 2.446, -3.1161 1.7216 2.4577, -3.1127 1.7227 2.4631, -3.1071 1.7238 2.4752, -3.1083 1.7336 2.4752, -3.1115 1.7331 2.469, -3.1097 1.7234 2.469, -3.1153 1.7322 2.4631, -3.1196 1.7308 2.4577, -3.1243 1.7288 2.4526, -3.1288 1.7376 2.4526, -3.1231 1.7401 2.4577, -3.1301 1.7586 2.4577, -3.118 1.7418 2.4631, -3.1232 1.7609 2.4631, -3.1134 1.7428 2.469, -3.1171 1.7623 2.469, -3.1145 1.7826 2.4755, -3.1195 1.7818 2.4705, -3.1119 1.7631 2.4752, -3.1095 1.7434 2.4752, -3.1093 1.7832 2.4818, -3.1111 1.7831 2.4789, -3.1077 1.7635 2.4816, -3.1097 1.7633 2.4784, -3.1064 1.7437 2.4816, -3.1078 1.7436 2.4784, -3.1073 1.7833 2.4851, -3.1975 1.7093 2.4339, -3.1973 1.7111 2.4339, -3.1962 1.7137 2.4342, -3.1907 1.7273 2.4358, -3.1186 1.6962 2.438, -3.1214 1.6999 2.4391, -3.1253 1.703 2.4391, -3.1659 1.7594 2.4443, -3.1749 1.7515 2.4409, -3.1754 1.7511 2.4407, -3.1756 1.7508 2.4406, -3.1171 1.698 2.4407, -3.1203 1.7012 2.4406, -3.124 1.7045 2.4406, -3.1296 1.713 2.4423, -3.1405 1.7298 2.4441, -3.1621 1.7627 2.4458, -3.1585 1.7659 2.4472, -3.1376 1.7321 2.446, -3.1277 1.7147 2.4441, -3.1227 1.7059 2.4423, -3.1192 1.7024 2.4423, -3.1161 1.6991 2.4423, -3.117 1.6981 2.4407, -3.1225 1.7814 2.4675, -3.1286 1.7795 2.4635, -3.1394 1.7762 2.4563, -3.1417 1.775 2.4552, -3.1464 1.7724 2.453, -3.103 1.7835 2.4955, -3.1032 1.7835 2.4951, -3.1043 1.7834 2.4918, -3.1054 1.7834 2.4883, -3.1056 1.7834 2.4877, -3.0236 1.7441 0.3661, -3.0236 1.7047 0.3661, -3.063 1.7047 0.3661, -3.122 0.6417 0.3661, -3.2008 0.6417 0.3661, -3.122 1.1079 0.3661, -3.2008 1.1043 0.3661, -3.122 1.2126 0.3661, -3.2008 1.2126 0.3661, -3.122 1.6851 0.3661, -3.2008 1.685 0.3661, -3.1215 1.6895 0.3661, -3.1977 1.7094 0.3661, -3.12 1.6939 0.3661, -3.1894 1.7309 0.3661, -3.1171 1.6981 0.3661, -3.1749 1.7516 0.3661, -3.1136 1.7012 0.3661, -3.1624 1.763 0.3661, -3.1094 1.7034 0.3661, -3.1418 1.7752 0.3661, -3.1049 1.7046 0.3661, -3.1195 1.782 0.3661, -3.1024 1.7047 0.3661, -3.1024 1.7835 0.3661, -3.063 1.7835 0.3661, -3.0236 1.7835 0.3661, -3.1049 1.7046 0.6344, -3.1024 1.7047 0.6344, -3.1049 1.7046 0.6344, -3.1094 1.7034 0.6344, -3.1094 1.7034 0.6344, -3.1136 1.7012 0.6344, -3.1136 1.7012 0.6344, -3.1171 1.6981 0.6344, -3.1171 1.6981 0.6344, -3.12 1.6939 0.6344, -3.1215 1.6895 0.6344, -3.1215 1.6895 0.6344, -3.12 1.6939 0.6344, -2.3031 1.7289 3.7058, -2.3031 1.7293 3.7056, 2.3031 1.7293 3.7054, 0.0 1.8032 3.5961, 2.3031 1.8032 3.5961, 2.3031 1.8002 3.6211, -2.3031 1.7996 3.6244, -2.3031 1.8032 3.5961, 2.3031 1.7999 3.6235, 2.3031 1.7996 3.6244, -2.3031 1.7047 3.7126, 0.0 1.7047 3.7126, 2.3031 1.7047 3.7126, -2.3031 1.7542 3.6918, 2.3031 1.7542 3.6918, -2.3031 1.7538 3.6922, 2.3031 1.7328 3.7039, 2.3031 1.7312 3.7049, 2.3031 1.7755 3.672, 2.3031 1.7753 3.6724, -2.3031 1.7753 3.6724, 2.3031 1.7566 3.6898, 2.3031 1.7551 3.6912, 2.3031 1.791 3.6479, -2.3031 1.7899 3.6504, -2.3031 1.7995 3.6254, -2.3031 1.7755 3.672, -2.3031 1.7895 3.6512, 2.3031 1.7899 3.6503, 2.3031 1.7905 3.6494, -2.3468 1.7995 3.6196, -2.3535 1.7895 3.6446, -2.3031 1.7899 3.263, -2.3031 1.7995 3.288, -2.3468 1.7995 3.2938, -2.359 1.7753 3.665, -2.3031 1.7755 3.2414, -2.3031 1.7895 3.2622, -2.3535 1.7895 3.2688, -2.3641 1.7538 3.6841, -2.3031 1.7542 3.2216, -2.3031 1.7753 3.241, -2.359 1.7753 3.2484, -2.3676 1.7289 3.6973, -2.3031 1.7293 3.2078, -2.3031 1.7538 3.2212, -2.3641 1.7538 3.2293, -2.3031 1.7996 3.2889, -2.3031 1.8032 3.3172, -2.3392 1.8032 3.322, -2.3694 1.7047 3.7039, -2.4277 1.7289 3.6724, -2.4311 1.7047 3.6783, -2.4793 1.7289 3.6328, -2.4841 1.7047 3.6376, -2.5189 1.7289 3.5812, -2.5248 1.7047 3.5846, -2.5438 1.7289 3.5212, -2.5503 1.7047 3.5229, -2.5523 1.7289 3.4567, -2.5591 1.7047 3.4567, -2.5438 1.7289 3.3922, -2.5503 1.7047 3.3905, -2.5189 1.7289 3.3321, -2.5248 1.7047 3.3287, -2.4793 1.7289 3.2806, -2.4841 1.7047 3.2757, -2.4277 1.7289 3.241, -2.4311 1.7047 3.2351, -2.3676 1.7289 3.2161, -2.3694 1.7047 3.2095, -2.3031 1.7289 3.2076, -2.3031 1.7047 3.2008, -2.4209 1.7538 3.6606, -2.4696 1.7538 3.6232, -2.5071 1.7538 3.5744, -2.5306 1.7538 3.5176, -2.5386 1.7538 3.4567, -2.5306 1.7538 3.3958, -2.5071 1.7538 3.339, -2.4696 1.7538 3.2902, -2.4209 1.7538 3.2528, -2.411 1.7753 3.6435, -2.4557 1.7753 3.6092, -2.4899 1.7753 3.5645, -2.5115 1.7753 3.5125, -2.5188 1.7753 3.4567, -2.5115 1.7753 3.4009, -2.4899 1.7753 3.3489, -2.4557 1.7753 3.3042, -2.411 1.7753 3.2699, -2.4004 1.7895 3.6252, -2.4407 1.7895 3.5943, -2.4716 1.7895 3.554, -2.4911 1.7895 3.507, -2.4977 1.7895 3.4567, -2.4911 1.7895 3.4063, -2.4716 1.7895 3.3594, -2.4407 1.7895 3.3191, -2.4004 1.7895 3.2882, -2.3875 1.7995 3.6028, -2.4224 1.7995 3.576, -2.4492 1.7995 3.541, -2.4661 1.7995 3.5004, -2.4718 1.7995 3.4567, -2.4661 1.7995 3.413, -2.4492 1.7995 3.3724, -2.4224 1.7995 3.3374, -2.3875 1.7995 3.3106, -2.3392 1.8032 3.5914, -2.3729 1.8032 3.5775, -2.4018 1.8032 3.5553, -2.4239 1.8032 3.5264, -2.4378 1.8032 3.4928, -2.4426 1.8032 3.4567, -2.4378 1.8032 3.4206, -2.4239 1.8032 3.387, -2.4018 1.8032 3.3581, -2.3729 1.8032 3.3359, 0.0 1.8032 3.3172, 0.0 1.7047 3.2008, 2.3031 1.7047 3.2008, 2.3031 1.7293 3.2082, 2.3031 1.7755 3.2414, 2.3031 1.7753 3.241, 2.3031 1.7329 3.2093, 2.3031 1.7541 3.2218, 2.3031 1.7568 3.2234, 2.3031 1.7897 3.2632, 2.3031 1.7912 3.2654, 2.3031 1.7994 3.289, 2.3031 1.8005 3.2923, 2.3031 1.8032 3.3172, 2.3647 1.7047 3.2083, 2.3627 1.7329 3.2166, 2.355 1.7753 3.2473, 2.3492 1.7912 3.271, 2.34 1.8005 3.6169, 2.346 1.7912 3.6431, 2.3554 1.7568 3.684, 2.3586 1.7329 3.6978, 2.3365 1.8032 3.3213, 2.3427 1.8005 3.2971, 2.3344 1.8032 3.5924, 2.3365 1.8032 3.5921, 2.3775 1.8005 3.6034, 2.368 1.8032 3.5802, 2.4106 1.8005 3.5812, 2.3956 1.8032 3.5611, 2.4374 1.8005 3.5517, 2.4179 1.8032 3.5359, 2.4563 1.8005 3.5166, 2.4335 1.8032 3.5061, 2.4662 1.8005 3.478, 2.4416 1.8032 3.4735, 2.4665 1.8005 3.4382, 2.4416 1.8032 3.4399, 2.4573 1.8005 3.3994, 2.4335 1.8032 3.4072, 2.439 1.8005 3.364, 2.4179 1.8032 3.3775, 2.4127 1.8005 3.334, 2.3956 1.8032 3.3523, 2.3799 1.8005 3.3113, 2.368 1.8032 3.3332, 2.3367 1.8032 3.3214, 2.3925 1.7912 3.2876, 2.4305 1.7912 3.314, 2.4611 1.7912 3.3489, 2.4824 1.7912 3.39, 2.4932 1.7912 3.4351, 2.4928 1.7912 3.4815, 2.4813 1.7912 3.5264, 2.4593 1.7912 3.5672, 2.4281 1.7912 3.6015, 2.3896 1.7912 3.6273, 2.4039 1.7753 3.266, 2.4468 1.7753 3.2958, 2.4813 1.7753 3.3351, 2.5053 1.7753 3.3815, 2.5175 1.7753 3.4324, 2.517 1.7753 3.4847, 2.504 1.7753 3.5353, 2.4792 1.7753 3.5813, 2.4441 1.7753 3.62, 2.4006 1.7753 3.6491, 2.3515 1.7753 3.6669, 2.3593 1.7568 3.2303, 2.4121 1.7568 3.2504, 2.4585 1.7568 3.2827, 2.4958 1.7568 3.3252, 2.5218 1.7568 3.3754, 2.5349 1.7568 3.4304, 2.5345 1.7568 3.4869, 2.5204 1.7568 3.5417, 2.4936 1.7568 3.5915, 2.4555 1.7568 3.6333, 2.4086 1.7568 3.6648, 2.4187 1.7329 3.2379, 2.4679 1.7329 3.2722, 2.5075 1.7329 3.3172, 2.535 1.7329 3.3705, 2.549 1.7329 3.4288, 2.5485 1.7329 3.4888, 2.5335 1.7329 3.5468, 2.5051 1.7329 3.5996, 2.4648 1.7329 3.644, 2.415 1.7329 3.6774, 2.4227 1.7047 3.2304, 2.4736 1.7047 3.2658, 2.5145 1.7047 3.3124, 2.543 1.7047 3.3675, 2.5574 1.7047 3.4278, 2.5569 1.7047 3.4899, 2.5415 1.7047 3.5499, 2.512 1.7047 3.6045, 2.4703 1.7047 3.6504, 2.4188 1.7047 3.685, 2.3605 1.7047 3.7061, 0.0 1.8032 1.5095, 2.3031 1.8032 1.5095, 2.3031 1.7995 1.5387, 2.3031 1.7289 1.6192, 2.3031 1.7047 1.626, 0.0 1.7047 1.626, -2.3031 1.7753 1.5858, 2.3031 1.7538 1.6055, -2.3031 1.7538 1.6055, -2.3031 1.7289 1.6192, -2.3031 1.7047 1.626, -2.3031 1.8032 1.5095, -2.3031 1.7995 1.5387, -2.3031 1.7995 1.5388, 2.3031 1.7995 1.5388, -2.3031 1.7895 1.5646, 2.3031 1.7895 1.5646, -2.3031 1.7895 1.5646, 2.3031 1.7895 1.5646, 2.3031 1.7753 1.5858, -2.3031 1.7996 1.2023, -2.3031 1.8032 1.2306, -2.3392 1.8032 1.2354, -2.3031 1.7899 1.1764, -2.3031 1.7995 1.2014, -2.3468 1.7995 1.2071, -2.3031 1.7755 1.1548, -2.3031 1.7895 1.1755, -2.3535 1.7895 1.1822, -2.3031 1.7542 1.1349, -2.3031 1.7753 1.1544, -2.359 1.7753 1.1617, -2.3031 1.7293 1.1212, -2.3031 1.7538 1.1346, -2.3641 1.7538 1.1426, -2.3031 1.7289 1.6192, -2.3676 1.7289 1.6107, -2.3694 1.7047 1.6173, -2.4277 1.7289 1.5858, -2.4311 1.7047 1.5917, -2.4793 1.7289 1.5462, -2.4841 1.7047 1.551, -2.5189 1.7289 1.4946, -2.5248 1.7047 1.498, -2.5438 1.7289 1.4346, -2.5503 1.7047 1.4363, -2.5523 1.7289 1.3701, -2.5591 1.7047 1.3701, -2.5438 1.7289 1.3056, -2.5503 1.7047 1.3038, -2.5189 1.7289 1.2455, -2.5248 1.7047 1.2421, -2.4793 1.7289 1.1939, -2.4841 1.7047 1.1891, -2.4277 1.7289 1.1543, -2.4311 1.7047 1.1485, -2.3676 1.7289 1.1295, -2.3694 1.7047 1.1229, -2.3031 1.7289 1.121, -2.3031 1.7047 1.1142, -2.3031 1.7538 1.6055, -2.3641 1.7538 1.5975, -2.4209 1.7538 1.574, -2.4696 1.7538 1.5366, -2.5071 1.7538 1.4878, -2.5306 1.7538 1.431, -2.5386 1.7538 1.3701, -2.5306 1.7538 1.3091, -2.5071 1.7538 1.2523, -2.4696 1.7538 1.2036, -2.4209 1.7538 1.1662, -2.359 1.7753 1.5784, -2.411 1.7753 1.5569, -2.4557 1.7753 1.5226, -2.4899 1.7753 1.4779, -2.5115 1.7753 1.4259, -2.5188 1.7753 1.3701, -2.5115 1.7753 1.3143, -2.4899 1.7753 1.2622, -2.4557 1.7753 1.2176, -2.411 1.7753 1.1833, -2.3535 1.7895 1.558, -2.4004 1.7895 1.5386, -2.4407 1.7895 1.5076, -2.4716 1.7895 1.4674, -2.4911 1.7895 1.4204, -2.4977 1.7895 1.3701, -2.4911 1.7895 1.3197, -2.4716 1.7895 1.2728, -2.4407 1.7895 1.2325, -2.4004 1.7895 1.2016, -2.3875 1.7995 1.224, -2.4224 1.7995 1.2508, -2.4492 1.7995 1.2857, -2.4661 1.7995 1.3264, -2.4718 1.7995 1.3701, -2.4661 1.7995 1.4137, -2.4492 1.7995 1.4544, -2.4224 1.7995 1.4894, -2.3875 1.7995 1.5162, -2.3468 1.7995 1.533, -2.3729 1.8032 1.2493, -2.4018 1.8032 1.2715, -2.4239 1.8032 1.3004, -2.4378 1.8032 1.334, -2.4426 1.8032 1.3701, -2.4378 1.8032 1.4062, -2.4239 1.8032 1.4398, -2.4018 1.8032 1.4687, -2.3729 1.8032 1.4908, -2.3392 1.8032 1.5048, 0.0 1.7047 1.1142, 2.3031 1.7047 1.1142, 2.3031 1.7289 1.121, 0.0 1.8032 1.2306, 2.3031 1.8032 1.2306, 2.3031 1.7996 1.2023, 2.3031 1.7995 1.2014, 2.3031 1.7899 1.1764, 2.3031 1.7895 1.1755, 2.3031 1.7755 1.1548, 2.3031 1.7753 1.1544, 2.3031 1.7542 1.1349, 2.3031 1.7538 1.1346, 2.3031 1.7293 1.1212, 2.3468 1.7995 1.2071, 2.3535 1.7895 1.1822, 2.359 1.7753 1.1617, 2.3641 1.7538 1.1426, 2.3676 1.7289 1.1295, 2.3694 1.7047 1.1229, 2.4277 1.7289 1.1543, 2.4311 1.7047 1.1485, 2.4793 1.7289 1.1939, 2.4841 1.7047 1.1891, 2.5189 1.7289 1.2455, 2.5248 1.7047 1.2421, 2.5438 1.7289 1.3056, 2.5503 1.7047 1.3038, 2.5523 1.7289 1.3701, 2.5591 1.7047 1.3701, 2.5438 1.7289 1.4346, 2.5503 1.7047 1.4363, 2.5189 1.7289 1.4946, 2.5248 1.7047 1.498, 2.4793 1.7289 1.5462, 2.4841 1.7047 1.551, 2.4277 1.7289 1.5858, 2.4311 1.7047 1.5917, 2.3676 1.7289 1.6107, 2.3694 1.7047 1.6173, 2.3641 1.7538 1.5975, 2.4209 1.7538 1.574, 2.4696 1.7538 1.5366, 2.5071 1.7538 1.4878, 2.5306 1.7538 1.431, 2.5386 1.7538 1.3701, 2.5306 1.7538 1.3091, 2.5071 1.7538 1.2523, 2.4696 1.7538 1.2036, 2.4209 1.7538 1.1662, 2.411 1.7753 1.1833, 2.4557 1.7753 1.2176, 2.4899 1.7753 1.2622, 2.5115 1.7753 1.3143, 2.5188 1.7753 1.3701, 2.5115 1.7753 1.4259, 2.4899 1.7753 1.4779, 2.4557 1.7753 1.5226, 2.411 1.7753 1.5569, 2.359 1.7753 1.5784, 2.4004 1.7895 1.2016, 2.4407 1.7895 1.2325, 2.4716 1.7895 1.2728, 2.4911 1.7895 1.3197, 2.4977 1.7895 1.3701, 2.4911 1.7895 1.4204, 2.4716 1.7895 1.4674, 2.4407 1.7895 1.5076, 2.4004 1.7895 1.5386, 2.3535 1.7895 1.558, 2.3468 1.7995 1.533, 2.3875 1.7995 1.224, 2.4224 1.7995 1.2508, 2.4492 1.7995 1.2857, 2.4661 1.7995 1.3264, 2.4718 1.7995 1.3701, 2.4661 1.7995 1.4137, 2.4492 1.7995 1.4544, 2.4224 1.7995 1.4894, 2.3875 1.7995 1.5162, 2.3031 1.7538 1.6055, 2.3031 1.7289 1.6192, 2.3392 1.8032 1.5048, 2.3392 1.8032 1.2354, 2.3729 1.8032 1.2493, 2.4018 1.8032 1.2715, 2.4239 1.8032 1.3004, 2.4378 1.8032 1.334, 2.4426 1.8032 1.3701, 2.4378 1.8032 1.4062, 2.4239 1.8032 1.4398, 2.4018 1.8032 1.4687, 2.3729 1.8032 1.4908, 1.122 1.7835 0.6811, 1.122 1.7835 0.6344, 1.122 1.7441 0.6344, 1.122 1.7441 0.6811, 1.122 1.7047 0.6344, 1.122 1.7047 0.6811, 1.12 1.7047 0.6989, 1.0433 1.7047 0.7598, 1.0433 1.7835 0.7598, 1.0536 1.7835 0.7592, 1.0536 1.7047 0.7592, 1.0734 1.7835 0.7539, 1.0734 1.7047 0.7539, 1.0895 1.7835 0.7449, 1.0895 1.7047 0.7449, 1.103 1.7835 0.7324, 1.103 1.7047 0.7324, 1.1139 1.7835 0.716, 1.1139 1.7047 0.716, 1.12 1.7835 0.6989, -1.0433 1.7047 0.7598, -1.0433 1.7835 0.7598, 0.0 1.7047 0.7598, 0.7445 1.7835 0.7598, -1.122 1.7441 0.6811, -1.122 1.7835 0.6811, -1.1203 1.7835 0.6978, -1.0541 1.7047 0.7591, -1.0541 1.7835 0.7591, -1.0721 1.7047 0.7544, -1.0721 1.7835 0.7544, -1.0889 1.7047 0.7453, -1.0889 1.7835 0.7453, -1.1032 1.7047 0.7322, -1.1032 1.7835 0.7322, -1.1143 1.7047 0.7152, -1.1143 1.7835 0.7152, -1.1203 1.7047 0.6978, -1.122 1.7047 0.6811, -1.122 1.7047 0.6344, -1.122 1.7441 0.6344, -1.122 1.7835 0.6344, -1.122 1.7047 0.3661, -2.0728 1.7047 0.6344, -2.0728 1.7047 0.3661, -3.0236 1.7047 0.6344, -2.4739 1.7835 5.1265, -2.475 1.7835 5.1299, -2.475 1.7439 5.1299, -2.475 1.7241 5.1299, -2.4739 1.7047 5.1265, -2.475 1.7142 5.1299, -2.475 1.7047 5.1299, -2.3914 1.7047 5.0506, -2.3622 1.7047 5.047, -2.3622 1.7441 5.047, -2.4617 1.7047 5.1014, -2.4617 1.7835 5.1014, -2.4433 1.7047 5.0792, -2.4433 1.7835 5.0792, -2.4199 1.7047 5.062, -2.4199 1.7835 5.062, -2.3914 1.7835 5.0506, -2.3622 1.7835 5.047, 0.0 1.7047 5.047, 2.3622 1.7047 5.047, 2.3622 1.7441 5.047, 2.3622 1.7835 5.047, 0.7445 1.7835 5.047, 2.3658 1.7047 5.047, 2.3658 1.7835 5.047, 2.475 1.7047 5.1299, 2.475 1.7142 5.1299, 2.4628 1.7047 5.1032, 2.475 1.7241 5.1299, 2.475 1.7439 5.1299, 2.3934 1.7047 5.0511, 2.3934 1.7835 5.0511, 2.42 1.7047 5.0621, 2.42 1.7835 5.0621, 2.4434 1.7047 5.0793, 2.4434 1.7835 5.0793, 2.4628 1.7835 5.1032, 2.475 1.7835 5.1299, 3.0236 1.7047 0.3661, 3.0236 1.7047 0.6344, 2.0728 1.7047 0.6344, 2.0728 1.7047 0.3661, 1.122 1.7047 0.3661, 3.0236 1.7835 0.3661, 3.0236 1.7835 0.6344, 3.063 1.7835 0.6344, 3.063 1.7835 0.3661, 3.1024 1.7835 0.6344, 3.1024 1.7835 0.3661, 3.2008 1.685 0.6344, 3.1977 1.7094 0.6344, 3.2008 1.685 2.4331, 3.1977 1.7094 2.4331, 3.1889 1.7307 2.4342, 3.1933 1.7214 2.4335, 3.1894 1.7309 0.6344, 3.1956 1.7166 2.4332, 3.1977 1.7095 2.4331, 3.1745 1.7513 2.4374, 3.1812 1.743 2.4358, 3.1749 1.7516 0.6344, 3.1857 1.7374 2.4347, 3.1879 1.7328 2.4343, 3.162 1.7625 2.4413, 3.1653 1.76 2.4402, 3.1624 1.763 0.6344, 3.1714 1.7552 2.4382, 3.1737 1.7523 2.4376, 3.1416 1.7747 2.4497, 3.148 1.7717 2.4468, 3.1418 1.7752 0.6344, 3.1537 1.769 2.4441, 3.1567 1.7667 2.4431, 3.1195 1.782 0.6344, 3.1195 1.7819 2.4627, 3.1242 1.7807 2.4596, 3.1315 1.7788 2.4549, 3.1346 1.7781 2.4529, 3.1394 1.7758 2.4507, 3.1024 1.7835 2.4921, 3.1031 1.7835 2.4864, 3.105 1.7834 2.4807, 3.1059 1.7834 2.4783, 3.1033 1.7835 2.4851, 3.1063 1.7834 2.4778, 3.1081 1.7833 2.4751, 3.1108 1.7831 2.4712, 3.1124 1.7829 2.4697, 3.1194 1.782 2.4628, 3.1024 1.7047 2.4921, 3.1032 1.7835 2.5018, 3.1032 1.7047 2.5018, 3.1071 1.7835 2.5152, 3.1071 1.7047 2.5152, 3.1122 1.7047 2.5241, 3.1122 1.7835 2.5241, 3.1142 1.7047 2.5276, 3.1471 1.7835 2.5494, 3.1614 1.7835 2.5512, 3.1614 1.7441 2.5512, 3.1142 1.7835 2.5276, 3.1217 1.7835 2.5358, 3.1217 1.7047 2.5358, 3.1341 1.7835 2.5445, 3.1341 1.7047 2.5445, 3.1471 1.7047 2.5494, 3.1614 1.7047 2.5512, 3.105 1.7046 0.6344, 3.105 1.7045 2.4697, 3.1024 1.7047 0.6344, 3.1043 1.7046 2.4751, 3.104 1.7046 2.4779, 3.1037 1.7046 2.4807, 3.103 1.7047 2.4864, 3.107 1.704 2.4594, 3.1057 1.7044 2.4633, 3.1056 1.7045 2.4643, 3.105 1.7045 2.4696, 3.1137 1.7012 0.6344, 3.1136 1.7011 2.4425, 3.1095 1.7034 0.6344, 3.1133 1.7013 2.4431, 3.1106 1.7029 2.4484, 3.1099 1.7031 2.4504, 3.1094 1.7033 2.452, 3.1085 1.7036 2.4548, 3.1159 1.6993 2.4388, 3.115 1.7 2.4401, 3.1141 1.7008 2.4415, 3.1141 1.7008 2.4415, 3.1196 1.6945 2.4342, 3.1189 1.6956 2.4349, 3.1171 1.6981 0.6344, 3.1182 1.6967 2.4356, 3.1181 1.6969 2.4358, 3.1175 1.6976 2.4366, 3.1171 1.6981 2.4371, 3.1168 1.6984 2.4374, 3.1214 1.6899 2.4331, 3.1207 1.6923 2.4333, 3.1199 1.694 0.6344, 3.1215 1.6896 2.4331, 3.1199 1.6939 2.4339, 3.1201 1.6935 2.4338, 3.1206 1.6923 2.4334, 3.1215 1.6896 0.6344, 3.122 1.685 0.6344, 3.122 1.685 2.4331, 3.1024 1.7047 0.3661, 3.063 1.7047 0.6344, 3.063 1.7047 0.3661, -3.1195 1.782 0.6344, -3.1024 1.7835 0.6344, -3.1418 1.7752 0.6344, -3.1624 1.763 0.6344, -3.1749 1.7516 0.6344, -3.1894 1.7309 0.6344, -3.2008 1.685 0.6344, -3.2008 1.685 2.4331, -3.1977 1.7094 0.6344, -3.063 1.7835 0.6344, -3.0236 1.7835 0.6344, -0.3996 1.7835 2.3324, -0.4288 1.7835 2.1475, -0.4375 1.7835 2.1464, -0.4434 1.7835 2.147, -0.449 1.7835 2.149, -0.4536 1.7835 2.1521, -0.4746 1.7835 2.1923, -0.4195 1.7835 2.3353, -0.4634 1.7835 2.1664, -0.4587 1.7835 2.1577, -0.4387 1.7835 2.6869, -0.4798 1.7835 2.5095, -0.4812 1.7835 2.7097, -0.4324 1.7835 2.6, -0.4325 1.7835 2.6229, -0.361 1.7835 2.6234, -0.3614 1.7835 2.6875, -0.3608 1.7835 2.6005, -0.3603 1.7835 2.5332, -0.4421 1.7835 2.5326, -0.442 1.7835 2.5098, -0.4841 1.7835 2.2274, -0.4871 1.7835 2.2156, -0.4878 1.7835 2.2156, -0.5307 1.7835 2.3345, -0.4475 1.7835 2.3351, -0.4909 1.7835 2.2272, -0.4892 1.7835 2.2214, -0.9308 1.7835 2.1887, -0.9023 1.7835 2.1889, -2.3031 1.7835 1.68, -3.0236 1.7835 2.8822, 0.7445 1.7835 2.8822, -0.7591 1.7835 2.7077, -0.7315 1.7835 2.7079, -2.3834 1.7835 1.6694, -2.4581 1.7835 1.6385, -2.5223 1.7835 1.5892, -2.6025 1.7835 1.2899, -2.5715 1.7835 1.2151, -2.5715 1.7835 1.525, -2.6025 1.7835 1.4503, -2.6131 1.7835 1.3701, -2.5223 1.7835 1.1509, -2.4581 1.7835 1.1017, -2.3834 1.7835 1.0707, -2.3031 1.7835 1.0602, -2.0728 1.7835 0.6344, -1.0538 1.7835 2.1879, -1.0338 1.7835 2.2428, -0.9505 1.7835 2.2433, 0.4091 1.7835 2.6332, 0.4476 1.7835 2.6606, 0.6517 1.7835 2.3656, 0.4935 1.7835 2.6789, 0.542 1.7835 2.6852, 0.5933 1.7835 2.6791, 0.6392 1.7835 2.6613, 0.627 1.7835 2.3428, 0.4355 1.7835 2.4411, 0.3764 1.7835 2.5952, 0.3539 1.7835 2.5499, 0.2224 1.7835 2.394, 0.2237 1.7835 2.4119, 0.392 1.7835 2.3654, 0.2313 1.7835 2.4383, 0.2453 1.7835 2.4623, 0.2578 1.7835 2.476, 0.2798 1.7835 2.492, 0.4281 1.7835 2.2742, 0.4193 1.7835 2.2805, 0.4092 1.7835 2.2844, 0.3982 1.7835 2.2857, 0.3968 1.7835 2.2856, 0.3926 1.7835 2.2846, 0.3897 1.7835 2.2842, 0.3257 1.7835 2.2838, 0.2979 1.7835 2.2892, 0.2732 1.7835 2.301, 0.2522 1.7835 2.3186, 0.2366 1.7835 2.34, 0.2261 1.7835 2.3662, 0.3054 1.7835 2.5023, 0.3326 1.7835 2.5058, 0.344 1.7835 2.5059, 0.7445 1.7835 1.68, -0.3527 1.7835 2.2792, -0.3565 1.7835 2.3182, -0.3487 1.7835 2.3163, -0.3386 1.7835 2.2889, -0.341 1.7835 2.2862, -0.343 1.7835 2.3132, -0.3395 1.7835 2.3101, -0.3393 1.7835 2.3064, -0.3374 1.7835 2.3069, -0.3361 1.7835 2.3036, -0.3356 1.7835 2.2996, -0.3359 1.7835 2.296, -0.3368 1.7835 2.2923, -0.3434 1.7835 2.3135, -0.3429 1.7835 2.2847, -0.3905 1.7835 2.2612, -0.3994 1.7835 2.308, -0.3741 1.7835 2.2702, -0.3934 1.7835 2.3115, -0.3653 1.7835 2.2738, -0.3791 1.7835 2.3168, -0.3631 1.7835 2.3186, -0.3975 1.7835 2.255, -0.4022 1.7835 2.248, -0.4048 1.7835 2.2405, -0.4233 1.7835 2.1493, -0.4232 1.7835 2.127, -0.4057 1.7835 2.2313, -0.4044 1.7835 2.2211, -0.4013 1.7835 2.2133, -0.3965 1.7835 2.2067, -0.3894 1.7835 2.2006, -0.3809 1.7835 2.1957, -0.3672 1.7835 2.1913, -0.6873 1.7835 2.3906, -0.5892 1.7835 2.5205, -0.5658 1.7835 2.5123, -0.5842 1.7835 2.3914, -0.5348 1.7835 2.5091, -0.681 1.7835 2.3036, -0.6808 1.7835 2.2807, -0.7282 1.7835 2.1902, -0.6871 1.7835 2.3676, -0.6098 1.7835 2.3682, -0.6094 1.7835 2.3041, -0.2749 1.7835 2.1934, -0.2498 1.7835 2.1936, -0.2053 1.7835 2.1905, -0.2033 1.7835 2.1905, -0.1896 1.7835 2.1926, -0.136 1.7835 2.1944, -0.1805 1.7835 2.1962, -0.1724 1.7835 2.202, -0.1689 1.7835 2.2057, -0.1644 1.7835 2.2127, -0.1362 1.7835 2.2172, -0.1614 1.7835 2.2212, -0.1603 1.7835 2.2325, -0.1603 1.7835 2.2338, -0.1621 1.7835 2.2464, -0.1655 1.7835 2.255, -0.1706 1.7835 2.2622, -0.1781 1.7835 2.2687, -0.1748 1.7835 2.3027, -0.1884 1.7835 2.274, -0.1895 1.7835 2.3122, -0.2081 1.7835 2.2788, -0.2505 1.7835 2.2844, -0.2504 1.7835 2.2891, -0.2486 1.7835 2.3005, -0.2457 1.7835 2.3074, -0.244 1.7835 2.3099, -0.2299 1.7835 2.3188, -0.2218 1.7835 2.3196, -0.2053 1.7835 2.3179, -0.2401 1.7835 2.314, -0.2356 1.7835 2.3168, -0.25 1.7835 2.2157, -0.2493 1.7835 2.2157, -0.243 1.7835 2.2068, -0.2347 1.7835 2.1992, -0.2296 1.7835 2.196, -0.2197 1.7835 2.1922, -0.8814 1.7835 2.3386, -0.8887 1.7835 2.3195, -0.9799 1.7835 2.3886, -1.0824 1.7835 2.1877, -1.0076 1.7835 2.3884, -0.834 1.7835 2.507, -0.8863 1.7835 2.2557, -0.8911 1.7835 2.278, -0.8919 1.7835 2.2917, -0.8763 1.7835 2.235, -0.8612 1.7835 2.2173, -0.8573 1.7835 2.2139, -0.8376 1.7835 2.2011, -0.8142 1.7835 2.1929, -0.7833 1.7835 2.1898, -0.4586 1.7835 2.1293, -0.4495 1.7835 2.126, -0.4393 1.7835 2.1249, -0.4312 1.7835 2.1254, -0.0284 1.7835 2.1951, -0.4874 1.7835 2.1627, -0.4761 1.7835 2.1441, -0.5827 1.7835 2.1912, -0.5567 1.7835 2.3344, -0.4907 1.7835 2.1703, -0.6092 1.7835 2.2812, -0.6087 1.7835 2.2138, -0.6906 1.7835 2.2133, -0.6904 1.7835 2.1904, -0.4671 1.7835 2.1348, 0.2737 1.7835 2.5823, 0.2677 1.7835 2.5802, 0.2996 1.7835 2.6351, 0.2254 1.7835 2.5591, 0.3498 1.7835 2.6953, -0.0298 1.7835 2.3953, 0.187 1.7835 2.5265, 0.1579 1.7835 2.4859, 0.1404 1.7835 2.4414, 0.1341 1.7835 2.3948, 0.141 1.7835 2.3444, 0.1592 1.7835 2.2993, 0.1878 1.7835 2.26, 0.2265 1.7835 2.2277, 0.2701 1.7835 2.2066, 0.3177 1.7835 2.1969, 0.4017 1.7835 2.1975, 0.409 1.7835 2.1986, 0.4194 1.7835 2.2028, 0.592 1.7835 2.2615, 0.4389 1.7835 2.2594, 0.4331 1.7835 2.2689, 0.6037 1.7835 2.192, 0.4285 1.7835 2.2095, 0.4315 1.7835 2.2126, 0.4377 1.7835 2.2216, 0.4414 1.7835 2.2314, 0.5938 1.7835 2.2259, 0.5921 1.7835 2.2472, 0.4427 1.7835 2.2419, 0.442 1.7835 2.2489, 0.6679 1.7835 2.1225, 0.7007 1.7835 2.11, 0.6219 1.7835 2.1613, 0.6393 1.7835 2.1426, 0.7354 1.7835 2.1059, 0.7406 1.7835 2.106, 0.7445 1.7835 2.1067, 0.7337 1.7835 2.55, 0.7431 1.7835 2.5553, 0.7334 1.7835 2.392, 0.7445 1.7835 2.3907, 0.6787 1.7835 2.6333, 0.7115 1.7835 2.5949, 0.6813 1.7835 2.3818, 0.7148 1.7835 2.3906, -0.8177 1.7835 2.3862, -0.8413 1.7835 2.3774, -0.7867 1.7835 2.3899, -0.8622 1.7835 2.3629, -0.8687 1.7835 2.3565, -0.7854 1.7835 2.5621, -0.702 1.7835 2.5627, -0.8054 1.7835 2.5072, -0.6824 1.7835 2.5081, -0.7296 1.7835 2.3903, -0.6539 1.7835 2.5083, -0.6329 1.7835 2.658, -0.6403 1.7835 2.6389, -0.5692 1.7835 2.7056, -0.5929 1.7835 2.6967, -0.5383 1.7835 2.7093, -0.4388 1.7835 2.71, -0.6138 1.7835 2.6822, -0.6203 1.7835 2.6758, -0.6435 1.7835 2.611, -0.6427 1.7835 2.5973, -0.6378 1.7835 2.575, -0.6279 1.7835 2.5543, -0.6128 1.7835 2.5366, -0.6089 1.7835 2.5332, -0.251 1.7835 2.7147, -0.2751 1.7835 2.7123, -0.3357 1.7835 2.7107, -0.2483 1.7835 2.7147, -0.2956 1.7835 2.7062, -0.2954 1.7835 2.6792, -0.3343 1.7835 2.5105, -0.2748 1.7835 2.5352, -0.2945 1.7835 2.5439, -0.1724 1.7835 2.6019, -0.2483 1.7835 2.6914, -0.2727 1.7835 2.6883, -0.293 1.7835 2.6805, -0.2382 1.7835 2.6909, -0.2216 1.7835 2.6874, -0.2058 1.7835 2.6797, -0.1936 1.7835 2.6695, -0.1922 1.7835 2.668, -0.1825 1.7835 2.6542, -0.1757 1.7835 2.6372, -0.1722 1.7835 2.6095, -0.1827 1.7835 2.5642, -0.2171 1.7835 2.5415, -0.1762 1.7835 2.5795, -0.1914 1.7835 2.5523, -0.1979 1.7835 2.5461, -0.2104 1.7835 2.538, -0.2251 1.7835 2.5328, -0.2427 1.7835 2.5308, -0.2534 1.7835 2.5312, -0.3734 1.7835 2.2153, -0.3761 1.7835 2.2178, -0.3651 1.7835 2.2195, -0.3782 1.7835 2.2209, -0.3794 1.7835 2.2244, -0.3502 1.7835 2.2099, -0.3615 1.7835 2.2107, -0.369 1.7835 2.2128, -0.38 1.7835 2.2291, -0.3797 1.7835 2.2322, -0.3786 1.7835 2.2362, -0.3767 1.7835 2.2395, -0.3736 1.7835 2.2427, -0.3722 1.7835 2.2438, -0.3352 1.7835 2.2117, -0.361 1.7835 2.2501, -0.3474 1.7835 2.2557, -0.3196 1.7835 2.2175, -0.3334 1.7835 2.2622, -0.3091 1.7835 2.224, -0.3208 1.7835 2.2705, -0.3167 1.7835 2.2749, -0.2756 1.7835 2.2854, -0.3089 1.7835 2.1982, -0.3264 1.7835 2.1919, -0.3476 1.7835 2.1895, -0.3109 1.7835 2.3066, -0.2699 1.7835 2.3158, -0.2736 1.7835 2.3052, -0.3134 1.7835 2.2802, -0.3108 1.7835 2.2879, -0.3098 1.7835 2.2975, -0.2649 1.7835 2.3239, -0.3139 1.7835 2.3147, -0.2586 1.7835 2.3301, -0.2243 1.7835 2.34, -0.2384 1.7835 2.3387, -0.2504 1.7835 2.335, -0.3187 1.7835 2.3214, -0.3261 1.7835 2.3279, -0.3341 1.7835 2.3326, -0.3479 1.7835 2.3372, -0.3657 1.7835 2.339, -0.383 1.7835 2.3374, -0.2892 1.7835 2.5166, -0.2943 1.7835 2.5191, -0.2673 1.7835 2.5101, -0.2388 1.7835 2.5078, -0.2257 1.7835 2.5086, -0.2051 1.7835 2.5131, -0.1863 1.7835 2.5221, -0.1702 1.7835 2.5356, -0.1451 1.7835 2.6082, -0.1453 1.7835 2.6155, -0.0579 1.7835 2.7127, -0.1668 1.7835 2.5396, -0.1555 1.7835 2.5572, -0.148 1.7835 2.5786, -0.1503 1.7835 2.6449, -0.1598 1.7835 2.6668, -0.1745 1.7835 2.6857, -0.1792 1.7835 2.6901, -0.198 1.7835 2.7032, -0.219 1.7835 2.7113, -0.0566 1.7835 2.5353, -0.1364 1.7835 2.5347, -0.1362 1.7835 2.5119, -0.1987 1.7835 2.337, 0.7479 1.7835 2.6877, 0.7445 1.7835 2.6905, 0.714 1.7835 2.7163, 0.6729 1.7835 2.7407, 0.6057 1.7835 2.7642, 0.5428 1.7835 2.7706, 0.4736 1.7835 2.7615, -0.0321 1.7835 2.7128, 0.4031 1.7835 2.7331, -0.0306 1.7835 2.5127, -0.1329 1.7835 2.3946, -0.18 1.7835 2.3299, -0.055 1.7835 2.308, -0.1266 1.7835 2.3075, -0.0555 1.7835 2.3721, -0.1327 1.7835 2.3715, -0.1749 1.7835 2.327, -0.1264 1.7835 2.2846, -0.0549 1.7835 2.2851, -0.0544 1.7835 2.2178, 0.7742 1.7835 2.1115, 0.8065 1.7835 2.1252, 2.3032 1.7835 1.68, 0.8344 1.7835 2.1463, 0.8558 1.7835 2.1729, 0.8699 1.7835 2.2037, 0.8876 1.7835 2.2091, 0.9395 1.7835 2.2348, 2.0728 1.7835 0.6344, 1.0159 1.7835 2.3204, 2.4223 1.7835 1.6562, 0.9833 1.7835 2.2728, 2.3728 1.7835 1.6715, 2.366 1.7835 1.6736, 0.7445 1.7835 1.0602, 2.3031 1.7835 1.0602, 2.3648 1.7835 1.0664, 2.3728 1.7835 1.0688, 2.4221 1.7835 1.0839, 2.4432 1.7835 1.0953, 2.4765 1.7835 1.1132, 2.5056 1.7835 1.1374, 2.5242 1.7835 1.1529, 2.5563 1.7835 1.1929, 2.5632 1.7835 1.2015, 2.5903 1.7835 1.4866, 2.5615 1.7835 1.5412, 3.0236 1.7835 2.8822, 2.592 1.7835 1.481, 2.5918 1.7835 1.2573, 2.6079 1.7835 1.3139, 2.6096 1.7835 1.3324, 2.6131 1.7835 1.3709, 2.6095 1.7835 1.4077, 2.6074 1.7835 1.4293, 2.5565 1.7835 1.5474, 2.5223 1.7835 1.5892, 2.5056 1.7835 1.6028, 2.4731 1.7835 1.6292, 2.4433 1.7835 1.645, 1.0356 1.7835 2.3734, 1.0419 1.7835 2.4283, 1.0414 1.7835 2.4426, 1.0313 1.7835 2.496, 1.0082 1.7835 2.5469, 0.9739 1.7835 2.5901, 0.8652 1.7835 2.6509, 0.9181 1.7835 2.6309, 0.9637 1.7835 2.5996, 0.777 1.7835 2.6542, 0.7934 1.7835 2.6562, 0.8098 1.7835 2.6572, 0.8987 1.7835 2.3183, 0.8678 1.7835 2.299, 0.8524 1.7835 2.3287, 0.951 1.7835 2.4104, 0.9418 1.7835 2.3761, 0.9241 1.7835 2.3449, 0.9523 1.7835 2.4305, 0.8287 1.7835 2.3557, 0.9477 1.7835 2.4652, 0.8643 1.7835 2.561, 0.8953 1.7835 2.5432, 0.8 1.7835 2.3756, 0.9142 1.7835 2.5261, 0.9347 1.7835 2.4978, 0.7445 1.7835 2.5558, 0.7756 1.7835 2.5675, 0.7675 1.7835 2.388, 0.8089 1.7835 2.5718, 0.8302 1.7835 2.5704, -2.3834 1.7835 3.7561, -3.0236 1.7835 5.1299, -2.4581 1.7835 3.7251, -2.5223 1.7835 3.6758, -2.5715 1.7835 3.6117, -2.6025 1.7835 3.5369, -2.6131 1.7835 3.4567, -2.6025 1.7835 3.3765, -2.5715 1.7835 3.3017, -2.5223 1.7835 3.2375, -2.4581 1.7835 3.1883, -2.3834 1.7835 3.1573, -2.3031 1.7835 3.1468, 0.7445 1.7835 3.1468, 2.3031 1.7835 3.1468, 2.3648 1.7835 3.153, 2.3728 1.7835 3.1554, 2.4221 1.7835 3.1705, 2.4432 1.7835 3.1819, 2.4765 1.7835 3.1998, 2.5056 1.7835 3.224, 2.5242 1.7835 3.2395, 2.5563 1.7835 3.2796, 2.5632 1.7835 3.2882, 2.5918 1.7835 3.3439, 2.6079 1.7835 3.4005, 2.6096 1.7835 3.419, 2.6131 1.7835 3.4575, 2.6095 1.7835 3.4943, 2.6074 1.7835 3.5159, 2.592 1.7835 3.5676, 2.5903 1.7835 3.5732, 2.5615 1.7835 3.6278, 2.5565 1.7835 3.634, 2.5223 1.7835 3.6758, 2.5056 1.7835 3.6894, 2.4731 1.7835 3.7158, 2.4433 1.7835 3.7316, 2.4223 1.7835 3.7428, 2.3728 1.7835 3.7581, 2.366 1.7835 3.7602, 2.3032 1.7835 3.7666, -2.3031 1.7835 3.7666, 0.7445 1.7835 3.7666, 3.0236 1.7835 5.1299, -3.1029 1.7047 2.5106, -3.1029 1.7835 2.5106, -3.1068 1.7047 2.5263, -3.1068 1.7835 2.5263, -3.1122 1.7835 2.5366, -3.1122 1.7047 2.5366, -3.1145 1.7835 2.5411, -3.1557 1.7047 2.5691, -3.1713 1.7047 2.5709, -3.1713 1.7441 2.5709, -3.1145 1.7047 2.5411, -3.1258 1.7047 2.5537, -3.1258 1.7835 2.5537, -3.1405 1.7047 2.5636, -3.1405 1.7835 2.5636, -3.1557 1.7835 2.5691, -3.1713 1.7835 2.5709, -3.063 1.7047 0.6344, 2.4778 1.7805 5.1538, 2.4772 1.7812 5.1487, 2.4773 1.7427 5.1412, 2.4762 1.6878 5.1589, 2.475 1.685 5.159, 2.475 1.685 5.1689, 2.4762 1.714 5.1327, 2.4773 1.7136 5.1355, 2.4773 1.7233 5.1374, 2.4777 1.7042 5.1345, 2.4781 1.7038 5.1356, 2.4782 1.7129 5.1383, 2.475 1.685 5.1496, 2.4774 1.689 5.1492, 2.4766 1.6876 5.1493, 2.4761 1.687 5.1494, 2.4795 1.6943 5.1472, 2.4791 1.6928 5.148, 2.479 1.7073 5.1842, 2.4796 1.7126 5.1818, 2.48 1.7176 5.1788, 2.48 1.6959 5.1463, 2.48 1.6961 5.1462, 2.4802 1.7448 5.2076, 2.4803 1.7543 5.1991, 2.4801 1.7411 5.2108, 2.4803 1.699 5.1438, 2.4803 1.699 5.1439, 2.48 1.6963 5.146, 2.4802 1.6997 5.143, 2.4804 1.7575 5.1963, 2.48 1.7012 5.1412, 2.48 1.734 5.1625, 2.4799 1.7014 5.1408, 2.4796 1.7369 5.1575, 2.4795 1.7023 5.1391, 2.4794 1.7025 5.1388, 2.479 1.7394 5.1522, 2.4791 1.7031 5.1377, 2.479 1.7211 5.1447, 2.4789 1.7032 5.1374, 2.4775 1.7043 5.1341, 2.4782 1.7224 5.1411, 2.4761 1.7045 5.1318, 2.4789 1.6925 5.1481, 2.4788 1.6921 5.1482, 2.479 1.6998 5.166, 2.4782 1.6934 5.1578, 2.4782 1.6962 5.1672, 2.4773 1.6906 5.1585, 2.4773 1.6925 5.1682, 2.4773 1.6963 5.1876, 2.4769 1.7002 5.2272, 2.4771 1.7022 5.2266, 2.475 1.685 5.2283, 2.475 1.685 5.1887, 2.4781 1.6907 5.1487, 2.4804 1.7586 5.1953, 2.4799 1.7664 5.1841, 2.4796 1.7719 5.1762, 2.4796 1.7721 5.1758, 2.4789 1.7755 5.167, 2.4779 1.7804 5.1542, 2.4772 1.7038 5.2261, 2.479 1.7223 5.2209, 2.4791 1.7233 5.2206, 2.4791 1.7245 5.22, 2.48 1.7395 5.2117, -2.4773 1.7427 5.1412, -2.4762 1.714 5.1327, -2.4761 1.7045 5.1318, -2.4773 1.7136 5.1355, -2.4774 1.7043 5.1339, -2.4777 1.7041 5.1345, -2.4782 1.7129 5.1383, -2.4781 1.7038 5.1356, -2.479 1.7211 5.1447, -2.4789 1.7032 5.1374, -2.4791 1.7031 5.1377, -2.48 1.7013 5.141, -2.48 1.7014 5.1408, -2.48 1.734 5.1625, -2.4795 1.7023 5.1391, -2.4796 1.7369 5.1575, -2.4794 1.7025 5.1388, -2.479 1.7394 5.1522, -2.4803 1.7571 5.196, -2.4803 1.699 5.1438, -2.4803 1.699 5.1438, -2.4801 1.766 5.186, -2.48 1.7668 5.1844, -2.4802 1.6997 5.143, -2.4799 1.7392 5.2113, -2.48 1.6963 5.1461, -2.4802 1.7447 5.2074, -2.48 1.6963 5.146, -2.4804 1.7504 5.2035, -2.4803 1.7543 5.1992, -2.4791 1.6928 5.148, -2.4795 1.6942 5.1472, -2.4796 1.7126 5.1818, -2.4799 1.6959 5.1463, -2.48 1.7176 5.1788, -2.4781 1.6907 5.1487, -2.4788 1.6921 5.1482, -2.479 1.6998 5.166, -2.475 1.685 5.159, -2.475 1.685 5.1496, -2.4761 1.687 5.1494, -2.4762 1.6878 5.1589, -2.4773 1.6925 5.1682, -2.475 1.685 5.1689, -2.475 1.685 5.1887, -2.4765 1.6876 5.1493, -2.4773 1.6906 5.1585, -2.4782 1.6934 5.1578, -2.4782 1.6962 5.1672, -2.4795 1.7717 5.1755, -2.4791 1.7757 5.1682, -2.479 1.776 5.1672, -2.4773 1.7233 5.1374, -2.4782 1.7224 5.1411, -2.4769 1.7823 5.145, -2.4775 1.6892 5.1492, -2.479 1.7073 5.1842, -2.4773 1.6963 5.1876, -2.477 1.7022 5.2262, -2.475 1.685 5.2283, -2.4791 1.7243 5.2195, -2.4789 1.7221 5.2203, -2.4778 1.709 5.2254, -2.4772 1.7038 5.226, -2.4789 1.6925 5.1481, -2.4796 1.7313 5.2168, -2.4772 1.7813 5.1487, -2.4777 1.7797 5.1541, -3.0236 1.7047 5.1299, 3.0236 1.7047 5.1299, 3.1122 1.7835 5.1299, 3.2008 1.7835 5.1299, 3.2008 1.7835 2.5512, 3.2008 1.7441 2.5512, 3.2008 1.7047 2.5512, 3.1122 1.7047 5.1299, 3.2008 1.7047 5.1299, 2.6969 -4.0827 5.2283, 2.6065 -1.3169 5.2283, 2.4606 -4.1228 5.2283, 1.6732 -4.1228 5.2283, 1.5274 -1.3169 5.2283, 1.437 -4.0827 5.2283, 1.437 -4.1228 5.2283, 1.441 -4.1534 5.2283, 1.4528 -4.1819 5.2283, 2.681 -4.1819 5.2283, 2.4647 -4.1534 5.2283, 2.6928 -4.1534 5.2283, 2.6969 -4.1228 5.2283, 1.4716 -4.2063 5.2283, 1.4961 -4.2251 5.2283, 1.5245 -4.2369 5.2283, 1.5317 -1.1851 5.2283, 2.4841 -1.0709 5.2283, 1.6497 -1.0709 5.2283, 1.6198 -1.0747 5.2283, 1.5918 -1.086 5.2283, 1.6386 -4.2063 5.2283, 1.6574 -4.1819 5.2283, 1.6142 -4.2251 5.2283, 1.6692 -4.1534 5.2283, 1.5551 -4.2409 5.2283, 1.5857 -4.2369 5.2283, 1.5676 -1.1041 5.2283, 1.5488 -1.1277 5.2283, 1.5365 -1.1553 5.2283, 2.5482 -4.2369 5.2283, 2.5787 -4.2409 5.2283, 2.6093 -4.2369 5.2283, 2.4765 -4.1819 5.2283, 2.4952 -4.2063 5.2283, 2.6623 -4.2063 5.2283, 2.6378 -4.2251 5.2283, 2.6022 -1.1851 5.2283, 2.5973 -1.1553 5.2283, 2.5141 -1.0747 5.2283, 2.5851 -1.1277 5.2283, 2.542 -1.086 5.2283, 2.5663 -1.1041 5.2283, 2.5197 -4.2251 5.2283, -1.437 -4.0827 5.2283, -1.5274 -1.3169 5.2283, -1.6732 -4.1228 5.2283, -2.4606 -4.1228 5.2283, -2.6065 -1.3169 5.2283, -2.6969 -4.0827 5.2283, -1.437 -4.1228 5.2283, -2.6969 -4.1228 5.2283, -2.6928 -4.1534 5.2283, -2.681 -4.1819 5.2283, -2.4952 -4.2063 5.2283, -2.4765 -4.1819 5.2283, -2.4647 -4.1534 5.2283, -2.6022 -1.1851 5.2283, -1.6497 -1.0709 5.2283, -1.6692 -4.1534 5.2283, -1.4528 -4.1819 5.2283, -1.441 -4.1534 5.2283, -2.5787 -4.2409 5.2283, -2.5482 -4.2369 5.2283, -2.6093 -4.2369 5.2283, -2.6378 -4.2251 5.2283, -2.6623 -4.2063 5.2283, -2.5197 -4.2251 5.2283, -2.4841 -1.0709 5.2283, -2.5141 -1.0747 5.2283, -2.542 -1.086 5.2283, -2.5663 -1.1041 5.2283, -2.5851 -1.1277 5.2283, -2.5973 -1.1553 5.2283, -1.6574 -4.1819 5.2283, -1.6386 -4.2063 5.2283, -1.6142 -4.2251 5.2283, -1.5676 -1.1041 5.2283, -1.5918 -1.086 5.2283, -1.6198 -1.0747 5.2283, -1.5551 -4.2409 5.2283, -1.5245 -4.2369 5.2283, -1.5857 -4.2369 5.2283, -1.4961 -4.2251 5.2283, -1.4716 -4.2063 5.2283, -1.5317 -1.1851 5.2283, -1.5365 -1.1553 5.2283, -1.5488 -1.1277 5.2283, -3.0236 1.7721 5.1758, -3.0236 1.7804 5.1543, -3.0236 1.7451 5.2079, -3.0236 1.7576 5.1964, -3.0236 1.7245 5.2201, -3.0236 1.7022 5.2268, -3.0236 1.685 5.2283, 3.0236 1.7245 5.2201, 3.0236 1.7022 5.2268, 3.0236 1.685 5.2283, 3.0236 1.7576 5.1964, 3.0236 1.7451 5.2079, 3.0236 1.7804 5.1543, 3.0236 1.7721 5.1758, -3.2008 1.7835 2.5709, -3.2008 1.7441 2.5709, -3.2008 1.7047 2.5709, -3.1122 1.7835 5.1299, -3.2008 1.7835 5.1299, -3.1122 1.7047 5.1299, -3.2008 1.7047 5.1299, 2.6378 -4.0064 2.7165, 2.6378 -4.0064 2.0079, 2.6364 -3.9906 2.0079, 2.6324 -3.9752 2.0079, 2.6324 -3.9752 2.3622, 2.6364 -3.9906 2.7165, 2.6324 -3.9752 2.7165, 2.4741 -3.5296 2.7165, 2.2679 -2.9494 2.7165, 2.4741 -3.5296 2.0079, 2.268 -2.9494 2.3622, 2.268 -2.9494 2.0079, 2.2678 -2.9486 2.0079, 2.2677 -2.9477 2.0079, 2.2677 -2.9477 2.7165, 2.2677 -2.9482 2.0079, 2.2677 -2.9486 2.7165, 2.2677 -2.9486 2.7165, 2.2678 -2.9464 2.3622, 2.2679 -2.9464 2.7165, 2.2677 -2.9471 2.7165, 2.2677 -2.9471 2.0079, 2.2678 -2.9465 2.0079, 2.3324 -2.7054 2.0079, 2.3324 -2.7054 2.3622, 2.3324 -2.7054 2.7165, 2.2564 -2.685 2.7165, 2.2564 -2.685 2.3622, 2.2564 -2.685 2.0079, 2.1918 -2.9261 2.7165, 2.1918 -2.9261 2.3622, 2.1918 -2.9261 2.0079, 2.1896 -2.9368 2.0079, 2.1896 -2.9368 2.7165, 2.1889 -2.9477 2.0079, 2.1889 -2.9477 2.7165, 2.1901 -2.962 2.0079, 2.1938 -2.9758 2.0079, 2.1938 -2.9758 2.3622, 2.1901 -2.962 2.7165, 2.1938 -2.9758 2.7165, 2.3905 -3.5296 2.0079, 2.5582 -4.0016 2.0079, 2.5582 -4.0016 2.3622, 2.3905 -3.5296 2.7165, 2.5582 -4.0016 2.7165, 2.5586 -4.0027 2.0079, 2.5586 -4.0027 2.7165, 2.5591 -4.0064 2.0079, 2.5591 -4.0064 2.7165, -2.6378 -4.0064 2.0079, -2.6378 -4.0064 2.7165, -2.6364 -3.9906 2.7165, -2.6324 -3.9752 2.7165, -2.6324 -3.9752 2.3622, -2.6364 -3.9906 2.0079, -2.6324 -3.9752 2.0079, -2.4741 -3.5296 2.0079, -2.2679 -2.9494 2.0079, -2.4741 -3.5296 2.7165, -2.268 -2.9494 2.3622, -2.268 -2.9494 2.7165, -2.2678 -2.949 2.7165, -2.2678 -2.949 2.0079, -2.2677 -2.9477 2.7165, -2.2677 -2.9477 2.0079, -2.2678 -2.9464 2.3622, -2.2679 -2.9464 2.0079, -2.2677 -2.9471 2.0079, -2.2677 -2.9471 2.7165, -2.2678 -2.9465 2.7165, -2.3324 -2.7054 2.7165, -2.3324 -2.7054 2.3622, -2.3324 -2.7054 2.0079, -2.2564 -2.685 2.7165, -2.2564 -2.685 2.3622, -2.2564 -2.685 2.0079, -2.1918 -2.9261 2.0079, -2.1918 -2.9261 2.3622, -2.1918 -2.9261 2.7165, -2.1896 -2.9368 2.7165, -2.1896 -2.9368 2.0079, -2.1889 -2.9477 2.7165, -2.1889 -2.9477 2.0079, -2.1938 -2.9758 2.3622, -2.1938 -2.9758 2.0079, -2.1901 -2.962 2.0079, -2.1901 -2.962 2.7165, -2.1938 -2.9758 2.7165, -2.3905 -3.5296 2.7165, -2.5582 -4.0016 2.7165, -2.5582 -4.0016 2.3622, -2.3905 -3.5296 2.0079, -2.5582 -4.0016 2.0079, -2.5586 -4.0027 2.7165, -2.5586 -4.0027 2.0079, -2.5591 -4.0064 2.7165, -2.5591 -4.0064 2.0079, 1.437 -4.0827 5.1496, 1.5274 -1.3169 5.1496, 1.6732 -4.1228 5.1496, 2.6065 -1.3169 5.1496, 2.6969 -4.0827 5.1496, 2.4606 -4.1228 5.1496, 2.6969 -4.1228 5.1496, 1.4716 -4.2063 5.1496, 1.4528 -4.1819 5.1496, 2.6928 -4.1534 5.1496, 2.681 -4.1819 5.1496, 2.4647 -4.1534 5.1496, 2.5973 -1.1553 5.1496, 2.6022 -1.1851 5.1496, 2.4841 -1.0709 5.1496, 1.6497 -1.0709 5.1496, 1.441 -4.1534 5.1496, 1.437 -4.1228 5.1496, 1.5365 -1.1553 5.1496, 1.5488 -1.1277 5.1496, 1.5317 -1.1851 5.1496, 1.5676 -1.1041 5.1496, 1.5918 -1.086 5.1496, 1.5245 -4.2369 5.1496, 1.6692 -4.1534 5.1496, 1.6574 -4.1819 5.1496, 1.6386 -4.2063 5.1496, 1.6142 -4.2251 5.1496, 1.5551 -4.2409 5.1496, 1.5857 -4.2369 5.1496, 1.4961 -4.2251 5.1496, 1.6198 -1.0747 5.1496, 2.542 -1.086 5.1496, 2.5663 -1.1041 5.1496, 2.5851 -1.1277 5.1496, 2.6623 -4.2063 5.1496, 2.6378 -4.2251 5.1496, 2.6093 -4.2369 5.1496, 2.5787 -4.2409 5.1496, 2.5482 -4.2369 5.1496, 2.5197 -4.2251 5.1496, 2.4952 -4.2063 5.1496, 2.4765 -4.1819 5.1496, 2.5141 -1.0747 5.1496, -2.6969 -4.0827 5.1496, -2.6065 -1.3169 5.1496, -2.4606 -4.1228 5.1496, -1.5274 -1.3169 5.1496, -1.6732 -4.1228 5.1496, -1.437 -4.0827 5.1496, -1.437 -4.1228 5.1496, -2.6623 -4.2063 5.1496, -2.681 -4.1819 5.1496, -1.441 -4.1534 5.1496, -1.4528 -4.1819 5.1496, -1.6692 -4.1534 5.1496, -2.4841 -1.0709 5.1496, -2.6022 -1.1851 5.1496, -2.5973 -1.1553 5.1496, -1.5365 -1.1553 5.1496, -1.5317 -1.1851 5.1496, -1.6497 -1.0709 5.1496, -2.6928 -4.1534 5.1496, -2.6969 -4.1228 5.1496, -2.6093 -4.2369 5.1496, -2.4647 -4.1534 5.1496, -2.4765 -4.1819 5.1496, -2.4952 -4.2063 5.1496, -2.5197 -4.2251 5.1496, -2.5787 -4.2409 5.1496, -2.5482 -4.2369 5.1496, -2.6378 -4.2251 5.1496, -2.5851 -1.1277 5.1496, -2.5663 -1.1041 5.1496, -1.5918 -1.086 5.1496, -1.5676 -1.1041 5.1496, -1.5488 -1.1277 5.1496, -1.4716 -4.2063 5.1496, -1.4961 -4.2251 5.1496, -1.5245 -4.2369 5.1496, -1.5551 -4.2409 5.1496, -1.5857 -4.2369 5.1496, -1.6142 -4.2251 5.1496, -1.6386 -4.2063 5.1496, -1.6574 -4.1819 5.1496, -2.542 -1.086 5.1496, -2.5141 -1.0747 5.1496, -1.6198 -1.0747 5.1496, 3.0236 1.7042 5.1345, 2.4775 1.7043 5.1341, 3.0236 1.7026 5.1388, 2.4791 1.7031 5.1377, 3.0236 1.6963 5.146, 3.0236 1.6997 5.143, 2.4803 1.699 5.1439, 2.48 1.7012 5.1412, 2.48 1.6961 5.1462, 3.0236 1.6921 5.1483, 2.4791 1.6928 5.148, 3.0236 1.6877 5.1494, 3.0236 1.685 5.1496, 2.4774 1.689 5.1492, 2.4739 1.6817 5.2283, 2.4739 1.6817 5.1496, 2.4617 1.6565 5.1496, 2.4617 1.6565 5.2283, 2.4433 1.6343 5.1496, 2.4433 1.6343 5.2283, 2.4199 1.6171 5.1496, 2.4199 1.6171 5.2283, 2.3914 1.6057 5.1496, 2.3914 1.6057 5.2283, 2.3622 1.6021 5.1496, 2.3622 1.6021 5.2283, -2.3622 1.6021 5.1496, -2.3622 1.6021 5.2283, 0.0 1.6021 5.2283, 0.0 1.6021 5.1496, -2.3658 1.6021 5.1496, -2.4628 1.6583 5.1496, -2.3658 1.6021 5.2283, -2.3934 1.6063 5.1496, -2.3934 1.6063 5.2283, -2.42 1.6172 5.1496, -2.42 1.6172 5.2283, -2.4434 1.6344 5.1496, -2.4434 1.6344 5.2283, -2.4628 1.6583 5.2283, -3.0236 1.6877 5.1494, -3.0236 1.685 5.1496, -3.0236 1.6921 5.1483, -2.4775 1.6892 5.1492, -2.4791 1.6928 5.148, -2.4803 1.699 5.1438, -3.0236 1.6963 5.146, -2.48 1.6963 5.1461, -3.0236 1.6997 5.143, -2.48 1.7013 5.141, -3.0236 1.7026 5.1388, -3.0236 1.7042 5.1345, -2.4791 1.7031 5.1377, -2.4774 1.7043 5.1339, 3.2008 1.7042 5.1345, 3.2008 1.7026 5.1388, 3.2008 1.6997 5.143, 3.2008 1.6963 5.146, 3.2008 1.6921 5.1483, 3.2008 1.6877 5.1494, 3.2008 1.685 5.1496, 3.2008 1.7804 5.1543, 3.2008 1.7721 5.1758, 3.2008 1.7576 5.1964, 3.2008 1.7451 5.2079, 3.2008 1.7245 5.2201, 3.2008 1.7022 5.2268, 3.2008 1.685 5.2283, 3.2008 -4.2836 5.2283, 3.2008 -4.2836 5.1496, 3.2008 -1.3169 5.2283, 3.2008 -1.3169 5.1496, 3.2008 -1.2501 5.2283, 3.2008 -1.2501 5.1496, 3.1513 -4.2836 5.2283, 3.1024 -4.2836 5.2283, 3.1024 -4.2836 5.1496, 3.1513 -4.2836 5.1496, 3.0864 -4.2942 5.1496, 3.0731 -4.3087 5.2283, 3.067 -4.3189 5.2283, 3.067 -4.3189 5.1887, 3.067 -4.3189 5.1689, 3.067 -4.3189 5.159, 3.0731 -4.3087 5.1496, 3.067 -4.3189 5.1541, 3.067 -4.3189 5.1496, 3.0864 -4.2942 5.2283, -3.2008 1.7804 5.1543, -3.2008 1.7721 5.1758, -3.2008 1.7576 5.1964, -3.2008 1.7451 5.2079, -3.2008 1.7245 5.2201, -3.2008 1.7022 5.2268, -3.2008 1.685 5.2283, -2.5591 -4.2598 2.7165, -2.5591 -4.2598 2.0079, -2.5591 -4.1331 2.0079, -2.5591 -4.1331 2.7165, 2.5591 -4.1331 2.0079, 2.5591 -4.1331 2.7165, 2.5591 -4.2598 2.0079, 2.5591 -4.2598 2.7165, -0.9941 -4.3189 5.2283, 3.0236 -4.3189 5.2283, 0.9941 -4.3189 5.2283, 0.0 -4.3189 5.2283, -3.0236 -4.3189 5.2283, -3.0236 -1.3169 5.2283, 3.0236 -1.3169 5.2283, 0.0152 -3.315 0.1496, 2.5394 -3.315 0.1496, 2.5394 -3.315 0.0709, 0.0152 -3.315 0.0709, -2.5394 -3.315 0.0709, -2.5394 -3.315 0.1496, -3.2008 -4.2836 5.1496, -3.2008 -4.2836 5.2283, -3.2008 -1.3169 5.1496, -3.2008 -1.3169 5.2283, -3.2008 -1.2501 5.1496, -3.2008 -1.2501 5.2283, -3.2008 1.685 5.1496, -3.2008 1.6877 5.1494, -3.2008 1.6921 5.1483, -3.2008 1.6963 5.146, -3.2008 1.6997 5.143, -3.2008 1.7026 5.1388, -3.2008 1.7042 5.1345, -3.1024 -4.2836 5.1496, -3.1024 -4.2836 5.2283, -3.1516 -4.2836 5.2283, -3.1516 -4.2836 5.1496, -3.0924 -4.2895 5.1496, -3.0778 -4.3027 5.1496, -3.067 -4.3189 5.1496, -3.067 -4.3189 5.1541, -3.067 -4.3189 5.159, -3.067 -4.3189 5.1689, -3.067 -4.3189 5.1887, -3.0924 -4.2895 5.2283, -3.0778 -4.3027 5.2283, -3.067 -4.3189 5.2283, 2.7138 -4.3779 2.7762, 2.7149 -4.4173 2.7824, 2.715 -4.3385 2.7825, 2.7165 -4.4173 2.7953, 2.7165 -4.3386 2.7953, 2.6975 -4.3764 2.7467, 2.6968 -4.416 2.7525, 2.7019 -4.377 2.7522, 2.7003 -4.4165 2.7556, 2.7058 -4.3775 2.758, 2.7063 -4.4169 2.7642, 2.7091 -4.3777 2.7639, 2.7097 -4.4172 2.769, 2.7118 -4.3779 2.7701, 2.7126 -4.4172 2.7763, 2.7149 -4.4173 2.7822, 2.6856 -4.4142 2.7423, 2.6885 -4.4147 2.7449, 2.6908 -4.415 2.747, 2.6926 -4.3755 2.7415, 2.6873 -4.3742 2.7368, 2.6773 -4.412 2.7373, 2.6815 -4.3726 2.7325, 2.6697 -4.4099 2.7329, 2.6651 -4.4087 2.7301, 2.6755 -4.3705 2.7286, 2.6619 -4.4072 2.7289, 2.6531 -4.4034 2.7257, 2.6693 -4.368 2.7252, 2.645 -4.3998 2.7227, 2.6369 -4.3953 2.7205, 2.641 -4.398 2.7212, 2.6567 -4.3616 2.7202, 2.6629 -4.365 2.7224, 2.6766 -4.3275 2.7204, 2.6725 -4.325 2.7186, 2.6288 -4.3898 2.7191, 2.671 -4.324 2.718, 2.6707 -4.3239 2.7178, 2.6202 -4.384 2.7175, 2.6649 -4.3192 2.7168, 2.6624 -4.317 2.7165, 2.6082 -4.3741 2.7165, 2.6635 -4.318 2.7166, 2.6132 -4.3786 2.7168, 2.617 -4.3819 2.7169, 2.6796 -4.3294 2.7217, 2.6807 -4.3299 2.7225, 2.6773 -4.3497 2.7252, 2.6849 -4.3317 2.7256, 2.6878 -4.333 2.7277, 2.6825 -4.3518 2.7286, 2.6895 -4.3338 2.7289, 2.6875 -4.3535 2.7325, 2.6931 -4.3349 2.7326, 2.6922 -4.3549 2.7368, 2.6962 -4.3359 2.7359, 2.6966 -4.3559 2.7415, 2.7002 -4.3367 2.7418, 2.7007 -4.3567 2.7467, 2.7054 -4.3378 2.7495, 2.7057 -4.3378 2.7504, 2.7043 -4.3572 2.7522, 2.7064 -4.3379 2.7523, 2.7142 -4.3385 2.7763, 2.7135 -4.3385 2.7711, 2.7109 -4.3383 2.7642, 2.7087 -4.3381 2.7582, 2.6006 -4.3664 2.7165, 2.6567 -4.311 2.7165, 2.5773 -4.3334 2.7165, 2.6456 -4.294 2.7165, 2.564 -4.2989 2.7165, 2.6396 -4.2765 2.7165, 2.6378 -4.2598 2.7165, 2.6378 -4.1331 2.7165, 2.6378 -4.2598 2.0079, 2.6378 -4.1331 2.0079, 2.6624 -4.317 2.0079, 2.6082 -4.3741 2.0079, 2.6567 -4.311 2.0079, 2.6006 -4.3664 2.0079, 2.6456 -4.294 2.0079, 2.5773 -4.3334 2.0079, 2.6396 -4.2765 2.0079, 2.564 -4.2989 2.0079, 2.6785 -4.3288 2.0033, 2.6807 -4.3298 2.0018, 2.6629 -4.365 2.002, 2.7165 -4.3386 1.9291, 2.7165 -4.4173 1.9291, 2.7164 -4.4173 1.9327, 2.715 -4.3385 1.9419, 2.7138 -4.3779 1.9482, 2.7146 -4.4173 1.9419, 2.7137 -4.4173 1.9462, 2.7142 -4.3385 1.9482, 2.7118 -4.3778 1.9543, 2.7137 -4.3385 1.9529, 2.7091 -4.3777 1.9605, 2.711 -4.3383 1.9603, 2.7058 -4.3775 1.9664, 2.7088 -4.3381 1.9662, 2.7043 -4.3572 1.9722, 2.7067 -4.338 1.9722, 2.7035 -4.3374 1.9775, 2.7057 -4.3378 1.9739, 2.7065 -4.3379 1.9726, 2.6825 -4.3518 1.9958, 2.693 -4.3348 1.9916, 2.6875 -4.3535 1.9919, 2.6974 -4.3362 1.9872, 2.6922 -4.3549 1.9876, 2.7002 -4.3367 1.9826, 2.6966 -4.3559 1.9829, 2.7007 -4.3567 1.9777, 2.6773 -4.3497 1.9992, 2.6849 -4.3318 1.999, 2.6875 -4.333 1.9972, 2.6878 -4.3331 1.9969, 2.6891 -4.3335 1.9956, 2.6725 -4.325 2.0058, 2.6766 -4.3276 2.0041, 2.6567 -4.3616 2.0043, 2.6368 -4.3951 2.0038, 2.6311 -4.3921 2.0055, 2.6287 -4.3902 2.0057, 2.6649 -4.3191 2.0075, 2.6702 -4.3235 2.0067, 2.6205 -4.3838 2.0066, 2.671 -4.324 2.0064, 2.6134 -4.3783 2.0073, 2.6451 -4.3995 2.0014, 2.653 -4.4036 1.9991, 2.6693 -4.368 1.9992, 2.656 -4.4052 1.9982, 2.6755 -4.3705 1.9958, 2.6618 -4.4071 1.9953, 2.6815 -4.3726 1.9919, 2.6697 -4.4097 1.9913, 2.6873 -4.3742 1.9876, 2.679 -4.4128 1.9867, 2.6926 -4.3754 1.9829, 2.6843 -4.4138 1.9825, 2.6885 -4.4145 1.9791, 2.6975 -4.3764 1.9777, 2.6908 -4.415 1.9773, 2.7019 -4.377 1.9722, 2.6967 -4.4161 1.9727, 2.7128 -4.4173 1.9481, 2.7099 -4.4171 1.9542, 2.7076 -4.4171 1.9591, 2.7019 -4.4165 1.9661, -2.7138 -4.3779 1.9482, -2.7149 -4.4173 1.942, -2.715 -4.3385 1.9419, -2.7165 -4.4173 1.9291, -2.7165 -4.3386 1.9291, -2.6975 -4.3764 1.9777, -2.6968 -4.416 1.972, -2.7019 -4.377 1.9722, -2.7003 -4.4165 1.9688, -2.7058 -4.3775 1.9664, -2.7063 -4.4169 1.9603, -2.7091 -4.3777 1.9605, -2.7097 -4.4172 1.9554, -2.7118 -4.3779 1.9543, -2.7126 -4.4172 1.9481, -2.7149 -4.4173 1.9422, -2.6856 -4.4142 1.9822, -2.6885 -4.4147 1.9795, -2.6908 -4.415 1.9774, -2.6926 -4.3755 1.9829, -2.6873 -4.3742 1.9876, -2.6773 -4.412 1.9871, -2.6815 -4.3726 1.9919, -2.6697 -4.4099 1.9916, -2.6651 -4.4087 1.9943, -2.6755 -4.3705 1.9958, -2.6619 -4.4072 1.9955, -2.6531 -4.4034 1.9987, -2.6693 -4.368 1.9992, -2.645 -4.3998 2.0017, -2.6369 -4.3953 2.0039, -2.641 -4.398 2.0032, -2.6567 -4.3616 2.0043, -2.6629 -4.365 2.002, -2.6766 -4.3275 2.004, -2.6725 -4.325 2.0058, -2.6288 -4.3898 2.0054, -2.671 -4.324 2.0065, -2.6707 -4.3239 2.0066, -2.6202 -4.384 2.0069, -2.6649 -4.3192 2.0076, -2.6624 -4.317 2.0079, -2.6082 -4.3741 2.0079, -2.6635 -4.318 2.0079, -2.6132 -4.3786 2.0077, -2.617 -4.3819 2.0075, -2.6796 -4.3294 2.0027, -2.6807 -4.3299 2.0019, -2.6773 -4.3497 1.9992, -2.6849 -4.3317 1.9989, -2.6878 -4.333 1.9967, -2.6825 -4.3518 1.9958, -2.6895 -4.3338 1.9955, -2.6875 -4.3535 1.9919, -2.6931 -4.3349 1.9918, -2.6922 -4.3549 1.9876, -2.6962 -4.3359 1.9885, -2.6966 -4.3559 1.9829, -2.7002 -4.3367 1.9826, -2.7007 -4.3567 1.9777, -2.7054 -4.3378 1.9749, -2.7057 -4.3378 1.974, -2.7043 -4.3572 1.9722, -2.7064 -4.3379 1.9721, -2.7142 -4.3385 1.9481, -2.7135 -4.3385 1.9533, -2.7109 -4.3383 1.9603, -2.7087 -4.3381 1.9662, -2.6378 -4.1331 2.0079, -2.6378 -4.2598 2.0079, -2.6396 -4.2765 2.0079, -2.564 -4.2989 2.0079, -2.6456 -4.294 2.0079, -2.5773 -4.3334 2.0079, -2.6567 -4.311 2.0079, -2.6006 -4.3664 2.0079, -2.6378 -4.1331 2.7165, -2.6378 -4.2598 2.7165, -2.6624 -4.317 2.7165, -2.6082 -4.3741 2.7165, -2.6567 -4.311 2.7165, -2.6006 -4.3664 2.7165, -2.6456 -4.294 2.7165, -2.5773 -4.3334 2.7165, -2.6396 -4.2765 2.7165, -2.564 -4.2989 2.7165, -2.6785 -4.3288 2.7211, -2.6807 -4.3298 2.7226, -2.6629 -4.365 2.7224, -2.7165 -4.3386 2.7953, -2.7165 -4.4173 2.7953, -2.7164 -4.4173 2.7917, -2.715 -4.3385 2.7825, -2.7138 -4.3779 2.7762, -2.7146 -4.4173 2.7825, -2.7137 -4.4173 2.7783, -2.7142 -4.3385 2.7763, -2.7118 -4.3778 2.7701, -2.7137 -4.3385 2.7715, -2.7091 -4.3777 2.7639, -2.711 -4.3383 2.7641, -2.7058 -4.3775 2.758, -2.7088 -4.3381 2.7582, -2.7043 -4.3572 2.7522, -2.7067 -4.338 2.7522, -2.7035 -4.3374 2.7469, -2.7057 -4.3378 2.7505, -2.7065 -4.3379 2.7518, -2.7007 -4.3567 2.7467, -2.6966 -4.3559 2.7415, -2.7002 -4.3367 2.7418, -2.6922 -4.3549 2.7368, -2.6974 -4.3362 2.7373, -2.6875 -4.3535 2.7325, -2.693 -4.3348 2.7328, -2.6878 -4.3331 2.7275, -2.6825 -4.3518 2.7286, -2.6875 -4.333 2.7272, -2.6773 -4.3497 2.7252, -2.6849 -4.3318 2.7255, -2.6725 -4.325 2.7187, -2.6766 -4.3276 2.7203, -2.6567 -4.3616 2.7202, -2.6368 -4.3951 2.7206, -2.6311 -4.3921 2.7189, -2.6287 -4.3902 2.7187, -2.6649 -4.3191 2.7169, -2.6702 -4.3235 2.7177, -2.6205 -4.3838 2.7178, -2.671 -4.324 2.718, -2.6134 -4.3783 2.7171, -2.6451 -4.3995 2.723, -2.653 -4.4036 2.7253, -2.6693 -4.368 2.7252, -2.656 -4.4052 2.7262, -2.6755 -4.3705 2.7286, -2.6618 -4.4071 2.7291, -2.6815 -4.3726 2.7325, -2.6697 -4.4097 2.7331, -2.6873 -4.3742 2.7368, -2.679 -4.4128 2.7378, -2.6926 -4.3754 2.7415, -2.6843 -4.4138 2.742, -2.6885 -4.4145 2.7453, -2.6975 -4.3764 2.7467, -2.6908 -4.415 2.7471, -2.7019 -4.377 2.7522, -2.6967 -4.4161 2.7518, -2.7128 -4.4173 2.7763, -2.7099 -4.4171 2.7702, -2.7076 -4.4171 2.7653, -2.7019 -4.4165 2.7583, 0.9941 -4.3189 5.1496, 0.0 -4.3189 5.1496, -0.9941 -4.3189 5.1496, -3.0236 -4.3189 5.1496, 3.0236 -4.3189 5.1496, 3.0236 -1.3169 5.1496, -3.0236 -1.3169 5.1496, 3.0236 1.5866 0.4843, 3.0236 1.5866 0.6344, 3.063 1.5866 0.6344, 3.063 1.5866 0.4843, 3.1024 1.5866 0.6344, 3.1024 1.5866 0.4843, 3.0639 -4.3354 5.2263, 3.0636 -4.3373 5.2261, 3.0634 -4.3299 5.1877, 3.0602 -4.4058 5.1747, 3.0608 -4.41 5.1672, 3.0609 -4.3736 5.1515, 3.0651 -4.3225 5.1688, 3.0599 -4.3371 5.1644, 3.0608 -4.3335 5.166, 3.0608 -4.341 5.1844, 3.0608 -4.3298 5.1569, 3.0629 -4.338 5.1343, 3.0622 -4.3377 5.1353, 3.0621 -4.3421 5.1365, 3.0606 -4.3268 5.148, 3.0609 -4.3263 5.1481, 3.0646 -4.3214 5.1494, 3.0652 -4.3208 5.1495, 3.0651 -4.3211 5.154, 3.0639 -4.322 5.1494, 3.0621 -4.3245 5.1487, 3.062 -4.3257 5.1531, 3.0614 -4.3255 5.1485, 3.062 -4.3271 5.1578, 3.0611 -4.3259 5.1483, 3.06 -4.3281 5.1473, 3.0593 -4.3298 5.1463, 3.0594 -4.3295 5.1465, 3.0593 -4.3405 5.1624, 3.0599 -4.3325 5.1556, 3.0595 -4.3729 5.2113, 3.0591 -4.3781 5.2078, 3.0593 -4.3514 5.1789, 3.059 -4.3812 5.2057, 3.0592 -4.3301 5.1461, 3.0593 -4.3516 5.1512, 3.059 -4.3952 5.1913, 3.0593 -4.3682 5.162, 3.0591 -4.3987 5.1874, 3.0594 -4.401 5.1833, 3.0595 -4.3356 5.1403, 3.0594 -4.3353 5.1407, 3.059 -4.3342 5.1423, 3.0589 -4.3339 5.1426, 3.059 -4.3915 5.1954, 3.0589 -4.3337 5.1429, 3.0589 -4.3884 5.1988, 3.0588 -4.3328 5.1437, 3.0588 -4.3832 5.2044, 3.0588 -4.3318 5.1447, 3.0589 -4.3314 5.1451, 3.06 -4.3535 5.1478, 3.06 -4.3447 5.1433, 3.0608 -4.3371 5.1375, 3.0602 -4.3365 5.1387, 3.0601 -4.3363 5.139, 3.061 -4.3372 5.1372, 3.0609 -4.3459 5.1406, 3.0621 -4.3469 5.1379, 3.067 -4.3431 5.1299, 3.067 -4.3386 5.1299, 3.0654 -4.3384 5.1317, 3.0653 -4.343 5.132, 3.0653 -4.3479 5.1324, 3.067 -4.348 5.1299, 3.0653 -4.3578 5.1332, 3.067 -4.3579 5.1299, 3.067 -4.3777 5.1299, 3.0628 -4.4139 5.1533, 3.0637 -4.4155 5.1474, 3.0636 -4.3767 5.1404, 3.064 -4.4161 5.1451, 3.0636 -4.3573 5.1369, 3.067 -4.4173 5.1299, 3.0609 -4.3551 5.1442, 3.0636 -4.3475 5.1351, 3.0636 -4.3426 5.1342, 3.0632 -4.3382 5.1339, 3.0651 -4.3216 5.1589, 3.0634 -4.3243 5.1585, 3.0634 -4.3234 5.1536, 3.0626 -4.3424 5.2255, 3.061 -4.3556 5.2206, 3.0608 -4.3576 5.2199, 3.0601 -4.3632 5.2178, 3.0634 -4.3262 5.1682, 3.2205 0.7992 1.3701, 3.2205 0.7992 1.7638, 3.1614 0.7992 1.7638, 3.1614 0.7992 0.9764, 3.2205 0.7992 0.9764, 3.1024 0.7992 1.7638, 3.1024 0.7992 0.9764, 3.1611 1.0369 0.9764, 3.1024 1.0369 0.9764, 3.1024 1.2717 0.9764, 3.1024 1.0039 0.9764, 3.1024 1.2717 1.3701, 3.1024 1.2717 1.7638, 3.1611 1.0369 1.7638, 3.1024 1.0039 1.7638, 3.1024 1.0369 1.7638, 3.1196 0.878 1.3701, 3.1196 0.878 1.0551, 3.0716 0.878 1.0551, 3.0236 0.878 1.0551, 3.0236 0.878 1.685, 3.0716 0.878 1.685, 3.1196 0.878 1.685, 3.0713 1.0711 1.685, 3.0236 1.0711 1.685, 3.0236 1.262 1.685, 3.0236 1.0039 1.685, 3.0236 1.262 1.3701, 3.0236 1.262 1.0551, 3.0713 1.0711 1.0551, 3.0236 1.0039 1.0551, 3.0236 1.0711 1.0551, 3.0236 1.5866 2.1983, 3.063 1.5866 2.1983, 3.1024 1.5866 2.1983, -3.1024 1.5866 0.4843, -3.1024 1.5866 0.6344, -3.063 1.5866 0.6344, -3.063 1.5866 0.4843, -3.0236 1.5866 0.6344, -3.0236 1.5866 0.4843, -3.1611 1.0369 1.7638, -3.1024 1.2717 1.7638, -3.1024 1.2717 1.3701, -3.2205 0.7992 1.7638, -3.1024 1.2717 0.9764, -3.1611 1.0369 0.9764, -3.2205 0.7992 1.3701, -3.2205 0.7992 0.9764, -3.1614 0.7992 0.9764, -3.1024 0.7992 0.9764, -3.1024 1.0039 0.9764, -3.1024 1.0369 0.9764, -3.1024 0.7992 1.7638, -3.1614 0.7992 1.7638, -3.1024 1.0369 1.7638, -3.1024 1.0039 1.7638, -3.0713 1.0711 1.0551, -3.0236 1.262 1.0551, -3.0236 1.262 1.3701, -3.1196 0.878 1.0551, -3.0236 1.262 1.685, -3.0713 1.0711 1.685, -3.1196 0.878 1.3701, -3.1196 0.878 1.685, -3.0236 0.878 1.685, -3.0716 0.878 1.685, -3.0236 1.0039 1.685, -3.0236 1.0711 1.685, -3.0716 0.878 1.0551, -3.0236 0.878 1.0551, -3.0236 1.0711 1.0551, -3.0236 1.0039 1.0551, -3.1024 1.5866 2.1983, -3.063 1.5866 2.1983, -3.0236 1.5866 2.1983, 2.5394 -3.8199 0.0709, 2.5394 -3.82 0.1496, 2.5394 -3.8215 0.0709, 2.5394 -3.8215 0.1496, 2.5394 -4.3189 0.0709, 2.5394 -4.3191 0.1496, 2.5394 -4.322 0.0709, -2.5394 -4.3189 0.0709, -2.5394 -3.8215 0.0709, -2.5394 -3.8199 0.0709, -2.5394 -4.322 0.0709, -2.5394 -4.3191 0.1496, -2.5394 -3.8215 0.1496, -2.5394 -3.82 0.1496, -3.0236 -4.4145 5.1534, -3.0236 -4.4173 5.1299, -0.9941 -4.4173 5.1299, -0.9941 -4.4145 5.1534, -0.9941 -4.4064 5.1751, -3.0236 -4.4064 5.1751, -0.9941 -4.392 5.1958, -3.0236 -4.392 5.1958, -0.9941 -4.3784 5.2083, -3.0236 -4.3784 5.2083, -0.9941 -4.3681 5.2143, -3.0236 -4.3578 5.2203, -0.9941 -4.3578 5.2203, -0.9941 -4.3355 5.2269, -3.0236 -4.3355 5.2269, -2.617 -4.3819 2.0075, -2.641 -4.398 2.0032, -2.6311 -4.3921 2.7189, -2.6651 -4.4087 1.9943, -2.679 -4.4128 2.7378, -2.7075 -4.4171 2.7653, -2.7137 -4.4173 2.7783, -2.7164 -4.4173 2.7917, -2.7097 -4.4172 1.9554, -2.7003 -4.4165 1.9688, 2.617 -4.3819 2.7169, 2.641 -4.398 2.7212, 2.6311 -4.3921 2.0055, 2.6651 -4.4087 2.7301, 2.679 -4.4128 1.9867, 2.6967 -4.4161 1.9727, 2.7075 -4.4171 1.9591, 2.7137 -4.4173 1.9462, 2.7164 -4.4173 1.9327, 2.7149 -4.4173 2.7822, 2.7097 -4.4172 2.769, 2.7003 -4.4165 2.7556, 0.9941 -4.4145 5.1534, 0.9941 -4.4173 5.1299, 3.0236 -4.4173 5.1299, 3.0236 -4.4145 5.1534, 3.0236 -4.4064 5.1751, 0.9941 -4.4064 5.1751, 3.0236 -4.392 5.1958, 0.9941 -4.392 5.1958, 3.0236 -4.3784 5.2083, 0.9941 -4.3784 5.2083, 0.9941 -4.3681 5.2143, 3.0236 -4.3578 5.2203, 0.9941 -4.3578 5.2203, 3.0236 -4.3355 5.2269, 0.9941 -4.3355 5.2269, -2.543 -4.3309 0.1484, -2.543 -4.3334 0.1441, -2.5441 -4.3352 0.1452, -2.5505 -4.3337 0.1565, -2.5504 -4.3411 0.1504, -2.5523 -4.3422 0.1519, -2.5396 -4.3217 0.1498, -2.5396 -4.3275 0.1111, -2.5396 -4.3218 0.1498, -2.5399 -4.3275 0.1313, -2.5404 -4.3275 0.1415, -2.5403 -4.3243 0.1504, -2.5404 -4.3304 0.1321, -2.5401 -4.3235 0.1502, -2.54 -4.3232 0.1501, -2.5405 -4.3247 0.1505, -2.5411 -4.3295 0.1422, -2.5417 -4.327 0.1514, -2.542 -4.3315 0.1431, -2.542 -4.3274 0.1516, -2.5424 -4.3278 0.1518, -2.5431 -4.3286 0.1523, -2.5441 -4.3324 0.1493, -2.544 -4.3297 0.1529, -2.5455 -4.3338 0.1503, -2.5456 -4.3309 0.1538, -2.5471 -4.3319 0.1547, -2.547 -4.3351 0.1513, -2.5471 -4.3319 0.1547, -2.5485 -4.3329 0.1555, -2.5486 -4.3362 0.1525, -2.5486 -4.333 0.1556, -2.564 -4.3461 0.159, -2.5591 -4.3363 0.1603, -2.559 -4.3449 0.1563, -2.5562 -4.3359 0.1593, -2.5566 -4.3441 0.1548, -2.5545 -4.3352 0.1585, -2.5544 -4.3432 0.1534, -2.5537 -4.3349 0.1581, -2.5525 -4.3344 0.1575, -2.5725 -4.3381 0.1651, -2.5695 -4.3377 0.164, -2.5695 -4.347 0.1616, -2.5645 -4.337 0.1622, -2.5641 -4.337 0.1621, -2.5815 -4.3478 0.1658, -2.5816 -4.3383 0.1664, -2.5754 -4.3382 0.1655, -2.5837 -4.3383 0.1667, -2.6083 -4.4173 0.1693, -2.6083 -4.3386 0.1693, -2.6014 -4.3777 0.1688, -2.6014 -4.3386 0.1692, -2.598 -4.3777 0.1683, -2.6014 -4.3386 0.1692, -2.5946 -4.3777 0.1675, -2.5947 -4.3385 0.1682, -2.5913 -4.3579 0.1674, -2.5914 -4.3384 0.1678, -2.5881 -4.3384 0.1673, -2.5397 -4.3333 0.0723, -2.5399 -4.3403 0.0732, -2.5399 -4.3319 0.112, -2.5402 -4.3431 0.0742, -2.5404 -4.3362 0.1132, -2.542 -4.3358 0.1342, -2.5441 -4.3407 0.137, -2.5406 -4.3477 0.0759, -2.5422 -4.363 0.0813, -2.542 -4.3444 0.1164, -2.5425 -4.3646 0.0824, -2.5441 -4.3518 0.1206, -2.547 -4.3583 0.1256, -2.547 -4.345 0.1403, -2.5486 -4.3398 0.149, -2.547 -4.3384 0.1477, -2.5455 -4.3369 0.1464, -2.5444 -4.3736 0.0883, -2.5463 -4.3827 0.0943, -2.5471 -4.3846 0.0964, -2.5486 -4.3611 0.1284, -2.5473 -4.3852 0.097, -2.5504 -4.3637 0.1312, -2.557 -4.4037 0.1205, -2.5593 -4.4064 0.1254, -2.559 -4.3892 0.1341, -2.5486 -4.3469 0.1421, -2.5504 -4.3486 0.144, -2.5523 -4.3501 0.146, -2.5523 -4.366 0.1341, -2.5544 -4.3515 0.1479, -2.5544 -4.3681 0.1371, -2.5566 -4.3527 0.1499, -2.5506 -4.3934 0.1059, -2.552 -4.3967 0.1094, -2.5526 -4.3983 0.1112, -2.564 -4.3925 0.1416, -2.5614 -4.409 0.1298, -2.5616 -4.4093 0.1304, -2.5815 -4.3969 0.1598, -2.5753 -4.3961 0.1546, -2.5769 -4.4156 0.1521, -2.5643 -4.4107 0.1345, -2.5698 -4.4135 0.1432, -2.5695 -4.3947 0.1485, -2.5726 -4.4149 0.1476, -2.5756 -4.4154 0.1507, -2.5815 -4.3773 0.1622, -2.5753 -4.367 0.1602, -2.5753 -4.3767 0.1583, -2.5695 -4.3661 0.1563, -2.5695 -4.3756 0.1537, -2.564 -4.3647 0.1521, -2.564 -4.374 0.1486, -2.559 -4.3626 0.1474, -2.559 -4.3715 0.143, -2.5566 -4.3699 0.14, -2.5547 -4.4008 0.1155, -2.559 -4.3538 0.1518, -2.564 -4.3554 0.1555, -2.5695 -4.3565 0.159, -2.588 -4.3578 0.1666, -2.5913 -4.3777 0.1665, -2.5817 -4.4165 0.1573, -2.5838 -4.4168 0.1594, -2.5847 -4.3972 0.162, -2.5881 -4.417 0.1624, -2.588 -4.3974 0.1639, -2.5913 -4.4172 0.1646, -2.5913 -4.3975 0.1656, -2.5921 -4.4172 0.1651, -2.5947 -4.4173 0.1661, -2.5847 -4.3775 0.1638, -2.588 -4.3776 0.1653, -2.5815 -4.3675 0.1634, -2.5815 -4.3576 0.1646, -2.5753 -4.3572 0.162, -2.5753 -4.3475 0.1639, -2.6 -4.4173 0.1682, -2.6014 -4.4173 0.1684, 2.5913 -4.3975 0.1656, 2.5913 -4.3777 0.1665, 2.5946 -4.3777 0.1675, 2.557 -4.4037 0.1205, 2.5545 -4.401 0.1154, 2.5544 -4.3681 0.1371, 2.5566 -4.3441 0.1548, 2.559 -4.3449 0.1563, 2.559 -4.3538 0.1518, 2.5486 -4.3611 0.1284, 2.547 -4.3583 0.1256, 2.547 -4.345 0.1403, 2.543 -4.3334 0.1441, 2.5441 -4.3352 0.1452, 2.5441 -4.3407 0.137, 2.5487 -4.3331 0.1557, 2.5505 -4.3337 0.1565, 2.5504 -4.3411 0.1504, 2.5537 -4.3349 0.1581, 2.5545 -4.3352 0.1585, 2.5544 -4.3432 0.1534, 2.5642 -4.3369 0.162, 2.564 -4.3461 0.159, 2.5862 -4.3383 0.1667, 2.5881 -4.3383 0.1669, 2.588 -4.3578 0.1666, 2.5913 -4.3579 0.1674, 2.5914 -4.3384 0.1673, 2.5947 -4.3384 0.1677, 2.598 -4.3777 0.1683, 2.6015 -4.3385 0.1685, 2.6014 -4.3777 0.1688, 2.6083 -4.3386 0.1693, 2.6083 -4.4173 0.1693, 2.5816 -4.3382 0.1661, 2.5648 -4.337 0.1622, 2.5696 -4.3376 0.1639, 2.5695 -4.347 0.1616, 2.5733 -4.3381 0.1651, 2.5753 -4.3475 0.1639, 2.5815 -4.3478 0.1658, 2.5591 -4.3362 0.1603, 2.5563 -4.3359 0.1593, 2.542 -4.3315 0.1431, 2.5424 -4.3278 0.1518, 2.5431 -4.3286 0.1523, 2.542 -4.3274 0.1516, 2.5411 -4.3295 0.1422, 2.5416 -4.3268 0.1513, 2.5404 -4.3275 0.1415, 2.5405 -4.3247 0.1505, 2.5402 -4.324 0.1503, 2.5404 -4.3304 0.1321, 2.54 -4.3235 0.1502, 2.5399 -4.3275 0.1313, 2.54 -4.3232 0.1501, 2.5396 -4.3218 0.1499, 2.5398 -4.3332 0.0726, 2.5441 -4.3324 0.1493, 2.543 -4.3309 0.1484, 2.5442 -4.3299 0.153, 2.542 -4.3358 0.1342, 2.5395 -4.3212 0.1497, 2.5396 -4.3275 0.1111, 2.5399 -4.3319 0.112, 2.5404 -4.3362 0.1132, 2.542 -4.3444 0.1164, 2.5441 -4.3518 0.1206, 2.5444 -4.3736 0.0882, 2.5427 -4.3666 0.0832, 2.5425 -4.3647 0.0824, 2.5524 -4.3345 0.1575, 2.5523 -4.3422 0.1519, 2.5544 -4.3515 0.1479, 2.5566 -4.3527 0.1499, 2.5566 -4.3699 0.14, 2.559 -4.3892 0.1341, 2.5523 -4.3501 0.146, 2.564 -4.3554 0.1555, 2.5695 -4.3565 0.159, 2.5815 -4.3576 0.1646, 2.5815 -4.3675 0.1634, 2.5753 -4.367 0.1602, 2.5753 -4.3572 0.162, 2.5695 -4.3661 0.1563, 2.564 -4.3647 0.1521, 2.559 -4.3626 0.1474, 2.559 -4.3715 0.143, 2.564 -4.374 0.1486, 2.564 -4.3925 0.1416, 2.5695 -4.3756 0.1537, 2.5695 -4.3947 0.1485, 2.5753 -4.3767 0.1583, 2.5753 -4.3961 0.1546, 2.5818 -4.4164 0.1572, 2.5768 -4.4157 0.1521, 2.5815 -4.3969 0.1598, 2.5815 -4.3773 0.1622, 2.5881 -4.417 0.1624, 2.5852 -4.4169 0.1606, 2.588 -4.3974 0.1639, 2.5847 -4.3972 0.162, 2.588 -4.3776 0.1653, 2.5847 -4.3775 0.1638, 2.5914 -4.4172 0.1644, 2.5401 -4.3432 0.0741, 2.5402 -4.345 0.0744, 2.5405 -4.3478 0.0755, 2.5421 -4.3614 0.0811, 2.5444 -4.3301 0.1531, 2.5455 -4.3338 0.1503, 2.5455 -4.3369 0.1464, 2.5507 -4.3933 0.1059, 2.5472 -4.3854 0.0968, 2.547 -4.3849 0.0963, 2.547 -4.3848 0.0962, 2.5471 -4.3319 0.1547, 2.547 -4.3351 0.1513, 2.547 -4.3384 0.1477, 2.5486 -4.3469 0.1421, 2.5504 -4.3637 0.1312, 2.5521 -4.3966 0.1095, 2.5535 -4.3997 0.1132, 2.5523 -4.366 0.1341, 2.5504 -4.3486 0.144, 2.5486 -4.3398 0.149, 2.5486 -4.3362 0.1525, 2.5486 -4.333 0.1556, 2.5471 -4.3319 0.1547, 2.5738 -4.4152 0.1491, 2.5698 -4.4134 0.1431, 2.5626 -4.4101 0.1322, 2.5615 -4.4088 0.1299, 2.5593 -4.4063 0.1254, 2.6018 -4.4173 0.1686, 2.6014 -4.4173 0.1685, 2.5981 -4.4173 0.1674, 2.5946 -4.4173 0.1663, 2.594 -4.4173 0.166, -3.0607 -4.3577 5.2202, -3.0608 -4.3562 5.221, -3.0608 -4.341 5.1844, -3.0646 -4.3214 5.1494, -3.0632 -4.3229 5.1492, -3.0634 -4.3234 5.1536, -3.0612 -4.3259 5.1483, -3.0609 -4.3263 5.1481, -3.0608 -4.3298 5.1569, -3.0588 -4.3337 5.1429, -3.059 -4.3342 5.1423, -3.059 -4.3952 5.1915, -3.0593 -4.3682 5.162, -3.0595 -4.4008 5.1832, -3.0654 -4.3384 5.1316, -3.067 -4.3386 5.1299, -3.067 -4.3431 5.1299, -3.0653 -4.343 5.132, -3.0636 -4.3426 5.1342, -3.0639 -4.3383 5.1331, -3.0621 -4.3421 5.1365, -3.0622 -4.3377 5.1353, -3.063 -4.338 5.1343, -3.0602 -4.3365 5.1387, -3.0606 -4.3369 5.1378, -3.0609 -4.3459 5.1406, -3.061 -4.3372 5.1372, -3.0614 -4.3374 5.1365, -3.06 -4.3447 5.1433, -3.0601 -4.3363 5.139, -3.0593 -4.3516 5.1512, -3.0594 -4.3355 5.1405, -3.0594 -4.3354 5.1407, -3.0588 -4.3934 5.1942, -3.0589 -4.3918 5.1957, -3.0588 -4.3337 5.1429, -3.0589 -4.3884 5.1988, -3.0588 -4.3328 5.1437, -3.0589 -4.3316 5.145, -3.0593 -4.3405 5.1624, -3.0593 -4.3301 5.1461, -3.0589 -4.3314 5.1451, -3.059 -4.381 5.2056, -3.0591 -4.3782 5.2081, -3.0593 -4.3514 5.1789, -3.0591 -4.3764 5.2098, -3.0594 -4.3731 5.2116, -3.0599 -4.3371 5.1644, -3.0599 -4.3325 5.1556, -3.0608 -4.3265 5.1481, -3.06 -4.3281 5.1473, -3.0595 -4.3293 5.1466, -3.0593 -4.3298 5.1463, -3.0621 -4.3245 5.1487, -3.062 -4.3257 5.1531, -3.062 -4.3271 5.1578, -3.0634 -4.3299 5.1877, -3.0651 -4.3225 5.1688, -3.0634 -4.3262 5.1682, -3.0651 -4.3216 5.1589, -3.0652 -4.3208 5.1494, -3.0651 -4.3211 5.154, -3.0608 -4.3335 5.166, -3.0634 -4.3243 5.1585, -3.06 -4.3535 5.1478, -3.0609 -4.3551 5.1442, -3.0609 -4.3736 5.1515, -3.0636 -4.3573 5.1369, -3.0621 -4.3469 5.1379, -3.0636 -4.3475 5.1351, -3.0653 -4.3479 5.1324, -3.0653 -4.3578 5.1332, -3.0635 -4.3372 5.2263, -3.0638 -4.3355 5.2268, -3.064 -4.334 5.2272, -3.06 -4.4063 5.175, -3.0601 -4.4067 5.1743, -3.0611 -4.4099 5.1658, -3.067 -4.3777 5.1299, -3.067 -4.4173 5.1299, -3.0636 -4.3767 5.1404, -3.0638 -4.4152 5.1474, -3.0626 -4.4145 5.1534, -3.067 -4.348 5.1299, -3.067 -4.3579 5.1299, 3.0236 -4.3381 5.1343, 3.0236 -4.3386 5.1299, 0.9941 -4.3386 5.1299, 0.9941 -4.3381 5.1343, 0.9941 -4.3365 5.1387, 3.0236 -4.3365 5.1387, 0.9941 -4.3337 5.1429, 3.0236 -4.3337 5.1429, 0.9941 -4.3301 5.1461, 3.0236 -4.3301 5.1461, 0.9941 -4.3259 5.1483, 3.0236 -4.3259 5.1483, 0.9941 -4.3214 5.1494, 3.0236 -4.3214 5.1494, 0.9941 -4.3927 5.1721, 0.9941 -4.3386 4.9921, 0.9941 -4.3681 4.9921, 0.9941 -4.4173 4.9921, 0.9978 -4.3386 4.9629, 1.0914 -4.3386 4.8759, 1.1122 -4.3386 4.874, 1.1122 -4.3779 4.874, 0.9978 -4.4173 4.9629, 1.0077 -4.3386 4.937, 1.0077 -4.4173 4.937, 1.0252 -4.3386 4.9123, 1.0252 -4.4173 4.9123, 1.04 -4.3386 4.8986, 1.04 -4.4173 4.8986, 1.0647 -4.3386 4.884, 1.0647 -4.4173 4.884, 1.0914 -4.4173 4.8759, 1.1122 -4.4173 4.874, 2.7953 -4.3386 4.874, 2.7953 -4.3779 4.874, 2.7953 -4.4173 4.874, 2.8245 -4.3386 4.8703, 2.9134 -4.3779 4.7559, 2.9134 -4.4173 4.7559, 2.9115 -4.4173 4.7767, 2.9115 -4.3386 4.7767, 2.9134 -4.3386 4.7559, 2.9034 -4.4173 4.8034, 2.9034 -4.3386 4.8034, 2.8888 -4.4173 4.8281, 2.8888 -4.3386 4.8281, 2.8751 -4.4173 4.8429, 2.8751 -4.3386 4.8429, 2.8504 -4.4173 4.8604, 2.8504 -4.3386 4.8604, 2.8245 -4.4173 4.8703, 2.9134 -4.3386 3.9488, 2.9134 -4.3779 3.9488, 2.9134 -4.4173 3.9488, 2.7953 -4.3779 3.8307, 2.7953 -4.4173 3.8307, 2.816 -4.4173 3.8326, 2.7953 -4.3386 3.8307, 2.9097 -4.4173 3.9196, 2.816 -4.3386 3.8326, 2.8428 -4.4173 3.8407, 2.8428 -4.3386 3.8407, 2.8674 -4.4173 3.8553, 2.8674 -4.3386 3.8553, 2.8823 -4.4173 3.869, 2.8823 -4.3386 3.869, 2.8997 -4.4173 3.8937, 2.8997 -4.3386 3.8937, 2.9097 -4.3386 3.9196, 2.6772 -4.4173 3.8307, 2.6772 -4.3779 3.8307, 2.6772 -4.3386 3.8307, 2.6479 -4.3386 3.827, 2.6479 -4.4173 3.827, 2.5609 -4.3386 3.7334, 2.5591 -4.3386 3.7126, 2.5591 -4.3779 3.7126, 2.6221 -4.3386 3.8171, 2.6221 -4.4173 3.8171, 2.5973 -4.3386 3.7996, 2.5973 -4.4173 3.7996, 2.5837 -4.3386 3.7848, 2.5837 -4.4173 3.7848, 2.569 -4.3386 3.7601, 2.569 -4.4173 3.7601, 2.5609 -4.4173 3.7334, 2.5591 -4.4173 3.7126, 2.5591 -4.3386 2.874, 2.5591 -4.3779 2.874, 2.5591 -4.4173 2.874, 2.6378 -4.3386 2.874, 2.6378 -4.3779 2.874, 2.6378 -4.4173 2.874, 2.6545 -4.3386 2.8722, 2.7158 -4.4173 2.8061, 2.7158 -4.3386 2.8061, 2.7111 -4.4173 2.824, 2.7111 -4.3386 2.824, 2.702 -4.4173 2.8409, 2.702 -4.3386 2.8409, 2.6889 -4.4173 2.8552, 2.6889 -4.3386 2.8552, 2.6719 -4.4173 2.8662, 2.6719 -4.3386 2.8662, 2.6545 -4.4173 2.8722, 2.6702 -4.3235 2.0067, 2.6875 -4.333 1.9972, 2.6785 -4.3288 2.0033, 2.6796 -4.3294 2.7217, 2.6895 -4.3338 2.7289, 2.6974 -4.3362 1.9872, 2.6963 -4.3359 2.7359, 2.7137 -4.3385 1.9529, 2.7135 -4.3385 2.7711, 2.7065 -4.3379 1.9726, 2.6378 -4.3779 1.8504, 2.6378 -4.4173 1.8504, 2.6545 -4.4173 1.8522, 2.7158 -4.3386 1.9183, 2.7158 -4.4173 1.9183, 2.7111 -4.3386 1.9004, 2.7111 -4.4173 1.9004, 2.702 -4.3386 1.8836, 2.702 -4.4173 1.8836, 2.6889 -4.3386 1.8693, 2.6889 -4.4173 1.8693, 2.6719 -4.3386 1.8582, 2.6719 -4.4173 1.8582, 2.6545 -4.3386 1.8522, 2.6378 -4.3386 1.8504, 2.5591 -4.4173 1.8504, 2.5591 -4.3779 1.8504, 2.5591 -4.3386 1.8504, 2.5591 -4.3386 0.8346, 2.5591 -4.3779 0.8346, 2.5591 -4.4173 0.8346, 2.5554 -4.3386 0.8054, 2.4409 -4.3779 0.7165, 2.4409 -4.4173 0.7165, 2.4617 -4.4173 0.7184, 2.4617 -4.3386 0.7184, 2.4409 -4.3386 0.7165, 2.4885 -4.4173 0.7265, 2.4885 -4.3386 0.7265, 2.5131 -4.4173 0.7411, 2.5131 -4.3386 0.7411, 2.528 -4.4173 0.7548, 2.528 -4.3386 0.7548, 2.5454 -4.4173 0.7796, 2.5454 -4.3386 0.7796, 2.5554 -4.4173 0.8054, 0.0 -4.3386 0.7165, -2.4409 -4.3386 0.7165, -2.4409 -4.3779 0.7165, 0.0 -4.4173 0.7165, -2.4409 -4.4173 0.7165, -2.4702 -4.3386 0.7202, -2.5591 -4.3779 0.8346, -2.5591 -4.4173 0.8346, -2.5572 -4.4173 0.8139, -2.5591 -4.3386 0.8346, -2.5572 -4.3386 0.8139, -2.5491 -4.4173 0.7871, -2.5491 -4.3386 0.7871, -2.5344 -4.4173 0.7625, -2.5344 -4.3386 0.7625, -2.5208 -4.4173 0.7476, -2.5208 -4.3386 0.7476, -2.496 -4.4173 0.7302, -2.496 -4.3386 0.7302, -2.4702 -4.4173 0.7202, -2.5591 -4.4173 1.8504, -2.5591 -4.3779 1.8504, -2.5591 -4.3386 1.8504, -2.6378 -4.4173 1.8504, -2.6378 -4.3779 1.8504, -2.6378 -4.3386 1.8504, -2.7158 -4.4173 1.9183, -2.6545 -4.4173 1.8522, -2.7158 -4.3386 1.9183, -2.7111 -4.4173 1.9004, -2.7111 -4.3386 1.9004, -2.702 -4.4173 1.8836, -2.702 -4.3386 1.8836, -2.6889 -4.4173 1.8693, -2.6889 -4.3386 1.8693, -2.6719 -4.4173 1.8582, -2.6719 -4.3386 1.8582, -2.6545 -4.3386 1.8522, -2.6707 -4.3239 2.0066, -2.6702 -4.3235 2.7177, -2.6875 -4.333 2.7272, -2.6785 -4.3288 2.7211, -2.6796 -4.3294 2.0027, -2.6895 -4.3338 1.9955, -2.6974 -4.3362 2.7373, -2.6963 -4.3359 1.9885, -2.7137 -4.3385 2.7715, -2.7135 -4.3385 1.9533, -2.7065 -4.3379 2.7518, -2.6378 -4.3779 2.874, -2.6378 -4.4173 2.874, -2.6545 -4.4173 2.8722, -2.7158 -4.3386 2.8061, -2.7158 -4.4173 2.8061, -2.7111 -4.3386 2.824, -2.7111 -4.4173 2.824, -2.702 -4.3386 2.8409, -2.702 -4.4173 2.8409, -2.6889 -4.3386 2.8552, -2.6889 -4.4173 2.8552, -2.6719 -4.3386 2.8662, -2.6719 -4.4173 2.8662, -2.6545 -4.3386 2.8722, -2.6378 -4.3386 2.874, -2.5591 -4.3386 2.874, -2.5591 -4.3779 2.874, -2.5591 -4.4173 2.874, -2.5591 -4.4173 3.7126, -2.5591 -4.3779 3.7126, -2.5591 -4.3386 3.7126, -2.6772 -4.3779 3.8307, -2.6772 -4.4173 3.8307, -2.6564 -4.4173 3.8289, -2.5627 -4.3386 3.7418, -2.5627 -4.4173 3.7418, -2.5727 -4.3386 3.7677, -2.5727 -4.4173 3.7677, -2.5902 -4.3386 3.7925, -2.5902 -4.4173 3.7925, -2.605 -4.3386 3.8061, -2.605 -4.4173 3.8061, -2.6296 -4.3386 3.8207, -2.6296 -4.4173 3.8207, -2.6564 -4.3386 3.8289, -2.6772 -4.3386 3.8307, -2.7953 -4.4173 3.8307, -2.7953 -4.3779 3.8307, -2.7953 -4.3386 3.8307, -2.9134 -4.3779 3.9488, -2.9134 -4.4173 3.9488, -2.9115 -4.4173 3.9281, -2.9115 -4.3386 3.9281, -2.9134 -4.3386 3.9488, -2.8245 -4.4173 3.8344, -2.9034 -4.4173 3.9013, -2.9034 -4.3386 3.9013, -2.8888 -4.4173 3.8767, -2.8888 -4.3386 3.8767, -2.8751 -4.4173 3.8618, -2.8751 -4.3386 3.8618, -2.8504 -4.4173 3.8443, -2.8504 -4.3386 3.8443, -2.8245 -4.3386 3.8344, -2.9134 -4.4173 4.7559, -2.9134 -4.3779 4.7559, -2.9134 -4.3386 4.7559, -2.9097 -4.3386 4.7852, -2.7953 -4.3779 4.874, -2.7953 -4.4173 4.874, -2.816 -4.4173 4.8722, -2.816 -4.3386 4.8722, -2.7953 -4.3386 4.874, -2.8428 -4.4173 4.864, -2.8428 -4.3386 4.864, -2.8674 -4.4173 4.8494, -2.8674 -4.3386 4.8494, -2.8823 -4.4173 4.8358, -2.8823 -4.3386 4.8358, -2.8997 -4.4173 4.811, -2.8997 -4.3386 4.811, -2.9097 -4.4173 4.7852, -1.1122 -4.3386 4.874, -1.1122 -4.3779 4.874, -1.1122 -4.4173 4.874, -1.083 -4.3386 4.8777, -0.9959 -4.3386 4.9714, -0.9941 -4.3386 4.9921, -0.9941 -4.3681 4.9921, -1.083 -4.4173 4.8777, -1.0571 -4.3386 4.8877, -1.0571 -4.4173 4.8877, -1.0323 -4.3386 4.9051, -1.0323 -4.4173 4.9051, -1.0187 -4.3386 4.92, -1.0187 -4.4173 4.92, -1.0041 -4.3386 4.9446, -1.0041 -4.4173 4.9446, -0.9959 -4.4173 4.9714, -0.9941 -4.4173 4.9921, -0.9941 -4.3381 5.1343, -0.9941 -4.3365 5.1387, -0.9941 -4.3386 5.1299, -0.9941 -4.3214 5.1494, -0.9941 -4.3259 5.1483, -0.9941 -4.3301 5.1461, -0.9941 -4.3337 5.1429, -0.9941 -4.3927 5.1721, -3.0236 -4.3386 5.1299, -3.0236 -4.3381 5.1343, -3.0236 -4.3365 5.1387, -3.0236 -4.3337 5.1429, -3.0236 -4.3301 5.1461, -3.0236 -4.3259 5.1483, -3.0236 -4.3214 5.1494, 3.103 0.4188 0.5003, 3.103 0.4188 0.3661, 3.1027 0.4196 0.3661, 3.1024 0.4213 0.3661, 3.1024 0.4213 0.6344, 3.1024 0.4204 0.3661, 3.1025 0.42 0.6344, 3.1025 0.42 0.3661, 3.1025 0.42 0.6344, 3.1027 0.4194 0.6344, 3.103 0.4188 0.6344, 3.1024 1.0039 0.6344, 3.1024 1.5276 0.4252, 3.1024 1.0039 0.3661, 3.1024 1.4685 0.3661, 3.1024 1.5236 0.3798, 3.1024 1.5484 0.3972, 3.1024 1.562 0.4121, 3.1024 1.5766 0.4367, 3.1024 1.5848 0.4635, 3.1024 1.4978 0.3698, 3.1024 0.8447 0.3661, 3.0236 1.4685 0.3661, 3.0236 1.4978 0.3698, 3.0236 1.5848 0.4635, 3.0236 1.5236 0.3798, 3.0236 1.5484 0.3972, 3.0236 1.562 0.4121, 3.0236 1.5766 0.4367, 3.0236 1.5276 0.4252, 3.0236 1.0039 0.6344, 3.0236 0.4213 0.3661, 3.0236 0.4213 0.6344, 3.0236 0.8447 0.3661, 3.0236 1.0039 0.3661, 3.0262 0.4007 0.3661, 3.0332 0.3823 0.3661, 3.0348 0.3794 0.3661, 3.0348 0.3794 0.5003, 3.0262 0.4007 0.6344, 3.0332 0.3823 0.6344, 3.0348 0.3794 0.6344, 3.0236 -4.3381 5.1343, 3.0632 -4.3382 5.1339, 3.063 -4.3386 5.1299, 3.0595 -4.3356 5.1403, 3.0608 -4.3371 5.1375, 3.0588 -4.3318 5.1447, 3.0236 -4.3301 5.1461, 3.0236 -4.3337 5.1429, 3.0606 -4.3268 5.148, 3.0236 -4.3259 5.1483, 3.0594 -4.3295 5.1465, 3.0236 -4.3214 5.1494, 3.0639 -4.322 5.1494, 3.0614 -4.3255 5.1485, 3.063 -4.4173 5.1299, 3.0776 -4.4173 5.1139, 3.0776 -4.3386 5.1139, 3.0922 -4.4173 5.1007, 3.1024 -4.4173 5.0946, 3.1024 -4.3777 5.0946, 3.1024 -4.3579 5.0946, 3.1024 -4.348 5.0946, 3.0922 -4.3386 5.1007, 3.1024 -4.3431 5.0946, 3.1024 -4.3386 5.0946, 3.1024 1.5766 2.2458, 3.1024 1.562 2.2704, 3.1024 1.5484 2.2853, 3.1024 1.5236 2.3027, 3.1024 1.5848 2.219, 3.1024 1.4978 2.3127, 3.1024 1.4685 2.3164, 3.1024 1.0039 2.3164, 3.1024 0.8379 2.3164, 3.1024 0.4213 2.3164, 3.0236 0.4213 2.3164, 3.0348 0.3794 1.4754, 3.0262 0.4007 2.3164, 3.0332 0.3823 2.3164, 3.0348 0.3794 2.3164, 3.0236 1.0039 2.3164, 3.0236 1.4685 2.3164, 3.0236 1.4978 2.3127, 3.0236 1.5236 2.3027, 3.0236 1.5484 2.2853, 3.0236 1.562 2.2704, 3.0236 1.5766 2.2458, 3.0236 1.5848 2.219, 3.0236 0.8379 2.3164, 3.103 0.4188 1.4754, 3.103 0.4188 2.3164, 3.1027 0.4196 2.3164, 3.1025 0.42 2.3164, 3.1024 0.4204 2.3164, -3.1024 1.5407 0.3908, -3.1024 1.516 0.3761, -3.1024 1.5276 0.4252, -3.1024 1.4893 0.368, -3.1024 1.4685 0.3661, -3.1024 1.5829 0.455, -3.1024 1.573 0.4292, -3.1024 1.5555 0.4044, -3.1024 1.0039 0.6344, -3.1024 0.4213 0.3661, -3.1024 0.4213 0.6344, -3.1024 0.8484 0.3661, -3.1024 1.0039 0.3661, -3.103 0.4188 0.5003, -3.103 0.4188 0.6344, -3.1027 0.4194 0.6344, -3.103 0.4188 0.3661, -3.1027 0.4196 0.3661, -3.1025 0.42 0.3661, -3.1025 0.42 0.6344, -3.1024 0.4204 0.3661, -3.1025 0.42 0.6344, -3.0348 0.3794 0.5003, -3.0348 0.3794 0.3661, -3.0332 0.3823 0.3661, -3.0332 0.3823 0.6344, -3.0262 0.4007 0.3661, -3.0262 0.4007 0.6344, -3.0236 0.4213 0.3661, -3.0236 0.4213 0.6344, -3.0348 0.3794 0.6344, -3.0236 1.573 0.4292, -3.0236 1.5829 0.455, -3.0236 1.5276 0.4252, -3.0236 1.516 0.3761, -3.0236 1.5407 0.3908, -3.0236 1.5555 0.4044, -3.0236 1.0039 0.6344, -3.0236 0.8484 0.3661, -3.0236 1.0039 0.3661, -3.0236 1.4685 0.3661, -3.0236 1.4893 0.368, -3.1024 0.4204 2.3164, -3.1024 0.4213 2.3164, -3.1025 0.42 2.3164, -3.103 0.4188 1.4754, -3.103 0.4188 2.3164, -3.1027 0.4196 2.3164, -3.1024 1.0039 2.3164, -3.1024 1.4685 2.3164, -3.1024 1.4893 2.3145, -3.1024 1.516 2.3064, -3.1024 1.5407 2.2918, -3.1024 1.5555 2.2781, -3.1024 1.573 2.2534, -3.1024 1.5829 2.2275, -3.1024 0.8379 2.3164, -3.0236 1.5829 2.2275, -3.0236 1.573 2.2534, -3.0236 1.5555 2.2781, -3.0236 1.5407 2.2918, -3.0236 1.516 2.3064, -3.0236 1.4893 2.3145, -3.0236 1.4685 2.3164, -3.0236 0.4213 2.3164, -3.0236 0.8379 2.3164, -3.0236 1.0039 2.3164, -3.0262 0.4007 2.3164, -3.0332 0.3823 2.3164, -3.0348 0.3794 2.3164, -3.0348 0.3794 1.4754, -3.0632 -4.4173 5.1299, 0.0 -4.4173 0.1693, 0.0 -4.4173 0.6344, -3.0236 -4.4173 0.6344, -1.0531 -4.4173 4.9331, -2.6181 -4.4173 3.7717, 2.6181 -4.4173 3.7717, 3.0236 -4.4173 0.6344, 1.0531 -4.4173 4.9331, -2.6772 -4.3779 0.1004, -2.6772 -4.3386 0.1004, -2.6754 -4.3386 0.116, -2.6169 -4.4173 0.1688, -2.6169 -4.3386 0.1688, -2.6326 -4.4173 0.1649, -2.6326 -4.3386 0.1649, -2.6474 -4.4173 0.1571, -2.6474 -4.3386 0.1571, -2.66 -4.4173 0.1459, -2.66 -4.3386 0.1459, -2.6699 -4.4173 0.1312, -2.6699 -4.3386 0.1312, -2.6754 -4.4173 0.116, -2.6772 -4.4173 0.1004, 0.0 -4.3386 0.1693, 2.6169 -4.3386 0.1688, 2.6754 -4.3386 0.116, 2.6772 -4.3386 0.1004, 2.6772 -4.3779 0.1004, 2.6169 -4.4173 0.1688, 2.6326 -4.3386 0.1649, 2.6326 -4.4173 0.1649, 2.6474 -4.3386 0.1571, 2.6474 -4.4173 0.1571, 2.66 -4.3386 0.1459, 2.66 -4.4173 0.1459, 2.6699 -4.3386 0.1312, 2.6699 -4.4173 0.1312, 2.6754 -4.4173 0.116, 2.6772 -4.4173 0.1004, -3.0632 -4.3229 5.1492, -3.0236 -4.3259 5.1483, -3.0595 -4.3293 5.1466, -3.0608 -4.3265 5.1481, -3.0236 -4.3337 5.1429, -3.0594 -4.3355 5.1405, -3.0588 -4.3337 5.1429, -3.0614 -4.3374 5.1365, -3.0606 -4.3369 5.1378, -3.0632 -4.3386 5.1299, -3.1024 -4.3777 5.0946, -3.1024 -4.4173 5.0946, -3.0864 -4.4173 5.1052, -3.0864 -4.3386 5.1052, -3.1024 -4.3386 5.0946, -3.1024 -4.3431 5.0946, -3.1024 -4.348 5.0946, -3.1024 -4.3579 5.0946, -3.0731 -4.4173 5.1198, -3.0731 -4.3386 5.1198, 0.0 -4.3386 0.6344, 3.0236 -4.3386 0.6344, 1.0531 -4.3386 4.9331, 2.6181 -4.3386 3.7717, -2.6181 -4.3386 3.7717, -1.0531 -4.3386 4.9331, -3.0236 -4.3386 0.6344, 3.1797 0.286 0.3661, 3.1797 0.286 0.5003, 3.1797 0.286 0.6344, 3.1994 0.2284 0.3661, 3.1192 0.2284 0.3661, 3.196 0.2458 0.3661, 3.113 0.2439 0.3661, 3.1827 0.2805 0.3661, 3.1115 0.2466 0.3661, 3.1115 0.2466 0.6344, 3.1115 0.2466 0.5003, 2.6772 -4.3386 0.0709, 2.6772 -4.3779 0.0709, 2.6772 -4.4173 0.0709, -3.1797 0.286 0.6344, -3.1797 0.286 0.5003, -3.1797 0.286 0.3661, -3.1797 0.286 2.3164, -3.1797 0.286 1.4754, -3.1115 0.2466 0.3661, -3.1115 0.2466 0.5003, -3.1115 0.2466 0.6344, -3.1823 0.2803 0.3661, -3.113 0.2439 0.3661, -3.1923 0.2581 0.3661, -3.1192 0.2284 0.3661, -3.1953 0.2457 0.3661, -3.1994 0.2284 0.3661, -3.1988 -4.3354 5.0915, -3.1986 -4.3373 5.0912, -3.1601 -4.3299 5.091, -3.1472 -4.4058 5.0877, -3.1397 -4.41 5.0884, -3.1239 -4.3736 5.0885, -3.1412 -4.3225 5.0927, -3.1414 -4.3189 5.0946, -3.1612 -4.3189 5.0946, -3.1368 -4.3371 5.0875, -3.1385 -4.3335 5.0884, -3.1569 -4.341 5.0884, -3.1293 -4.3298 5.0884, -3.1068 -4.338 5.0905, -3.1078 -4.3377 5.0898, -3.109 -4.3421 5.0897, -3.1204 -4.3268 5.0881, -3.1206 -4.3263 5.0884, -3.1218 -4.3214 5.0921, -3.1219 -4.3208 5.0927, -3.1264 -4.3211 5.0927, -3.1218 -4.322 5.0915, -3.1212 -4.3245 5.0896, -3.1255 -4.3257 5.0896, -3.1209 -4.3255 5.0889, -3.1302 -4.3271 5.0896, -3.1208 -4.3259 5.0887, -3.1197 -4.3281 5.0876, -3.1187 -4.3298 5.0869, -3.119 -4.3295 5.087, -3.1348 -4.3405 5.0868, -3.1281 -4.3325 5.0875, -3.1837 -4.3729 5.087, -3.1803 -4.3781 5.0867, -3.1513 -4.3514 5.0868, -3.1782 -4.3812 5.0865, -3.1185 -4.3301 5.0868, -3.1236 -4.3516 5.0869, -3.1638 -4.3952 5.0866, -3.1344 -4.3682 5.0869, -3.1599 -4.3987 5.0867, -3.1558 -4.401 5.087, -3.1128 -4.3356 5.087, -3.1131 -4.3353 5.0869, -3.1147 -4.3342 5.0865, -3.1151 -4.3339 5.0864, -3.1678 -4.3915 5.0865, -3.1153 -4.3337 5.0864, -3.1712 -4.3884 5.0865, -3.1162 -4.3328 5.0864, -3.1769 -4.3832 5.0864, -3.1172 -4.3318 5.0864, -3.1175 -4.3314 5.0865, -3.1202 -4.3535 5.0876, -3.1157 -4.3447 5.0876, -3.1099 -4.3371 5.0883, -3.1111 -4.3365 5.0878, -3.1114 -4.3363 5.0876, -3.1096 -4.3372 5.0885, -3.113 -4.3459 5.0885, -3.1103 -4.3469 5.0897, -3.1041 -4.3384 5.0929, -3.1044 -4.343 5.0929, -3.1048 -4.3479 5.0929, -3.1056 -4.3578 5.0929, -3.1257 -4.4139 5.0904, -3.1198 -4.4155 5.0912, -3.1128 -4.3767 5.0912, -3.1175 -4.4161 5.0916, -3.1093 -4.3573 5.0912, -3.1167 -4.3551 5.0885, -3.1076 -4.3475 5.0912, -3.1067 -4.3426 5.0912, -3.1064 -4.3382 5.0908, -3.122 -4.3189 5.0946, -3.1265 -4.3189 5.0946, -3.1313 -4.3216 5.0927, -3.1315 -4.3189 5.0946, -3.1309 -4.3243 5.091, -3.1261 -4.3234 5.091, -3.1979 -4.3424 5.0902, -3.193 -4.3556 5.0886, -3.1923 -4.3576 5.0883, -3.1902 -4.3632 5.0876, -3.1407 -4.3262 5.091, -3.2008 -4.3189 5.0946, -3.2008 0.2073 2.3164, -3.122 0.2073 2.3164, -3.196 0.2458 2.3164, -3.1196 0.2266 2.3164, -3.1827 0.2805 2.3164, -3.113 0.2439 2.3164, -3.1115 0.2466 2.3164, -3.1115 0.2466 1.4754, -3.1024 -4.4173 0.6344, -3.0632 -4.4173 0.6344, -2.6772 -4.4173 0.0709, -2.6772 -4.3779 0.0709, -2.6772 -4.3386 0.0709, 3.0236 -4.4173 0.0709, -3.0236 -4.4173 0.0709, -3.0236 -4.3386 0.0709, 3.0236 -4.3386 0.0709, -3.0632 -4.3386 0.6344, -3.1024 -4.3386 0.6344, -3.2004 0.2178 0.3657, -3.2008 0.2073 0.3642, -3.2008 0.2073 0.6344, -3.196 0.2458 0.6344, -3.1827 0.2805 0.6344, -3.2008 -4.1228 3.063, -3.2008 -1.3169 2.9172, -3.2008 -4.0827 2.8268, -3.2008 -1.1553 2.9263, -3.2008 -1.1851 2.9215, -3.2008 -1.0709 3.0395, -3.2008 -4.1228 2.8268, -3.2008 -4.1534 2.8308, -3.2008 -4.1819 2.8426, -3.2008 -4.2063 2.8614, -3.2008 -4.2251 2.8858, -3.2008 -4.2369 2.9143, -3.2008 -4.1228 3.8504, -3.2008 -1.3169 3.9962, -3.2008 -1.0709 3.8739, -3.2008 -4.1819 4.0708, -3.2008 -4.1534 4.0826, -3.2008 -4.1534 3.8544, -3.2008 -4.1228 4.0866, -3.2008 -4.0827 4.0866, -3.2008 -4.2063 3.0284, -3.2008 -4.1819 3.0472, -3.2008 -4.2251 3.0039, -3.2008 -4.1534 3.059, -3.2008 -1.1041 3.956, -3.2008 -1.086 3.9318, -3.2008 -1.0747 3.9038, -3.2008 -1.0747 3.0096, -3.2008 -1.086 2.9816, -3.2008 -4.2409 2.9449, -3.2008 -4.2369 2.9755, -3.2008 -1.1041 2.9574, -3.2008 -1.1277 2.9385, -3.2008 -4.1819 3.8662, -3.2008 -4.2063 3.885, -3.2008 -4.2063 4.052, -3.2008 -4.2251 4.0276, -3.2008 -1.1851 3.9919, -3.2008 -1.1553 3.9871, -3.2008 -1.1277 3.9749, -3.2008 -4.2251 3.9095, -3.2008 -4.2369 3.9379, -3.2008 -4.2369 3.9991, -3.2008 -4.2409 3.9685, -3.1994 -4.3355 0.6344, -3.2008 -4.3189 0.6344, -3.1928 -4.3578 0.6344, -3.1807 -4.3784 0.6344, -3.1475 -4.4064 0.6344, -3.1683 -4.392 0.6344, -3.1259 -4.4145 0.6344, -3.2008 -4.0827 2.0, -3.2008 -1.3169 1.9096, -3.2008 -4.1228 1.7638, -3.2008 -1.3169 0.8305, -3.2008 -4.0827 0.7402, -3.2008 -4.1228 0.9764, -3.2008 -4.1228 0.7402, -3.2008 -4.1534 0.9724, -3.2008 -4.1819 0.9606, -3.2008 -1.1851 0.8349, -3.2008 -1.1851 1.9053, -3.2008 -4.1228 2.0, -3.2008 -4.1534 1.7678, -3.2008 -4.1819 1.7796, -3.2008 -4.2369 0.8277, -3.2008 -4.1819 0.756, -3.2008 -4.2251 0.7992, -3.2008 -4.2063 0.7748, -3.2008 -4.2409 0.8583, -3.2008 -4.2369 0.8888, -3.2008 -4.2251 0.9173, -3.2008 -4.1534 0.7442, -3.2008 -4.2063 0.9418, -3.2008 -4.2063 1.7984, -3.2008 -4.2251 1.8228, -3.2008 -4.2369 1.8513, -3.2008 -1.0747 0.923, -3.2008 -1.086 0.895, -3.2008 -1.0709 0.9529, -3.2008 -1.1041 0.8708, -3.2008 -1.1277 0.8519, -3.2008 -4.2063 1.9654, -3.2008 -4.1819 1.9842, -3.2008 -4.2251 1.9409, -3.2008 -4.1534 1.996, -3.2008 -1.0709 1.7873, -3.2008 -1.1553 1.9005, -3.2008 -1.0747 1.8172, -3.2008 -1.1277 1.8882, -3.2008 -1.086 1.8452, -3.2008 -1.1041 1.8694, -3.2008 -1.1553 0.8397, -3.2008 -4.2409 1.8819, -3.2008 -4.2369 1.9125, -3.2008 -1.3169 5.1299, -3.2008 -4.3087 5.1007, -3.2008 -4.2942 5.1139, -3.2008 -4.2836 5.1299, -3.2008 -1.3172 5.1299, -3.2008 -2.8861 0.6344, -3.2008 -0.9152 0.6344, -3.2008 -1.3169 0.6344, -3.2008 -1.4534 0.6344, -3.2008 -0.3769 0.6344, -3.2008 -0.0848 0.6344, -3.2008 0.1544 2.6115, -3.2008 0.122 2.5885, -3.2008 0.0979 2.5607, -3.2008 0.0809 2.5278, -3.2008 0.0717 2.4885, -3.2008 0.071 2.4664, -3.2008 0.0771 2.4287, -3.2008 0.0917 2.3942, -3.2008 0.1132 2.365, -3.2008 0.1694 2.3264, -3.2008 0.1391 2.3427, -3.2008 1.685 5.1299, -3.2008 1.685 2.6299, -3.2008 0.9567 2.6299, -3.2008 0.2284 2.6299, -3.2008 0.1883 2.6248, -3.113 0.2439 0.6344, -3.1196 0.2266 0.6344, -3.1195 0.2266 0.366, -3.1218 0.2139 0.3653, -3.122 0.2073 0.6344, -3.122 0.2073 0.3642, -3.1614 0.1102 0.248, -3.2008 0.1102 0.248, -3.2008 0.1121 0.2688, -3.122 0.1102 0.248, -3.122 0.1121 0.2688, -3.2008 0.1202 0.2956, -3.122 0.1202 0.2956, -3.2008 0.1349 0.3202, -3.122 0.1349 0.3202, -3.2008 0.1485 0.335, -3.122 0.1485 0.335, -3.2008 0.1733 0.3525, -3.122 0.1733 0.3525, -3.2008 0.1991 0.3625, -3.122 0.1991 0.3625, -3.2004 0.2178 0.3657, -3.2008 0.1102 0.189, -3.1614 0.1102 0.189, -3.122 0.1102 0.189, -3.122 -4.0827 4.0866, -3.122 -4.1228 3.8504, -3.122 -1.3169 3.9962, -3.122 -4.1228 3.063, -3.122 -1.1851 2.9215, -3.122 -1.3169 2.9172, -3.122 -4.0827 2.8268, -3.122 -4.1534 2.8308, -3.122 -4.1228 2.8268, -3.122 -4.1819 3.0472, -3.122 -4.1228 4.0866, -3.122 -4.1511 4.0832, -3.122 -4.1777 4.0731, -3.122 -4.2011 4.0569, -3.122 -4.22 4.0356, -3.122 -4.2332 3.9266, -3.122 -4.1534 3.059, -3.122 -4.2332 4.0104, -3.122 -4.2401 3.9827, -3.122 -4.2401 3.9543, -3.122 -4.22 3.9014, -3.122 -4.2011 3.8801, -3.122 -4.1777 3.8639, -3.122 -4.1511 3.8538, -3.122 -1.1553 2.9263, -3.122 -1.1277 2.9385, -3.122 -1.1041 2.9574, -3.122 -1.086 2.9816, -3.122 -1.0747 3.0096, -3.122 -1.0709 3.0395, -3.122 -1.0709 3.8739, -3.122 -1.1851 3.9919, -3.122 -1.1041 3.956, -3.122 -1.086 3.9318, -3.122 -1.0747 3.9038, -3.122 -1.1277 3.9749, -3.122 -1.1553 3.9871, -3.122 -4.2063 3.0284, -3.122 -4.2251 3.0039, -3.122 -4.2369 2.9755, -3.122 -4.2409 2.9449, -3.122 -4.2369 2.9143, -3.122 -4.2251 2.8858, -3.122 -4.2063 2.8614, -3.122 -4.1819 2.8426, -3.122 -4.0827 2.0, -3.122 -4.1228 1.7638, -3.122 -1.3169 1.9096, -3.122 -4.1228 0.9764, -3.122 -4.1228 0.7402, -3.122 -4.0827 0.7402, -3.122 -1.3169 0.8305, -3.122 -1.1851 0.8349, -3.122 -1.1851 1.9053, -3.122 -1.1553 1.9005, -3.122 -1.0709 1.7873, -3.122 -1.0709 0.9529, -3.122 -4.1534 0.9724, -3.122 -4.1819 0.9606, -3.122 -4.2063 0.9418, -3.122 -4.2369 0.8888, -3.122 -4.2409 0.8583, -3.122 -4.2369 0.8277, -3.122 -4.2251 0.7992, -3.122 -4.2063 0.7748, -3.122 -4.2251 0.9173, -3.122 -4.1819 0.756, -3.122 -4.1534 0.7442, -3.122 -4.1228 2.0, -3.122 -4.1534 1.996, -3.122 -4.1819 1.9842, -3.122 -4.2063 1.9654, -3.122 -4.2251 1.9409, -3.122 -4.2369 1.9125, -3.122 -4.2409 1.8819, -3.122 -4.2369 1.8513, -3.122 -4.1534 1.7678, -3.122 -4.2251 1.8228, -3.122 -4.1819 1.7796, -3.122 -4.2063 1.7984, -3.122 -1.1553 0.8397, -3.122 -1.1277 0.8519, -3.122 -1.1041 0.8708, -3.122 -1.086 0.895, -3.122 -1.0747 0.923, -3.122 -1.0747 1.8172, -3.122 -1.086 1.8452, -3.122 -1.1277 1.8882, -3.122 -1.1041 1.8694, -3.1068 -4.3381 0.6344, -3.1064 -4.3382 5.0908, -3.1128 -4.3356 5.087, -3.1111 -4.3365 0.6344, -3.1099 -4.3371 5.0883, -3.1172 -4.3318 5.0864, -3.1153 -4.3337 0.6344, -3.119 -4.3295 5.087, -3.1185 -4.3301 0.6344, -3.1204 -4.3268 5.0881, -3.1209 -4.3255 5.0889, -3.1208 -4.3259 0.6344, -3.1219 -4.3214 0.6344, -3.122 -4.3189 0.6344, -3.122 -4.2942 5.1139, -3.122 -4.2836 5.1299, -3.122 -4.3087 5.1007, -3.1614 1.685 5.1299, -3.122 1.685 5.1299, -3.122 -1.3169 5.1299, -3.122 -1.3172 5.1299, -3.1614 1.685 2.6299, -3.122 1.685 2.6299, -3.122 0.9567 2.6299, -3.122 0.2284 2.6299, -3.122 0.1694 2.3264, -3.122 0.1391 2.3427, -3.122 0.1132 2.365, -3.122 0.0917 2.3942, -3.122 0.0771 2.4287, -3.122 0.071 2.4664, -3.122 0.0717 2.4885, -3.122 0.0809 2.5278, -3.122 0.0979 2.5607, -3.122 0.122 2.5885, -3.122 0.1544 2.6115, -3.122 0.1883 2.6248, -3.122 0.1066 0.1597, -3.2008 0.1066 0.1597, -3.122 0.0966 0.1339, -3.2008 0.0966 0.1339, -3.122 0.0791 0.1091, -3.2008 0.0791 0.1091, -3.122 0.0643 0.0955, -3.2008 0.0643 0.0955, -3.122 0.0397 0.0809, -3.2008 0.0397 0.0809, -3.122 0.0129 0.0727, -3.2008 0.0129 0.0727, -3.122 -0.0079 0.0709, -3.2008 -0.0079 0.0709, -3.2008 -0.0848 0.0709, -3.2008 0.0512 0.1299, -3.2008 -0.3769 0.0709, -3.2008 -0.1924 0.0709, -3.122 0.0512 0.1299, -3.122 -0.0848 0.6344, -3.122 -0.0848 0.0709, -3.122 -0.1924 0.0709, -3.122 -0.3769 0.6344, -3.122 -0.3769 0.0709, -3.122 -0.9152 0.6344, -3.122 -1.3169 0.6344, -3.122 -2.8861 0.6344, -3.122 -1.4534 0.6344, -3.1259 -4.4145 0.0709, -3.1024 -4.4173 0.0709, -3.1475 -4.4064 0.0709, -3.1683 -4.392 0.0709, -3.1807 -4.3784 0.6344, -3.1807 -4.3784 0.0709, -3.1928 -4.3578 0.6344, -3.1928 -4.3578 0.0709, -3.1994 -4.3355 0.6344, -3.1994 -4.3355 0.0709, -3.2008 -4.3189 0.0709, -3.0632 -4.4173 0.0709, -3.0236 -4.3779 0.0709, -3.0632 -4.3386 0.0709, -3.1024 -4.3386 0.0709, -3.1068 -4.3381 0.0709, -3.1111 -4.3365 0.0709, -3.1153 -4.3337 0.0709, -3.1153 -4.3337 0.6344, -3.1185 -4.3301 0.0709, -3.1185 -4.3301 0.6344, -3.1208 -4.3259 0.0709, -3.1208 -4.3259 0.6344, -3.1219 -4.3214 0.0709, -3.122 -4.3189 0.0709, -3.122 -2.9442 0.0709, -3.122 -2.8861 0.0709, -3.122 -1.4534 0.0709, -3.2008 -2.9442 0.0709, -3.2008 -2.8861 0.0709, -3.2008 -1.4534 0.0709, 3.1024 -4.3386 0.6344, 3.063 -4.3386 0.6344, 3.1115 0.2466 2.3164, 3.1115 0.2466 1.4754, 3.063 -4.4173 0.6344, 3.1024 -4.4173 0.6344, 3.1932 -4.3567 5.0883, 3.1934 -4.3562 5.0884, 3.1569 -4.3408 5.0884, 3.1204 -4.3534 5.0875, 3.1169 -4.355 5.0884, 3.1243 -4.3734 5.0884, 3.1132 -4.3458 5.0884, 3.1218 -4.3212 5.0924, 3.1216 -4.3229 5.0908, 3.1261 -4.3234 5.091, 3.1208 -4.3257 5.0888, 3.1206 -4.3263 5.0885, 3.1293 -4.3298 5.0884, 3.1153 -4.3337 5.0864, 3.1148 -4.3341 5.0865, 3.1644 -4.3949 5.0865, 3.1347 -4.368 5.0869, 3.1561 -4.4005 5.087, 3.1102 -4.3369 5.0882, 3.1097 -4.3371 5.0884, 3.1069 -4.338 5.0904, 3.1055 -4.3383 5.0915, 3.1069 -4.3426 5.091, 3.1079 -4.3377 5.0897, 3.1112 -4.3364 5.0877, 3.1159 -4.3446 5.0875, 3.1115 -4.3362 5.0876, 3.1238 -4.3514 5.0869, 3.1129 -4.3355 5.087, 3.1132 -4.3353 5.0869, 3.1667 -4.3934 5.0864, 3.1687 -4.3912 5.0864, 3.1154 -4.3336 5.0864, 3.1715 -4.3881 5.0865, 3.1162 -4.3328 5.0864, 3.1174 -4.3316 5.0864, 3.1349 -4.3404 5.0869, 3.1186 -4.3299 5.0868, 3.1176 -4.3313 5.0865, 3.1783 -4.3807 5.0866, 3.1813 -4.3774 5.0866, 3.1515 -4.3512 5.0869, 3.1822 -4.3764 5.0867, 3.1842 -4.3728 5.087, 3.1369 -4.337 5.0875, 3.1281 -4.3324 5.0875, 3.1205 -4.3265 5.0883, 3.1197 -4.328 5.0876, 3.1191 -4.3293 5.087, 3.1188 -4.3297 5.0869, 3.1212 -4.3245 5.0897, 3.1255 -4.3257 5.0896, 3.1303 -4.327 5.0896, 3.2008 -4.3189 5.0946, 3.1612 -4.3189 5.0946, 3.1996 -4.334 5.0916, 3.1995 -4.3343 5.0915, 3.1601 -4.3298 5.091, 3.1412 -4.3225 5.0927, 3.1407 -4.3261 5.091, 3.1313 -4.3216 5.0927, 3.122 -4.3189 5.0946, 3.1219 -4.3208 5.0928, 3.1265 -4.3189 5.0946, 3.1264 -4.3211 5.0927, 3.1315 -4.3189 5.0946, 3.1414 -4.3189 5.0946, 3.1987 -4.3371 5.0911, 3.1385 -4.3334 5.0884, 3.1309 -4.3243 5.091, 3.1267 -4.4142 5.0901, 3.1389 -4.4097 5.0886, 3.1467 -4.4067 5.0876, 3.1481 -4.4058 5.0875, 3.1042 -4.3384 5.0928, 3.1046 -4.3429 5.0927, 3.105 -4.3479 5.0927, 3.1078 -4.3475 5.091, 3.106 -4.3577 5.0927, 3.1133 -4.3767 5.091, 3.1206 -4.4151 5.0912, 3.1259 -4.4145 5.0902, 3.1096 -4.3572 5.091, 3.1105 -4.3468 5.0896, 3.1091 -4.342 5.0896, 3.109 -4.3374 5.0889, 3.122 0.2073 2.3164, 3.2008 0.2073 2.3164, 3.1196 0.2266 2.3164, 3.196 0.2458 2.3164, 3.113 0.2439 2.3164, 3.1827 0.2805 2.3164, 3.1797 0.286 2.3164, 3.1797 0.286 1.4754, 3.1827 0.2805 0.6344, 3.196 0.2458 0.6344, 3.2008 0.2073 0.6344, 3.2008 0.2073 0.3642, 3.2007 0.2097 0.3646, 3.2004 0.2178 0.3657, 3.122 0.1102 0.189, 3.122 0.1102 0.248, 3.1614 0.1102 0.248, 3.1614 0.1102 0.189, 3.2008 0.1102 0.248, 3.2008 0.1102 0.189, 3.1196 0.2266 0.3661, 3.1207 0.2217 0.366, 3.2004 0.2178 0.3657, 3.1218 0.2097 0.3645, 3.122 0.2073 0.3642, 3.122 0.1828 0.357, 3.2008 0.1829 0.3568, 3.2008 0.1811 0.3563, 3.122 0.1579 0.3428, 3.2008 0.1579 0.3428, 3.2008 0.1575 0.3425, 3.122 0.1414 0.3279, 3.2008 0.1417 0.3275, 3.2008 0.1377 0.3237, 3.122 0.1239 0.3031, 3.2008 0.1241 0.303, 3.2008 0.1227 0.3009, 3.122 0.1139 0.2773, 3.2008 0.1141 0.2772, 3.2008 0.1134 0.2752, 3.122 0.2073 0.6344, 3.1196 0.2266 0.6344, 3.113 0.2439 0.6344, 3.2008 -0.0079 0.0709, 3.122 -0.0079 0.0709, 3.122 0.0214 0.0745, 3.122 0.1084 0.1682, 3.2008 0.0214 0.0745, 3.122 0.0472 0.0845, 3.2008 0.0472 0.0845, 3.122 0.072 0.102, 3.2008 0.072 0.102, 3.122 0.0856 0.1168, 3.2008 0.0856 0.1168, 3.122 0.1003 0.1415, 3.2008 0.1003 0.1415, 3.2008 0.1084 0.1682, 3.1219 -4.3212 0.6344, 3.122 -4.3189 0.6344, 3.122 -4.3189 0.0709, 3.1219 -4.3212 0.0709, 3.1208 -4.3257 0.0709, 3.1208 -4.3257 0.6344, 3.1186 -4.33 0.0709, 3.1186 -4.33 0.6344, 3.1155 -4.3336 0.0709, 3.1155 -4.3336 0.6344, 3.1113 -4.3364 0.0709, 3.1113 -4.3364 0.6344, 3.1069 -4.338 0.0709, 3.1069 -4.338 0.6344, 3.1024 -4.3386 0.0709, 3.063 -4.3386 0.0709, 3.0236 -4.3779 0.0709, 3.1024 -4.4173 0.0709, 3.063 -4.4173 0.0709, 3.1996 -4.3343 0.0709, 3.2008 -4.3189 0.0709, 3.2008 -4.3189 0.6344, 3.1996 -4.3343 0.6344, 3.1932 -4.3567 0.6344, 3.1932 -4.3567 0.0709, 3.1814 -4.3775 0.6344, 3.1814 -4.3775 0.0709, 3.1689 -4.3914 0.6344, 3.1689 -4.3914 0.0709, 3.1482 -4.406 0.6344, 3.1482 -4.406 0.0709, 3.1267 -4.4143 0.6344, 3.1267 -4.4143 0.0709, 3.2008 -1.1851 3.9919, 3.2008 -1.3349 3.9968, 3.2008 -1.0709 3.8739, 3.2008 -4.0827 4.0866, 3.2008 -4.1228 3.8504, 3.2008 -4.1228 3.063, 3.2008 -1.1851 2.9215, 3.2008 -1.3349 2.9166, 3.2008 -4.0827 2.8268, 3.2008 -4.1228 2.8268, 3.2008 -4.1534 3.059, 3.2008 -4.1819 3.0472, 3.2008 -4.2063 3.0284, 3.2008 -4.2251 3.0039, 3.2008 -4.2369 2.9755, 3.2008 -4.2063 2.8614, 3.2008 -4.1819 2.8426, 3.2008 -4.2251 2.8858, 3.2008 -4.1534 2.8308, 3.2008 -1.0709 3.0395, 3.2008 -1.0747 3.0096, 3.2008 -1.1553 2.9263, 3.2008 -1.086 2.9816, 3.2008 -1.1277 2.9385, 3.2008 -1.1041 2.9574, 3.2008 -4.2409 2.9449, 3.2008 -4.2369 2.9143, 3.2008 -1.1041 3.956, 3.2008 -1.086 3.9318, 3.2008 -1.0747 3.9038, 3.2008 -1.1277 3.9749, 3.2008 -1.1553 3.9871, 3.2008 -4.1228 4.0866, 3.2008 -4.1534 4.0826, 3.2008 -4.1534 3.8544, 3.2008 -4.1819 4.0708, 3.2008 -4.1819 3.8662, 3.2008 -4.2063 4.052, 3.2008 -4.2251 4.0276, 3.2008 -4.2369 3.9991, 3.2008 -4.2409 3.9685, 3.2008 -4.2369 3.9379, 3.2008 -4.2251 3.9095, 3.2008 -4.2063 3.885, 3.2008 -4.1228 0.9764, 3.2008 -1.3349 1.9102, 3.2008 -4.1228 1.7638, 3.2008 -4.0827 2.0, 3.2008 -1.1553 1.9005, 3.2008 -1.1851 1.9053, 3.2008 -1.0709 1.7873, 3.2008 -4.1228 2.0, 3.2008 -4.1534 1.996, 3.2008 -4.1819 1.9842, 3.2008 -4.1819 0.756, 3.2008 -4.1534 0.7442, 3.2008 -4.1534 0.9724, 3.2008 -4.1228 0.7402, 3.2008 -4.2063 1.7984, 3.2008 -4.1819 1.7796, 3.2008 -4.1534 1.7678, 3.2008 -1.1277 0.8519, 3.2008 -1.0709 0.9529, 3.2008 -1.1553 0.8397, 3.2008 -1.1851 0.8349, 3.2008 -4.0827 0.7402, 3.2008 -1.3349 0.83, 3.2008 -4.2063 0.9418, 3.2008 -4.2369 0.8277, 3.2008 -4.2251 0.7992, 3.2008 -4.2063 1.9654, 3.2008 -4.2251 1.9409, 3.2008 -4.2369 1.9125, 3.2008 -1.1041 0.8708, 3.2008 -1.086 0.895, 3.2008 -1.0747 0.923, 3.2008 -1.0747 1.8172, 3.2008 -1.086 1.8452, 3.2008 -1.1041 1.8694, 3.2008 -4.2251 0.9173, 3.2008 -4.2369 0.8888, 3.2008 -4.2409 0.8583, 3.2008 -4.1819 0.9606, 3.2008 -4.2063 0.7748, 3.2008 -1.1277 1.8882, 3.2008 -4.2409 1.8819, 3.2008 -4.2369 1.8513, 3.2008 -4.2251 1.8228, 3.2008 -4.3029 5.1052, 3.122 -4.3029 5.1052, 3.2008 -4.2896 5.1198, 3.122 -4.2896 5.1198, 3.2008 -4.2836 5.1299, 3.122 -4.2836 5.1299, 3.1614 1.685 5.1299, 3.122 1.685 5.1299, 3.122 -1.2993 5.1299, 3.2008 1.685 5.1299, 3.2008 -1.2993 5.1299, 3.2008 -1.3349 5.1299, 3.122 -1.3349 5.1299, 3.122 1.685 2.748, 3.1614 1.685 2.748, 3.2008 1.685 2.748, 3.2008 1.5669 2.6299, 3.122 1.5669 2.6299, 3.122 1.5962 2.6336, 3.122 1.6832 2.7273, 3.2008 1.5962 2.6336, 3.122 1.622 2.6436, 3.2008 1.622 2.6436, 3.122 1.6468 2.661, 3.2008 1.6468 2.661, 3.122 1.6604 2.6759, 3.2008 1.6604 2.6759, 3.122 1.6751 2.7005, 3.2008 1.6751 2.7005, 3.2008 1.6832 2.7273, 3.2008 0.8976 2.6299, 3.122 0.8976 2.6299, 3.2008 0.2284 2.6299, 3.122 0.2284 2.6299, 3.122 0.1694 2.3264, 3.2008 0.1694 2.3264, 3.122 0.1391 2.3427, 3.2008 0.1391 2.3427, 3.122 0.1132 2.365, 3.2008 0.1132 2.365, 3.122 0.0917 2.3942, 3.2008 0.0917 2.3942, 3.122 0.0771 2.4287, 3.2008 0.0771 2.4287, 3.122 0.071 2.4664, 3.2008 0.071 2.4664, 3.122 0.0717 2.4885, 3.2008 0.0717 2.4885, 3.122 0.0809 2.5278, 3.2008 0.0809 2.5278, 3.122 0.0979 2.5607, 3.2008 0.0979 2.5607, 3.122 0.122 2.5885, 3.2008 0.122 2.5885, 3.122 0.1544 2.6115, 3.2008 0.1544 2.6115, 3.122 0.1883 2.6248, 3.2008 0.1883 2.6248, 3.2008 1.626 2.689, 3.2008 -0.0711 0.6344, 3.2008 -0.9495 0.6344, 3.2008 -0.3494 0.6344, 3.2008 -1.3349 0.6344, 3.2008 -2.9426 0.6344, 3.2008 -1.5497 0.6344, 3.1216 -4.3229 5.0908, 3.1191 -4.3293 5.087, 3.1205 -4.3265 5.0883, 3.1153 -4.3337 5.0864, 3.1129 -4.3355 5.087, 3.1102 -4.3369 5.0882, 3.1055 -4.3383 5.0915, 3.122 -4.1534 4.0826, 3.122 -4.1228 4.0866, 3.122 -4.1228 3.8504, 3.122 -4.0827 4.0866, 3.122 -1.3349 3.9968, 3.122 -1.3349 2.9166, 3.122 -4.0827 2.8268, 3.122 -4.1228 3.063, 3.122 -4.1228 2.8268, 3.122 -4.1534 2.8308, 3.122 -4.1819 2.8426, 3.122 -4.1534 3.059, 3.122 -1.0709 3.8739, 3.122 -1.0709 3.0395, 3.122 -1.1851 2.9215, 3.122 -4.2409 3.9685, 3.122 -4.2369 3.9991, 3.122 -4.2251 4.0276, 3.122 -4.1819 3.8662, 3.122 -4.2063 3.885, 3.122 -4.1534 3.8544, 3.122 -4.2251 3.9095, 3.122 -4.2369 3.9379, 3.122 -4.2063 4.052, 3.122 -4.1819 4.0708, 3.122 -4.2063 2.8614, 3.122 -4.2251 2.8858, 3.122 -4.2369 2.9143, 3.122 -4.2409 2.9449, 3.122 -4.2369 2.9755, 3.122 -4.2251 3.0039, 3.122 -4.2063 3.0284, 3.122 -4.1819 3.0472, 3.122 -1.1851 3.9919, 3.122 -1.1553 3.9871, 3.122 -1.1277 3.9749, 3.122 -1.1041 3.956, 3.122 -1.086 3.9318, 3.122 -1.0747 3.9038, 3.122 -1.086 2.9816, 3.122 -1.1041 2.9574, 3.122 -1.0747 3.0096, 3.122 -1.1277 2.9385, 3.122 -1.1553 2.9263, 3.122 -4.0827 2.0, 3.122 -1.3349 1.9102, 3.122 -4.1228 1.7638, 3.122 -1.1553 0.8397, 3.122 -1.1851 0.8349, 3.122 -1.0709 0.9529, 3.122 -1.3349 0.83, 3.122 -4.0827 0.7402, 3.122 -4.1228 0.9764, 3.122 -4.1228 0.7402, 3.122 -4.1534 0.7442, 3.122 -4.2251 0.7992, 3.122 -4.2369 0.8277, 3.122 -4.2409 0.8583, 3.122 -4.2369 0.8888, 3.122 -1.0709 1.7873, 3.122 -4.1819 0.756, 3.122 -4.2063 0.7748, 3.122 -4.2251 0.9173, 3.122 -4.2063 0.9418, 3.122 -4.1534 0.9724, 3.122 -4.1819 0.9606, 3.122 -1.0747 0.923, 3.122 -1.086 0.895, 3.122 -1.1041 0.8708, 3.122 -4.1228 2.0, 3.122 -4.1534 1.7678, 3.122 -4.1819 1.7796, 3.122 -1.1277 0.8519, 3.122 -4.2063 1.7984, 3.122 -4.2251 1.8228, 3.122 -4.2369 1.8513, 3.122 -4.2409 1.8819, 3.122 -4.2369 1.9125, 3.122 -4.1534 1.996, 3.122 -4.2251 1.9409, 3.122 -4.1819 1.9842, 3.122 -4.2063 1.9654, 3.122 -1.1851 1.9053, 3.122 -1.1553 1.9005, 3.122 -1.0747 1.8172, 3.122 -1.1277 1.8882, 3.122 -1.086 1.8452, 3.122 -1.1041 1.8694, 3.122 -0.9495 0.6344, 3.122 -1.3349 0.6344, 3.122 -0.0711 0.6344, 3.122 -0.3494 0.6344, 3.122 1.626 2.689, 3.122 -2.9426 0.6344, 3.122 -1.5497 0.6344, -3.2598 -0.8498 0.4242, -3.2598 -0.8473 0.421, -3.2598 -0.8627 0.4186, -3.2598 -0.8404 0.412, -3.2598 -0.8912 0.4415, -3.2598 -0.8844 0.4406, -3.2598 -0.8763 0.4395, -3.2598 -0.8706 0.4371, -3.2598 -0.862 0.4336, -3.2598 -0.858 0.4305, -3.2598 -0.8345 0.3977, -3.2598 -0.8343 0.3957, -3.2598 -0.8325 0.3824, -3.2598 -0.8498 -0.9979, -3.2598 -0.862 -1.0073, -3.2598 -0.8619 -0.9857, -3.2598 -0.8763 -1.0132, -3.2598 -0.8912 -1.0152, -3.2598 -0.8325 -0.9561, -3.2598 -0.8345 -0.9714, -3.2598 -0.8404 -0.9857, -3.2598 -0.9209 -0.9857, -3.2598 -0.9427 -0.9857, -3.2598 -0.9486 -0.9714, -3.2598 -0.9069 -1.0132, -3.2598 -0.9211 -1.0073, -3.2598 -0.9333 -0.9979, -3.2598 -0.92 0.4186, -3.2598 -0.8916 -1.0152, -3.2598 -0.9489 0.3957, -3.2598 -0.9506 0.3824, -3.2598 -0.9506 -0.9561, -3.2598 -0.9211 0.4336, -3.2598 -0.9125 0.4371, -3.2598 -0.9069 0.4395, -3.2598 -0.8987 0.4406, -3.2598 -0.8916 0.4415, -3.2598 -0.9486 0.3977, -3.2598 -0.9427 0.412, -3.2598 -0.9358 0.421, -3.2598 -0.9333 0.4242, -3.2598 -0.9252 0.4305, -3.1811 -0.8951 0.441, -3.1811 -0.8916 0.4413, -3.1811 -0.8939 0.4415, -3.1811 -0.8916 -1.0152, -3.1811 -0.9126 0.4372, -3.1811 -0.9083 0.4391, -3.1811 -0.8987 0.4407, -3.1811 -0.9218 0.4332, -3.1811 -0.9252 0.4306, -3.1811 -0.9324 0.4251, -3.1811 -0.9358 0.4209, -3.1811 -0.9416 0.4138, -3.1811 -0.9438 0.4091, -3.1811 -0.9487 0.3957, -3.1811 -0.9505 0.3861, -3.1811 -0.9506 0.384, -3.1811 -0.9284 -1.0023, -3.1811 -0.9172 -1.0094, -3.1811 -0.9211 -0.9857, -3.1811 -0.9047 -1.0137, -3.1811 -0.9478 0.4006, -3.1811 -0.9491 -0.9693, -3.1811 -0.9448 -0.9818, -3.1811 -0.9377 -0.993, -3.1811 -0.9506 0.3832, -3.1811 -0.9506 0.3824, -3.1811 -0.9506 -0.9561, -3.1811 -0.862 -1.0073, -3.1811 -0.8498 -0.9979, -3.1811 -0.862 -0.9857, -3.1811 -0.8404 -0.9857, -3.1811 -0.8345 -0.9714, -3.1811 -0.8335 0.389, -3.1811 -0.8763 -1.0132, -3.1811 -0.8325 -0.9561, -3.1811 -0.8325 0.3824, -3.1811 -0.8325 0.3827, -3.1811 -0.8331 0.3908, -3.1811 -0.8344 0.3957, -3.1811 -0.8366 0.404, -3.1811 -0.8393 0.4091, -3.1811 -0.8435 0.4168, -3.1811 -0.8473 0.4209, -3.1811 -0.8534 0.4276, -3.1811 -0.8579 0.4305, -3.1811 -0.8656 0.4355, -3.1811 -0.8705 0.4372, -3.1811 -0.8794 0.4403, -3.1811 -0.8844 0.4407, -3.2563 -0.9818 0.3824, -3.2563 -0.9818 -0.9561, -3.2553 -0.9845 0.3824, -3.2553 -0.9845 -0.9561, -3.244 -1.0147 0.3824, -3.244 -1.0147 -0.9561, -3.2424 -1.0171 0.3824, -3.2424 -1.0171 -0.9561, -3.2245 -1.0428 0.3824, -3.2245 -1.0427 -0.9561, -3.2224 -1.0446 0.3824, -3.2224 -1.0446 -0.9561, -3.2008 -1.0637 -0.9561, -3.2008 -1.0637 0.3824, -3.2563 -0.8037 0.4028, -3.2563 -0.8014 0.3824, -3.244 -0.7716 0.4102, -3.244 -0.7684 0.3824, -3.2555 -0.7994 0.3824, -3.223 -0.739 0.3824, -3.2245 -0.7404 0.3824, -3.2245 -0.7443 0.4165, -3.2428 -0.7667 0.3824, -3.2008 -0.7194 0.3824, -3.2008 -0.724 0.4212, -3.2008 -0.7242 0.4224, -3.2245 -0.7569 0.4511, -3.2245 -0.8049 0.5063, -3.2008 -0.7629 0.4968, -3.2245 -0.7775 0.4817, -3.2008 -0.739 0.4621, -3.2008 -0.7384 0.4606, -3.2245 -0.8732 0.5325, -3.2008 -0.8329 0.5443, -3.2245 -0.8374 0.5236, -3.2008 -0.7948 0.5248, -3.2008 -0.793 0.5232, -3.2008 -0.9151 0.5526, -3.2008 -0.9123 0.5533, -3.2245 -0.91 0.5325, -3.2008 -0.8722 0.5535, -3.2008 -0.8706 0.5531, -3.2008 -0.9516 0.5438, -3.2245 -0.9457 0.5236, -3.2008 -0.9531 0.543, -3.2245 -0.9783 0.5063, -3.2008 -0.9884 0.5247, -3.2008 -1.0202 0.4968, -3.2245 -1.0057 0.4817, -3.2008 -1.0213 0.4953, -3.2245 -1.0263 0.4511, -3.2008 -1.0444 0.4617, -3.2245 -1.0389 0.4165, -3.2008 -1.0583 0.4252, -3.2008 -1.0588 0.4212, -3.244 -1.0115 0.4102, -3.2563 -0.9795 0.4028, -3.2563 -0.9596 0.4416, -3.2563 -0.9433 0.4563, -3.2563 -0.9719 0.4234, -3.2563 -0.9239 0.4667, -3.2563 -0.9026 0.472, -3.2563 -0.8806 0.472, -3.2563 -0.8592 0.4667, -3.2563 -0.8398 0.4563, -3.2563 -0.8235 0.4416, -3.2563 -0.8112 0.4234, -3.244 -1.0013 0.4384, -3.244 -0.9845 0.4632, -3.244 -0.9622 0.4833, -3.244 -0.9357 0.4974, -3.244 -0.9066 0.5047, -3.244 -0.8766 0.5047, -3.244 -0.8475 0.4974, -3.244 -0.821 0.4833, -3.244 -0.7987 0.4632, -3.244 -0.7819 0.4384, -3.2563 -0.8014 -0.9561, -3.2555 -0.7994 -0.9561, -3.244 -0.7685 -0.9561, -3.2428 -0.7667 -0.9561, -3.2245 -0.7404 -0.9561, -3.223 -0.739 -0.9561, -3.2008 -0.7194 -0.9561, -3.2008 -0.7253 -1.0007, -3.2245 -0.7456 -0.9953, -3.2563 -0.8044 -0.9795, -3.2563 -0.8134 -1.0012, -3.2563 -0.8278 -1.0199, -3.2563 -0.8465 -1.0343, -3.2563 -0.8682 -1.0433, -3.2563 -0.8916 -1.0464, -3.2563 -0.9787 -0.9795, -3.2563 -0.9697 -1.0012, -3.2563 -0.9554 -1.0199, -3.2563 -0.9367 -1.0343, -3.2563 -0.9149 -1.0433, -3.244 -0.7727 -0.988, -3.244 -0.785 -1.0177, -3.244 -1.0105 -0.988, -3.244 -0.8045 -1.0432, -3.244 -0.83 -1.0628, -3.244 -0.8597 -1.0751, -3.244 -0.8916 -1.0793, -3.244 -0.9234 -1.0751, -3.244 -0.9531 -1.0628, -3.244 -0.9786 -1.0432, -3.244 -0.9982 -1.0177, -3.2245 -1.0376 -0.9953, -3.2245 -0.7607 -1.0317, -3.2245 -0.7847 -1.063, -3.2245 -0.816 -1.087, -3.2245 -0.8525 -1.1021, -3.2245 -0.8916 -1.1073, -3.2245 -0.9307 -1.1021, -3.2245 -0.9671 -1.087, -3.2245 -0.9984 -1.063, -3.2245 -1.0225 -1.0317, -3.2008 -0.7425 -1.0422, -3.2008 -0.7699 -1.0779, -3.2008 -0.8055 -1.1052, -3.2008 -0.847 -1.1224, -3.2008 -0.8916 -1.1283, -3.2008 -1.0578 -1.0007, -3.2008 -1.0406 -1.0422, -3.2008 -1.0133 -1.0779, -3.2008 -0.9776 -1.1052, -3.2008 -0.9361 -1.1224, -3.2008 -0.9151 -1.1252, -3.2008 -0.6142 -1.1811, -3.2008 -0.6142 -0.0472, -3.1614 -0.6142 -0.0472, -3.1614 -0.6142 -1.1811, -3.122 -0.6142 -0.0472, -3.122 -0.6142 -1.1811, -3.2008 -0.811 -1.378, -3.1614 -0.811 -1.378, -3.122 -0.811 -1.378, -3.122 -0.8898 -1.378, -3.2008 -0.8898 -1.378, -3.2008 -0.9152 -1.378, -3.122 -0.9152 -1.378, -3.122 -0.9685 -1.378, -3.1614 -0.9685 -1.378, -3.2008 -0.9685 -1.378, -3.2008 -1.1653 -1.1811, -3.1614 -1.1653 -1.1811, -3.122 -1.1653 -1.1811, -3.122 -1.1653 -0.0472, -3.1614 -1.1653 -0.0472, -3.2008 -1.1653 -0.0472, -3.122 -1.0097 -0.9561, -3.1313 -1.0085 -0.9561, -3.122 -1.0097 0.3824, -3.1313 -1.0086 0.3824, -3.1496 -1.0029 -0.9561, -3.1454 -1.0046 0.3824, -3.1446 -1.0048 -0.9561, -3.1447 -1.0049 0.3824, -3.1367 -1.0078 -0.9561, -3.1352 -1.0082 0.3824, -3.1321 -1.0086 0.3824, -3.1659 -0.9899 -0.9561, -3.1657 -0.9899 0.3824, -3.162 -0.9941 -0.9561, -3.1589 -0.9968 0.3824, -3.157 -0.9977 -0.9561, -3.1571 -0.9979 0.3824, -3.1477 -1.0038 0.3824, -3.1791 -0.9644 -0.9561, -3.1793 -0.9647 0.3824, -3.1761 -0.9744 -0.9561, -3.1753 -0.9762 0.3824, -3.1744 -0.9773 -0.9561, -3.1745 -0.9774 0.3824, -3.1688 -0.9867 -0.9561, -3.1682 -0.9874 0.3824, -3.1659 -0.9898 0.3824, -3.1802 -0.961 -0.9561, -3.1796 -0.9638 0.3824, -3.1794 -0.9645 0.3824, -3.122 -1.0067 -0.9824, -3.1367 -1.0049 -0.982, -3.1496 -1.0001 -0.9809, -3.1761 -0.9723 -0.9746, -3.1802 -0.907 -1.0238, -3.1802 -0.9217 -1.0187, -3.1802 -0.9349 -1.0104, -3.1802 -0.9459 -0.9994, -3.1802 -0.9541 -0.9863, -3.1802 -0.9593 -0.9716, -3.1761 -0.9662 -0.9921, -3.1761 -0.9563 -1.0078, -3.1761 -0.9432 -1.0209, -3.1761 -0.9275 -1.0308, -3.1761 -0.91 -1.0369, -3.1688 -0.9843 -0.9773, -3.1688 -0.9773 -0.9974, -3.1688 -0.966 -1.0155, -3.1688 -0.9509 -1.0305, -3.1688 -0.9328 -1.0419, -3.1688 -0.9127 -1.0489, -3.162 -0.9916 -0.979, -3.162 -0.984 -1.0006, -3.162 -0.9718 -1.0201, -3.162 -0.9555 -1.0363, -3.162 -0.9361 -1.0485, -3.162 -0.9144 -1.0561, -3.1496 -0.9918 -1.0044, -3.1496 -0.9786 -1.0255, -3.1496 -0.961 -1.0432, -3.1496 -0.9399 -1.0564, -3.1496 -0.9163 -1.0646, -3.1367 -0.9963 -1.0066, -3.1367 -0.9825 -1.0286, -3.1367 -0.9641 -1.047, -3.1367 -0.942 -1.0609, -3.1367 -0.9174 -1.0695, -3.122 -0.998 -1.0074, -3.122 -0.9839 -1.0298, -3.122 -0.9652 -1.0485, -3.122 -0.9428 -1.0626, -3.122 -0.9179 -1.0713, -3.122 -0.9152 -1.0716, -3.1802 -0.8916 -1.0256, -3.1802 -0.8916 -1.0256, -3.1761 -0.8916 -1.039, -3.1688 -0.8916 -1.0513, -3.162 -0.8916 -1.0587, -3.1496 -0.8916 -1.0674, -3.1367 -0.8916 -1.0724, -3.122 -0.8916 -1.0743, -3.1811 -0.8763 -1.0132, -3.1811 -0.862 -1.0073, -3.1802 -0.8736 -1.0232, -3.1811 -0.8498 -0.9979, -3.1802 -0.8569 -1.0163, -3.1811 -0.8404 -0.9857, -3.1802 -0.8425 -1.0052, -3.1811 -0.8345 -0.9714, -3.1802 -0.8314 -0.9909, -3.1802 -0.8221 -0.9561, -3.1802 -0.8245 -0.9741, -3.1761 -0.8701 -1.0361, -3.1791 -0.8187 -0.9561, -3.1761 -0.8116 -0.9776, -3.1761 -0.8088 -0.9561, -3.1744 -0.8058 -0.9561, -3.1688 -0.7997 -0.9808, -3.1688 -0.7964 -0.9561, -3.1659 -0.7933 -0.9561, -3.162 -0.7925 -0.9827, -3.162 -0.789 -0.9561, -3.1561 -0.7849 -0.9561, -3.1496 -0.7841 -0.9849, -3.1496 -0.7803 -0.9561, -3.1437 -0.778 -0.9561, -3.1367 -0.7793 -0.9862, -3.1367 -0.7753 -0.9561, -3.1688 -0.8669 -1.048, -3.162 -0.865 -1.0552, -3.1496 -0.8628 -1.0636, -3.1367 -0.8615 -1.0685, -3.122 -0.861 -1.0702, -3.1761 -0.8502 -1.0279, -3.1688 -0.844 -1.0385, -3.162 -0.8403 -1.045, -3.1496 -0.8359 -1.0525, -3.1367 -0.8334 -1.0568, -3.122 -0.8325 -1.0584, -3.1761 -0.833 -1.0147, -3.1688 -0.8243 -1.0234, -3.162 -0.8191 -1.0287, -3.1496 -0.8129 -1.0348, -3.1367 -0.8094 -1.0384, -3.122 -0.8081 -1.0397, -3.1761 -0.8199 -0.9976, -3.1688 -0.8092 -1.0037, -3.162 -0.8028 -1.0074, -3.1496 -0.7952 -1.0118, -3.1367 -0.7909 -1.0143, -3.122 -0.7893 -1.0152, -3.122 -0.7775 -0.9867, -3.122 -0.7735 -0.9561, -3.1303 -0.7745 -0.9561, -3.1796 -0.8194 0.3824, -3.1794 -0.8187 0.3824, -3.1793 -0.8185 0.3824, -3.1657 -0.7932 0.3824, -3.1658 -0.7933 0.3824, -3.1682 -0.7957 0.3824, -3.1745 -0.8057 0.3824, -3.1753 -0.8069 0.3824, -3.1578 -0.7857 0.3824, -3.1589 -0.7863 0.3824, -3.1303 -0.7744 0.3824, -3.1321 -0.7746 0.3824, -3.1352 -0.7749 0.3824, -3.1437 -0.7779 0.3824, -3.1477 -0.7793 0.3824, -3.1562 -0.7847 0.3824, -3.122 -0.7735 0.3824, -3.1659 -0.7955 0.4047, -3.1578 -0.7883 0.4063, -3.1321 -0.7773 0.4089, -3.122 -0.7765 0.4091, -3.1321 -1.0058 0.4089, -3.1455 -1.0019 0.408, -3.1578 -0.9949 0.4063, -3.1746 -0.9754 0.4018, -3.1794 -0.8203 0.3989, -3.1794 -0.8264 0.4157, -3.1794 -0.8364 0.4304, -3.1794 -0.8496 0.4423, -3.1794 -0.8654 0.4507, -3.1794 -0.8827 0.455, -3.1794 -0.9005 0.455, -3.1794 -0.9178 0.4507, -3.1794 -0.9335 0.4423, -3.1794 -0.9467 0.4304, -3.1794 -0.9567 0.4157, -3.1794 -0.9628 0.3989, -3.1659 -0.9876 0.4046, -3.1455 -0.7812 0.408, -3.1746 -0.8077 0.4018, -3.122 -1.0066 0.4091, -3.122 -0.9968 0.4361, -3.1321 -0.996 0.4357, -3.122 -0.9807 0.4599, -3.1321 -0.98 0.4594, -3.122 -0.9593 0.4792, -3.1321 -0.9588 0.4785, -3.122 -0.9339 0.4927, -3.1321 -0.9336 0.4919, -3.122 -0.9152 0.4974, -3.1321 -0.9059 0.4988, -3.1321 -0.7871 0.4357, -3.122 -0.7864 0.4361, -3.1321 -0.8031 0.4594, -3.122 -0.8025 0.4599, -3.1321 -0.8243 0.4785, -3.122 -0.8238 0.4792, -3.1321 -0.8496 0.4919, -3.122 -0.8493 0.4927, -3.1321 -0.8773 0.4988, -3.122 -0.8772 0.4997, -3.122 -0.906 0.4997, -3.1455 -0.9925 0.4339, -3.1455 -0.977 0.4568, -3.1455 -0.9565 0.4752, -3.1455 -0.9321 0.4882, -3.1455 -0.9054 0.4949, -3.1455 -0.8778 0.4949, -3.1455 -0.851 0.4882, -3.1455 -0.8266 0.4752, -3.1455 -0.8061 0.4568, -3.1455 -0.7907 0.4339, -3.1578 -0.986 0.4306, -3.1578 -0.9716 0.452, -3.1578 -0.9524 0.4693, -3.1578 -0.9296 0.4814, -3.1578 -0.9045 0.4877, -3.1578 -0.8787 0.4877, -3.1578 -0.8536 0.4814, -3.1578 -0.8308 0.4693, -3.1578 -0.8116 0.452, -3.1578 -0.7971 0.4306, -3.1659 -0.9794 0.4272, -3.1659 -0.9659 0.4471, -3.1659 -0.9481 0.4632, -3.1659 -0.9269 0.4745, -3.1659 -0.9036 0.4803, -3.1659 -0.8796 0.4803, -3.1659 -0.8563 0.4745, -3.1659 -0.835 0.4632, -3.1659 -0.8172 0.4471, -3.1659 -0.8038 0.4272, -3.1746 -0.9683 0.4215, -3.1746 -0.9565 0.4389, -3.1746 -0.9409 0.453, -3.1746 -0.9224 0.4628, -3.1746 -0.9021 0.4679, -3.1746 -0.8811 0.4679, -3.1746 -0.8607 0.4628, -3.1746 -0.8422 0.453, -3.1746 -0.8266 0.4389, -3.1746 -0.8149 0.4215, -3.122 -1.1672 -0.0265, -3.2008 -1.1672 -0.0265, -3.122 -1.1753 0.0003, -3.2008 -1.1753 0.0003, -3.122 -1.19 0.0249, -3.2008 -1.19 0.0249, -3.122 -1.2036 0.0398, -3.2008 -1.2036 0.0398, -3.122 -1.2284 0.0572, -3.2008 -1.2284 0.0572, -3.122 -1.2542 0.0672, -3.2008 -1.2542 0.0672, -3.122 -1.2835 0.0709, -3.2008 -1.2835 0.0709, -3.2008 -1.3684 0.0709, -3.2008 -0.4961 0.0709, -3.2008 -0.4365 0.0709, -3.2008 -0.5168 0.069, -3.2008 -0.5436 0.0609, -3.2008 -0.5682 0.0463, -3.2008 -0.5831 0.0326, -3.2008 -0.6005 0.0079, -3.2008 -0.6105 -0.018, -3.122 -0.4961 0.0709, -3.122 -0.5168 0.069, -3.122 -0.6105 -0.018, -3.122 -0.5436 0.0609, -3.122 -0.5682 0.0463, -3.122 -0.5831 0.0326, -3.122 -0.6005 0.0079, -3.122 -0.4365 0.0709, -3.122 -1.3684 0.0709
            ]
        }
        coordIndex [
            0,1,2,-1,0,2,3,-1,2,4,3,-1,3,4,5,-1,3,5,6,-1,6,7,3,-1,3,7,8,-1,3,8,9,-1,9,10,3,-1,3,10,11,-1,3,11,12,-1,12,11,13,-1,12,13,14,-1,14,13,15,-1,14,15,16,-1,16,15,17,-1,16,17,18,-1,18,17,19,-1,18,19,20,-1,20,19,21,-1,20,21,1,-1,1,21,22,-1,1,22,2,-1,23,24,25,-1,26,27,28,-1,29,30,31,-1,32,33,34,-1,35,36,37,-1,38,39,40,-1,41,42,43,-1,44,45,30,-1,46,47,48,-1,49,50,51,-1,24,49,25,-1,25,49,51,-1,25,51,52,-1,52,51,53,-1,52,53,54,-1,54,53,55,-1,54,55,56,-1,46,48,57,-1,58,59,60,-1,60,59,61,-1,60,61,62,-1,62,61,57,-1,62,57,63,-1,63,57,48,-1,44,30,64,-1,64,30,29,-1,64,29,65,-1,66,67,68,-1,67,66,69,-1,69,66,70,-1,69,70,71,-1,71,70,72,-1,71,72,73,-1,74,75,76,-1,76,75,77,-1,76,77,78,-1,78,77,79,-1,80,81,21,-1,36,35,82,-1,82,35,83,-1,82,83,84,-1,66,85,70,-1,70,85,75,-1,70,75,72,-1,72,75,74,-1,72,74,73,-1,86,79,87,-1,87,79,77,-1,87,77,88,-1,88,77,75,-1,88,75,89,-1,89,75,85,-1,89,85,90,-1,91,92,93,-1,93,94,91,-1,91,94,90,-1,91,90,37,-1,37,90,85,-1,37,85,35,-1,35,85,66,-1,35,66,83,-1,83,66,68,-1,83,68,84,-1,95,41,96,-1,96,41,43,-1,96,43,97,-1,97,43,98,-1,97,98,99,-1,100,26,99,-1,99,26,28,-1,99,28,97,-1,97,28,101,-1,97,101,96,-1,96,101,40,-1,96,40,95,-1,95,40,39,-1,31,30,102,-1,102,30,45,-1,102,45,103,-1,104,105,106,-1,104,106,107,-1,107,106,108,-1,107,108,103,-1,103,108,109,-1,103,109,102,-1,102,109,110,-1,102,110,31,-1,99,111,100,-1,100,111,112,-1,100,112,113,-1,113,112,114,-1,113,114,115,-1,115,114,116,-1,115,116,117,-1,118,119,120,-1,120,119,117,-1,120,117,121,-1,121,117,116,-1,122,123,124,-1,124,123,125,-1,124,125,126,-1,44,58,45,-1,45,58,60,-1,45,60,103,-1,103,60,62,-1,103,62,107,-1,107,62,63,-1,107,63,104,-1,104,63,48,-1,104,48,105,-1,105,48,126,-1,105,126,127,-1,127,126,125,-1,128,122,23,-1,23,122,124,-1,23,124,24,-1,24,124,126,-1,24,126,49,-1,49,126,48,-1,49,48,50,-1,50,48,47,-1,21,86,80,-1,80,86,87,-1,80,87,129,-1,129,87,88,-1,129,88,130,-1,130,88,89,-1,130,89,131,-1,131,89,90,-1,131,90,132,-1,132,90,94,-1,84,133,82,-1,82,133,134,-1,82,134,36,-1,36,134,135,-1,36,135,37,-1,37,135,34,-1,37,34,91,-1,91,34,33,-1,91,33,92,-1,136,137,32,-1,32,137,138,-1,32,138,33,-1,33,138,139,-1,33,139,92,-1,133,140,134,-1,134,140,141,-1,134,141,135,-1,135,141,142,-1,135,142,34,-1,34,142,143,-1,34,143,32,-1,32,143,144,-1,32,144,136,-1,136,144,145,-1,146,145,147,-1,147,145,144,-1,147,144,148,-1,148,144,143,-1,148,143,149,-1,149,143,142,-1,149,142,150,-1,150,142,141,-1,27,146,28,-1,28,146,147,-1,28,147,101,-1,101,147,148,-1,101,148,40,-1,40,148,149,-1,40,149,38,-1,38,149,150,-1,38,150,151,-1,151,150,141,-1,151,141,152,-1,152,141,140,-1,119,153,117,-1,117,153,154,-1,117,154,115,-1,115,154,155,-1,115,155,113,-1,113,155,156,-1,113,156,100,-1,100,156,157,-1,100,157,26,-1,123,118,125,-1,125,118,120,-1,125,120,127,-1,127,120,121,-1,127,121,105,-1,105,121,116,-1,105,116,106,-1,106,116,114,-1,106,114,108,-1,108,114,112,-1,108,112,109,-1,109,112,111,-1,109,111,110,-1,110,111,99,-1,110,99,31,-1,31,99,98,-1,31,98,29,-1,29,98,43,-1,29,43,65,-1,65,43,42,-1,56,158,54,-1,54,158,159,-1,54,159,52,-1,52,159,160,-1,52,160,25,-1,25,160,161,-1,25,161,23,-1,23,161,162,-1,23,162,128,-1,163,164,165,-1,166,167,168,-1,168,167,169,-1,168,169,170,-1,170,169,171,-1,170,171,172,-1,172,171,173,-1,172,173,174,-1,174,173,175,-1,174,175,176,-1,176,175,177,-1,176,177,178,-1,178,177,179,-1,178,179,180,-1,180,179,181,-1,180,181,182,-1,182,181,183,-1,182,183,184,-1,184,183,185,-1,184,185,186,-1,186,185,187,-1,186,187,165,-1,165,187,188,-1,165,188,163,-1,163,188,189,-1,182,184,190,-1,190,184,186,-1,190,186,191,-1,190,192,182,-1,182,192,193,-1,182,193,180,-1,193,194,180,-1,180,194,195,-1,180,195,178,-1,178,195,196,-1,178,196,197,-1,197,198,178,-1,178,198,199,-1,178,199,176,-1,19,172,200,-1,200,172,174,-1,200,174,201,-1,201,174,176,-1,201,176,202,-1,202,176,199,-1,203,204,205,-1,206,207,208,-1,209,210,206,-1,206,208,209,-1,209,208,211,-1,209,211,212,-1,213,203,214,-1,214,203,205,-1,214,205,215,-1,216,217,218,-1,218,217,219,-1,218,219,204,-1,204,219,220,-1,204,220,205,-1,221,222,223,-1,223,222,224,-1,223,224,216,-1,216,224,225,-1,216,225,217,-1,226,227,212,-1,212,227,228,-1,212,228,209,-1,223,229,221,-1,221,229,230,-1,221,230,231,-1,231,230,227,-1,231,227,232,-1,232,227,226,-1,209,228,233,-1,227,230,234,-1,235,236,237,-1,229,223,238,-1,239,240,241,-1,216,218,242,-1,243,244,245,-1,204,203,246,-1,247,248,249,-1,250,251,252,-1,203,213,246,-1,246,213,253,-1,246,253,254,-1,254,253,255,-1,254,255,256,-1,256,255,257,-1,256,257,258,-1,258,257,259,-1,258,259,260,-1,260,259,261,-1,260,261,262,-1,262,261,263,-1,262,263,264,-1,264,263,265,-1,264,265,266,-1,266,265,267,-1,266,267,268,-1,268,267,269,-1,268,269,270,-1,270,269,271,-1,270,271,272,-1,272,271,273,-1,272,273,274,-1,274,273,275,-1,218,204,242,-1,242,204,246,-1,242,246,276,-1,276,246,254,-1,276,254,277,-1,277,254,256,-1,277,256,278,-1,278,256,258,-1,278,258,279,-1,279,258,260,-1,279,260,280,-1,280,260,262,-1,280,262,281,-1,281,262,264,-1,281,264,282,-1,282,264,266,-1,282,266,283,-1,283,266,268,-1,283,268,284,-1,284,268,270,-1,284,270,249,-1,249,270,272,-1,249,272,247,-1,247,272,274,-1,223,216,238,-1,238,216,242,-1,238,242,285,-1,285,242,276,-1,285,276,286,-1,286,276,277,-1,286,277,287,-1,287,277,278,-1,287,278,288,-1,288,278,279,-1,288,279,289,-1,289,279,280,-1,289,280,290,-1,290,280,281,-1,290,281,291,-1,291,281,282,-1,291,282,292,-1,292,282,283,-1,292,283,293,-1,293,283,284,-1,293,284,245,-1,245,284,249,-1,245,249,243,-1,243,249,248,-1,230,229,234,-1,234,229,238,-1,234,238,294,-1,294,238,285,-1,294,285,295,-1,295,285,286,-1,295,286,296,-1,296,286,287,-1,296,287,297,-1,297,287,288,-1,297,288,298,-1,298,288,289,-1,298,289,299,-1,299,289,290,-1,299,290,300,-1,300,290,291,-1,300,291,301,-1,301,291,292,-1,301,292,302,-1,302,292,293,-1,302,293,241,-1,241,293,245,-1,241,245,239,-1,239,245,244,-1,228,227,233,-1,233,227,234,-1,233,234,303,-1,303,234,294,-1,303,294,304,-1,304,294,295,-1,304,295,305,-1,305,295,296,-1,305,296,306,-1,306,296,297,-1,306,297,307,-1,307,297,298,-1,307,298,308,-1,308,298,299,-1,308,299,309,-1,309,299,300,-1,309,300,310,-1,310,300,301,-1,310,301,311,-1,311,301,302,-1,311,302,237,-1,237,302,241,-1,237,241,235,-1,235,241,240,-1,210,209,312,-1,312,209,233,-1,312,233,313,-1,313,233,303,-1,313,303,314,-1,314,303,304,-1,314,304,315,-1,315,304,305,-1,315,305,316,-1,316,305,306,-1,316,306,317,-1,317,306,307,-1,317,307,318,-1,318,307,308,-1,318,308,319,-1,319,308,309,-1,319,309,320,-1,320,309,310,-1,320,310,321,-1,321,310,311,-1,321,311,252,-1,252,311,237,-1,252,237,250,-1,250,237,236,-1,322,251,250,-1,323,324,325,-1,243,248,325,-1,325,248,247,-1,325,247,323,-1,323,247,274,-1,323,274,275,-1,326,239,327,-1,327,239,244,-1,325,328,243,-1,243,328,329,-1,243,329,244,-1,244,329,330,-1,244,330,327,-1,250,236,331,-1,331,236,235,-1,331,235,326,-1,326,235,240,-1,326,240,239,-1,331,332,250,-1,250,332,333,-1,250,333,322,-1,322,333,334,-1,322,334,335,-1,325,324,336,-1,329,328,337,-1,326,327,338,-1,333,332,339,-1,226,212,340,-1,212,211,340,-1,340,211,208,-1,340,208,207,-1,221,231,341,-1,341,231,232,-1,219,217,342,-1,342,217,225,-1,342,225,224,-1,215,205,343,-1,343,205,220,-1,335,334,344,-1,344,334,345,-1,207,346,340,-1,340,346,347,-1,340,347,348,-1,348,347,349,-1,348,349,350,-1,350,349,351,-1,350,351,352,-1,352,351,353,-1,352,353,354,-1,354,353,355,-1,354,355,356,-1,356,355,357,-1,356,357,358,-1,358,357,359,-1,358,359,360,-1,360,359,361,-1,360,361,362,-1,362,361,363,-1,362,363,364,-1,364,363,365,-1,364,365,366,-1,366,365,367,-1,366,367,345,-1,345,367,368,-1,345,368,344,-1,334,333,345,-1,345,333,339,-1,345,339,366,-1,366,339,369,-1,366,369,364,-1,364,369,370,-1,364,370,362,-1,362,370,371,-1,362,371,360,-1,360,371,372,-1,360,372,358,-1,358,372,373,-1,358,373,356,-1,356,373,374,-1,356,374,354,-1,354,374,375,-1,354,375,352,-1,352,375,376,-1,352,376,350,-1,350,376,377,-1,350,377,348,-1,348,377,378,-1,348,378,340,-1,340,378,341,-1,340,341,226,-1,226,341,232,-1,326,338,331,-1,332,331,339,-1,339,331,338,-1,339,338,369,-1,369,338,379,-1,369,379,370,-1,370,379,380,-1,370,380,371,-1,371,380,381,-1,371,381,372,-1,372,381,382,-1,372,382,373,-1,373,382,383,-1,373,383,374,-1,374,383,384,-1,374,384,375,-1,375,384,385,-1,375,385,376,-1,376,385,386,-1,376,386,377,-1,377,386,387,-1,377,387,378,-1,378,387,388,-1,378,388,341,-1,341,388,389,-1,341,389,221,-1,221,389,222,-1,327,330,338,-1,338,330,390,-1,338,390,379,-1,379,390,391,-1,379,391,380,-1,380,391,392,-1,380,392,381,-1,381,392,393,-1,381,393,382,-1,382,393,394,-1,382,394,383,-1,383,394,395,-1,383,395,384,-1,384,395,396,-1,384,396,385,-1,385,396,397,-1,385,397,386,-1,386,397,398,-1,386,398,387,-1,387,398,399,-1,387,399,388,-1,388,399,400,-1,388,400,389,-1,389,400,342,-1,389,342,222,-1,222,342,224,-1,330,329,390,-1,390,329,337,-1,390,337,391,-1,391,337,401,-1,391,401,392,-1,392,401,402,-1,392,402,393,-1,393,402,403,-1,393,403,394,-1,394,403,404,-1,394,404,395,-1,395,404,405,-1,395,405,396,-1,396,405,406,-1,396,406,397,-1,397,406,407,-1,397,407,398,-1,398,407,408,-1,398,408,399,-1,399,408,409,-1,399,409,400,-1,400,409,410,-1,400,410,342,-1,342,410,343,-1,342,343,219,-1,219,343,220,-1,328,325,337,-1,337,325,336,-1,337,336,401,-1,401,336,411,-1,401,411,402,-1,402,411,412,-1,402,412,403,-1,403,412,413,-1,403,413,404,-1,404,413,414,-1,404,414,405,-1,405,414,415,-1,405,415,406,-1,406,415,416,-1,406,416,407,-1,407,416,417,-1,407,417,408,-1,408,417,418,-1,408,418,409,-1,409,418,419,-1,409,419,410,-1,410,419,420,-1,410,420,343,-1,343,420,421,-1,343,421,215,-1,422,423,424,-1,425,426,427,-1,428,429,430,-1,430,429,425,-1,430,425,431,-1,431,425,427,-1,431,427,432,-1,433,422,434,-1,434,422,424,-1,434,424,435,-1,435,424,436,-1,435,436,437,-1,437,436,438,-1,437,438,439,-1,439,438,440,-1,439,440,428,-1,428,440,441,-1,428,441,429,-1,442,443,444,-1,445,446,447,-1,448,449,450,-1,451,452,453,-1,454,455,456,-1,457,432,458,-1,458,432,459,-1,458,459,460,-1,460,459,461,-1,460,461,462,-1,462,461,463,-1,462,463,464,-1,464,463,465,-1,464,465,466,-1,466,465,467,-1,466,467,468,-1,468,467,469,-1,468,469,470,-1,470,469,471,-1,470,471,472,-1,472,471,473,-1,472,473,474,-1,474,473,475,-1,474,475,476,-1,476,475,477,-1,476,477,478,-1,478,477,479,-1,478,479,480,-1,480,479,481,-1,482,457,483,-1,483,457,458,-1,483,458,484,-1,484,458,460,-1,484,460,485,-1,485,460,462,-1,485,462,486,-1,486,462,464,-1,486,464,487,-1,487,464,466,-1,487,466,488,-1,488,466,468,-1,488,468,489,-1,489,468,470,-1,489,470,490,-1,490,470,472,-1,490,472,491,-1,491,472,474,-1,491,474,492,-1,492,474,476,-1,492,476,456,-1,456,476,478,-1,456,478,454,-1,454,478,480,-1,428,482,493,-1,493,482,483,-1,493,483,494,-1,494,483,484,-1,494,484,495,-1,495,484,485,-1,495,485,496,-1,496,485,486,-1,496,486,497,-1,497,486,487,-1,497,487,498,-1,498,487,488,-1,498,488,499,-1,499,488,489,-1,499,489,500,-1,500,489,490,-1,500,490,501,-1,501,490,491,-1,501,491,502,-1,502,491,492,-1,502,492,453,-1,453,492,456,-1,453,456,451,-1,451,456,455,-1,439,428,503,-1,503,428,493,-1,503,493,504,-1,504,493,494,-1,504,494,505,-1,505,494,495,-1,505,495,506,-1,506,495,496,-1,506,496,507,-1,507,496,497,-1,507,497,508,-1,508,497,498,-1,508,498,509,-1,509,498,499,-1,509,499,510,-1,510,499,500,-1,510,500,511,-1,511,500,501,-1,511,501,512,-1,512,501,502,-1,512,502,450,-1,450,502,453,-1,450,453,448,-1,448,453,452,-1,449,445,450,-1,450,445,447,-1,450,447,512,-1,512,447,513,-1,512,513,511,-1,511,513,514,-1,511,514,510,-1,510,514,515,-1,510,515,509,-1,509,515,516,-1,509,516,508,-1,508,516,517,-1,508,517,507,-1,507,517,518,-1,507,518,506,-1,506,518,519,-1,506,519,505,-1,505,519,520,-1,505,520,504,-1,504,520,521,-1,504,521,503,-1,503,521,522,-1,446,442,447,-1,447,442,444,-1,447,444,513,-1,513,444,523,-1,513,523,514,-1,514,523,524,-1,514,524,515,-1,515,524,525,-1,515,525,516,-1,516,525,526,-1,516,526,517,-1,517,526,527,-1,517,527,518,-1,518,527,528,-1,518,528,519,-1,519,528,529,-1,519,529,520,-1,520,529,530,-1,520,530,521,-1,521,530,531,-1,521,531,522,-1,522,531,532,-1,522,532,433,-1,433,434,522,-1,522,434,435,-1,522,435,503,-1,503,435,437,-1,503,437,439,-1,533,534,535,-1,536,443,442,-1,537,536,538,-1,538,536,442,-1,538,442,539,-1,539,442,446,-1,539,446,540,-1,540,446,445,-1,540,445,541,-1,541,445,449,-1,541,449,542,-1,542,449,448,-1,542,448,543,-1,543,448,452,-1,543,452,544,-1,544,452,451,-1,544,451,545,-1,545,451,455,-1,545,455,546,-1,546,455,454,-1,546,454,535,-1,535,454,480,-1,535,480,533,-1,533,480,481,-1,538,539,547,-1,540,541,548,-1,542,543,549,-1,544,545,550,-1,535,534,551,-1,551,534,552,-1,551,552,553,-1,553,552,554,-1,553,554,555,-1,555,554,556,-1,555,556,557,-1,557,556,558,-1,557,558,559,-1,559,558,560,-1,559,560,561,-1,561,560,562,-1,561,562,563,-1,563,562,564,-1,563,564,565,-1,565,564,566,-1,565,566,567,-1,567,566,568,-1,567,568,569,-1,569,568,570,-1,569,570,571,-1,571,570,572,-1,571,573,569,-1,569,573,574,-1,569,574,567,-1,567,574,575,-1,567,575,565,-1,565,575,576,-1,565,576,563,-1,563,576,577,-1,563,577,561,-1,561,577,578,-1,561,578,559,-1,559,578,579,-1,559,579,557,-1,557,579,580,-1,557,580,555,-1,555,580,581,-1,555,581,553,-1,553,581,582,-1,553,582,551,-1,551,582,550,-1,550,545,551,-1,551,545,546,-1,551,546,535,-1,543,544,549,-1,549,544,550,-1,549,550,583,-1,583,550,582,-1,583,582,584,-1,584,582,581,-1,584,581,585,-1,585,581,580,-1,585,580,586,-1,586,580,579,-1,586,579,587,-1,587,579,578,-1,587,578,588,-1,588,578,577,-1,588,577,589,-1,589,577,576,-1,589,576,590,-1,590,576,575,-1,590,575,591,-1,591,575,574,-1,591,574,592,-1,592,574,573,-1,541,542,548,-1,548,542,549,-1,548,549,593,-1,593,549,583,-1,593,583,594,-1,594,583,584,-1,594,584,595,-1,595,584,585,-1,595,585,596,-1,596,585,586,-1,596,586,597,-1,597,586,587,-1,597,587,598,-1,598,587,588,-1,598,588,599,-1,599,588,589,-1,599,589,600,-1,600,589,590,-1,600,590,601,-1,601,590,591,-1,601,591,602,-1,602,591,592,-1,440,438,603,-1,539,540,547,-1,547,540,548,-1,547,548,604,-1,604,548,593,-1,604,593,605,-1,605,593,594,-1,605,594,606,-1,606,594,595,-1,606,595,607,-1,607,595,596,-1,607,596,608,-1,608,596,597,-1,608,597,609,-1,609,597,598,-1,609,598,610,-1,610,598,599,-1,610,599,611,-1,611,599,600,-1,611,600,612,-1,612,600,601,-1,612,601,603,-1,603,601,602,-1,603,602,440,-1,440,602,592,-1,440,592,441,-1,441,592,573,-1,441,573,613,-1,613,573,571,-1,613,571,614,-1,614,571,572,-1,614,572,426,-1,424,423,615,-1,424,615,436,-1,537,538,616,-1,616,538,547,-1,616,547,617,-1,617,547,604,-1,617,604,618,-1,618,604,605,-1,618,605,619,-1,619,605,606,-1,619,606,620,-1,620,606,607,-1,620,607,621,-1,621,607,608,-1,621,608,622,-1,622,608,609,-1,622,609,623,-1,623,609,610,-1,623,610,624,-1,624,610,611,-1,624,611,625,-1,625,611,612,-1,625,612,615,-1,615,612,603,-1,615,603,436,-1,436,603,438,-1,626,627,628,-1,626,628,629,-1,629,628,630,-1,629,630,631,-1,629,631,632,-1,633,634,635,-1,633,635,636,-1,636,635,637,-1,636,637,638,-1,638,637,639,-1,638,639,640,-1,640,639,641,-1,640,641,642,-1,642,641,643,-1,642,643,644,-1,644,643,645,-1,644,645,632,-1,632,645,626,-1,632,626,629,-1,646,647,648,-1,648,647,649,-1,648,649,633,-1,633,649,634,-1,650,651,652,-1,647,646,653,-1,647,653,654,-1,654,653,655,-1,654,655,656,-1,656,655,657,-1,656,657,658,-1,658,657,659,-1,658,659,660,-1,660,659,661,-1,660,661,662,-1,662,661,663,-1,662,663,652,-1,652,663,664,-1,652,664,650,-1,664,665,666,-1,664,666,650,-1,650,666,667,-1,650,667,651,-1,668,665,669,-1,668,669,670,-1,670,669,671,-1,670,671,164,-1,672,673,674,-1,674,675,676,-1,676,675,677,-1,676,677,678,-1,679,680,681,-1,674,676,672,-1,672,676,682,-1,672,682,683,-1,683,682,684,-1,683,684,685,-1,685,684,686,-1,685,686,687,-1,687,686,679,-1,687,679,688,-1,688,679,681,-1,688,681,689,-1,690,691,692,-1,681,680,690,-1,692,693,694,-1,690,692,681,-1,681,692,694,-1,681,694,689,-1,692,691,695,-1,696,693,692,-1,697,698,699,-1,699,698,700,-1,699,700,701,-1,692,695,696,-1,696,695,702,-1,696,702,703,-1,703,702,704,-1,703,704,705,-1,705,704,706,-1,705,706,707,-1,707,706,699,-1,707,699,708,-1,708,699,701,-1,708,701,709,-1,710,711,712,-1,710,712,713,-1,713,712,630,-1,713,630,714,-1,715,716,717,-1,715,717,718,-1,718,717,719,-1,718,719,720,-1,721,722,723,-1,723,722,724,-1,725,726,727,-1,727,726,728,-1,727,728,722,-1,722,728,729,-1,722,729,724,-1,730,731,732,-1,732,731,733,-1,732,733,727,-1,727,733,734,-1,727,734,725,-1,735,736,737,-1,737,736,738,-1,737,738,732,-1,732,738,739,-1,732,739,730,-1,740,741,742,-1,742,741,743,-1,742,743,737,-1,737,743,744,-1,737,744,735,-1,745,746,747,-1,747,748,745,-1,745,748,749,-1,745,749,742,-1,742,749,750,-1,742,750,740,-1,719,751,752,-1,753,754,745,-1,719,752,745,-1,745,752,755,-1,745,755,753,-1,754,756,745,-1,745,756,757,-1,745,757,758,-1,758,759,745,-1,745,759,760,-1,745,760,746,-1,761,751,762,-1,761,762,763,-1,763,762,764,-1,763,764,765,-1,765,764,766,-1,766,764,767,-1,766,767,768,-1,769,770,771,-1,767,772,768,-1,768,772,773,-1,768,773,774,-1,774,773,775,-1,774,775,776,-1,776,775,769,-1,776,769,777,-1,777,769,771,-1,777,771,778,-1,779,780,781,-1,781,780,782,-1,781,782,783,-1,783,784,781,-1,781,784,785,-1,781,785,761,-1,786,787,779,-1,787,788,779,-1,779,788,789,-1,779,789,780,-1,790,791,792,-1,792,791,793,-1,792,793,794,-1,794,795,792,-1,792,795,796,-1,792,796,779,-1,779,796,797,-1,779,797,786,-1,790,798,799,-1,799,800,790,-1,790,800,801,-1,790,801,791,-1,802,803,804,-1,804,803,805,-1,804,805,806,-1,806,807,804,-1,804,807,808,-1,804,808,790,-1,790,808,809,-1,790,809,798,-1,810,811,812,-1,810,812,813,-1,802,804,814,-1,814,804,812,-1,814,812,815,-1,815,812,811,-1,815,811,816,-1,812,817,813,-1,813,817,818,-1,813,818,819,-1,820,781,821,-1,820,821,822,-1,822,821,711,-1,822,711,710,-1,823,119,824,-1,824,119,118,-1,824,118,123,-1,123,122,824,-1,824,122,128,-1,824,128,162,-1,158,56,824,-1,158,824,159,-1,162,161,824,-1,824,161,160,-1,824,160,159,-1,825,156,823,-1,823,156,155,-1,155,154,823,-1,823,154,153,-1,823,153,119,-1,825,146,27,-1,27,26,825,-1,825,26,157,-1,825,157,156,-1,146,825,145,-1,145,825,826,-1,145,826,136,-1,136,826,827,-1,136,827,137,-1,92,139,827,-1,827,139,138,-1,827,138,137,-1,131,132,828,-1,828,132,94,-1,828,94,827,-1,827,94,93,-1,827,93,92,-1,829,830,831,-1,831,830,81,-1,81,80,831,-1,831,80,129,-1,831,129,828,-1,828,129,130,-1,828,130,131,-1,187,824,832,-1,187,832,188,-1,188,832,833,-1,188,833,189,-1,834,835,836,-1,836,837,834,-1,834,837,838,-1,834,838,839,-1,840,841,842,-1,842,841,834,-1,842,834,843,-1,843,834,839,-1,844,845,846,-1,847,845,848,-1,848,845,844,-1,848,844,849,-1,849,844,850,-1,851,852,847,-1,847,852,853,-1,847,853,845,-1,845,853,854,-1,845,854,841,-1,855,856,857,-1,858,859,860,-1,860,859,855,-1,860,855,861,-1,861,855,857,-1,862,863,864,-1,865,866,867,-1,867,866,868,-1,864,869,865,-1,865,869,870,-1,865,870,871,-1,872,873,833,-1,871,874,865,-1,865,874,875,-1,865,875,833,-1,833,875,876,-1,833,876,872,-1,873,877,833,-1,833,877,878,-1,833,878,879,-1,656,658,880,-1,658,660,880,-1,880,660,662,-1,880,662,652,-1,667,881,651,-1,651,881,833,-1,651,833,652,-1,652,833,879,-1,652,879,880,-1,882,883,884,-1,885,886,887,-1,887,886,888,-1,888,889,887,-1,887,889,890,-1,887,890,891,-1,887,892,885,-1,885,892,893,-1,885,893,894,-1,894,893,895,-1,896,897,898,-1,898,897,899,-1,899,900,898,-1,898,900,901,-1,898,901,902,-1,903,904,898,-1,904,905,898,-1,898,905,906,-1,898,906,907,-1,907,908,898,-1,898,908,909,-1,898,909,910,-1,910,911,898,-1,898,911,912,-1,898,912,913,-1,913,914,898,-1,898,914,915,-1,898,915,896,-1,902,916,898,-1,898,916,917,-1,898,917,893,-1,893,917,918,-1,893,918,895,-1,864,863,919,-1,920,921,922,-1,923,924,925,-1,925,926,927,-1,927,926,928,-1,927,928,929,-1,929,930,927,-1,927,930,931,-1,927,931,925,-1,925,931,932,-1,925,932,923,-1,922,933,920,-1,920,933,925,-1,920,925,934,-1,934,925,924,-1,935,936,937,-1,937,936,938,-1,937,938,939,-1,939,938,940,-1,939,940,920,-1,920,940,941,-1,920,941,921,-1,935,942,936,-1,936,942,943,-1,936,943,944,-1,835,834,945,-1,945,834,936,-1,945,936,946,-1,946,936,944,-1,946,944,947,-1,947,948,946,-1,946,948,949,-1,946,949,950,-1,950,951,946,-1,946,951,952,-1,946,952,953,-1,954,955,956,-1,954,956,957,-1,957,956,958,-1,957,958,845,-1,959,960,961,-1,962,963,964,-1,946,965,966,-1,966,967,946,-1,946,967,968,-1,946,968,969,-1,970,971,972,-1,972,973,970,-1,970,973,974,-1,970,974,975,-1,975,974,976,-1,975,976,977,-1,977,978,975,-1,975,978,979,-1,975,979,980,-1,981,982,983,-1,983,982,984,-1,983,984,985,-1,985,984,986,-1,986,987,988,-1,988,989,986,-1,986,989,990,-1,986,990,991,-1,992,993,986,-1,986,993,994,-1,986,994,985,-1,991,995,986,-1,986,995,996,-1,986,996,992,-1,997,998,966,-1,966,998,999,-1,966,999,1000,-1,1000,1001,966,-1,966,1001,1002,-1,966,1002,967,-1,1003,1004,1005,-1,884,862,882,-1,882,862,864,-1,882,864,1006,-1,1006,864,865,-1,1006,865,1007,-1,1007,865,867,-1,1007,867,1005,-1,1005,867,1008,-1,1005,1008,1003,-1,1009,863,1010,-1,1010,863,1005,-1,1010,1005,1011,-1,1011,1005,1004,-1,1009,1012,863,-1,863,1012,1013,-1,863,1013,1014,-1,1014,1015,863,-1,863,1015,1016,-1,863,1016,1017,-1,1018,1017,961,-1,1017,1018,863,-1,863,1018,1019,-1,863,1019,919,-1,1019,1020,919,-1,919,1020,1021,-1,919,1021,1022,-1,1022,1021,946,-1,1022,946,970,-1,970,946,969,-1,970,969,971,-1,1023,1024,1025,-1,841,859,845,-1,845,859,858,-1,845,858,957,-1,957,858,1026,-1,957,1026,1025,-1,1025,1026,1027,-1,1025,1027,1023,-1,1028,1029,960,-1,960,1029,1030,-1,960,1030,961,-1,961,1030,1031,-1,961,1031,1018,-1,1018,1031,1025,-1,1018,1025,1032,-1,1032,1025,1024,-1,1033,1034,1035,-1,1035,1034,1036,-1,1035,1036,1037,-1,1037,1036,1038,-1,1038,1036,1039,-1,1038,1039,1040,-1,1040,1041,1038,-1,1038,1041,1042,-1,1038,1042,1022,-1,1022,1042,1043,-1,1022,1043,1044,-1,1044,1045,1022,-1,1022,1045,1046,-1,1022,1046,919,-1,919,1046,1047,-1,919,1047,1048,-1,1048,1049,919,-1,919,1049,1050,-1,919,1050,1051,-1,1052,1053,898,-1,898,1053,1054,-1,898,1054,903,-1,1055,1056,1057,-1,1057,1058,1055,-1,1055,1058,1059,-1,1055,1059,1060,-1,1060,1059,1061,-1,1061,1059,1062,-1,1061,1062,1052,-1,1052,1062,1063,-1,1052,1063,1053,-1,1064,1065,919,-1,1056,1055,1051,-1,1051,1055,1066,-1,1051,1066,919,-1,919,1066,1067,-1,919,1067,1064,-1,1065,1068,919,-1,919,1068,1069,-1,919,1069,1070,-1,1071,1072,1073,-1,1073,1072,1074,-1,891,1075,887,-1,887,1075,1076,-1,887,1076,1077,-1,1077,1076,1071,-1,1077,1071,1078,-1,1078,1071,1073,-1,1079,1080,1008,-1,1079,1008,1081,-1,1080,1082,1008,-1,1008,1082,1083,-1,1008,1083,1003,-1,1084,1085,1086,-1,1086,1085,1087,-1,1008,1086,1081,-1,1081,1086,1087,-1,1081,1087,1088,-1,1088,1087,1089,-1,1090,1091,868,-1,1092,1093,868,-1,1092,868,1094,-1,1094,868,866,-1,1094,866,846,-1,846,866,1095,-1,846,1095,844,-1,1093,1096,868,-1,868,1096,1097,-1,868,1097,1090,-1,1091,1098,868,-1,868,1098,1099,-1,868,1099,1089,-1,1099,1100,1089,-1,1089,1100,1101,-1,1089,1101,1102,-1,964,959,962,-1,962,959,961,-1,962,961,954,-1,954,961,1088,-1,954,1088,955,-1,955,1088,1089,-1,955,1089,1103,-1,1103,1089,1102,-1,1104,1105,1106,-1,1107,1104,866,-1,866,1104,1106,-1,866,1106,1095,-1,1105,1108,1106,-1,1106,1108,1109,-1,1106,1109,1110,-1,1111,1112,1113,-1,1114,1112,1115,-1,1115,1112,1116,-1,1114,1117,1112,-1,1112,1117,1118,-1,1112,1118,1119,-1,1119,1120,1112,-1,1112,1120,1121,-1,1112,1121,1122,-1,1122,1123,1112,-1,1112,1123,1124,-1,1112,1124,1113,-1,1125,1126,1127,-1,1127,1126,1113,-1,1125,1128,1126,-1,1126,1128,1129,-1,1126,1129,1130,-1,1130,1131,1126,-1,1126,1131,1132,-1,1126,1132,1113,-1,1113,1132,1133,-1,1113,1133,1111,-1,1134,1135,1136,-1,1136,1135,1137,-1,1136,1137,1138,-1,1139,1140,1136,-1,1136,1140,1141,-1,1136,1141,1134,-1,1138,1142,1136,-1,1136,1142,1143,-1,1136,1143,1144,-1,1144,1145,1136,-1,1136,1145,1146,-1,1136,1146,1139,-1,1139,1146,1147,-1,1139,1147,1148,-1,1147,1149,1148,-1,1148,1149,1150,-1,1148,1150,1151,-1,1151,1150,1152,-1,1151,1152,1153,-1,1153,1152,1154,-1,1154,1155,1153,-1,1153,1155,1156,-1,1153,1156,1157,-1,1157,1156,965,-1,1157,965,1158,-1,1158,965,946,-1,1158,946,1159,-1,1159,946,953,-1,1160,1161,1162,-1,1155,1163,1156,-1,1156,1163,1164,-1,1156,1164,1162,-1,1162,1164,1165,-1,1162,1165,1160,-1,1161,1160,1166,-1,1166,1160,1167,-1,1166,1167,1168,-1,1110,1169,1170,-1,1168,1167,1171,-1,1171,1167,1172,-1,1171,1172,1170,-1,1170,1172,1173,-1,1170,1173,1110,-1,1173,1174,1110,-1,1110,1174,1175,-1,1110,1175,854,-1,854,1175,1176,-1,854,1176,841,-1,841,1176,1177,-1,841,1177,834,-1,1178,1169,1179,-1,1179,1169,1110,-1,1179,1110,1112,-1,1112,1110,1109,-1,1112,1109,1116,-1,1178,1180,1169,-1,1169,1180,1181,-1,1169,1181,1182,-1,1182,1183,1169,-1,1169,1183,1184,-1,1169,1184,1185,-1,1186,1187,1188,-1,1185,1189,1169,-1,1169,1189,1190,-1,1169,1190,1188,-1,1188,1190,1191,-1,1188,1191,1186,-1,1187,1192,1188,-1,1188,1192,1193,-1,1188,1193,1194,-1,1194,1195,1188,-1,1188,1195,1196,-1,1188,1196,1197,-1,1188,1198,1199,-1,1188,1199,1169,-1,1169,1199,1200,-1,1169,1200,1201,-1,1202,1203,866,-1,866,1203,1204,-1,866,1204,1205,-1,1205,1206,866,-1,866,1206,1207,-1,866,1207,1208,-1,1197,1107,1188,-1,1188,1107,866,-1,1188,866,1209,-1,1209,866,1208,-1,1208,1210,1209,-1,1209,1210,1037,-1,1209,1037,1211,-1,1211,1037,1038,-1,1211,1038,1200,-1,1200,1038,1212,-1,1200,1212,1201,-1,1201,1212,1213,-1,1214,1215,1216,-1,1216,1215,1217,-1,1212,1217,1213,-1,1213,1217,1215,-1,1213,1215,1218,-1,1218,1215,1219,-1,1218,1219,983,-1,1220,1221,1219,-1,1219,1221,975,-1,1219,975,983,-1,983,975,980,-1,983,980,981,-1,1070,1222,919,-1,919,1222,1223,-1,919,1223,1224,-1,1224,1223,1225,-1,1224,1225,1226,-1,1226,1227,1224,-1,1224,1227,1228,-1,1224,1228,1229,-1,643,641,716,-1,643,716,645,-1,645,716,626,-1,626,716,1230,-1,626,1230,627,-1,1231,1232,1233,-1,1233,1232,1234,-1,1233,1234,1229,-1,1229,1234,1235,-1,1229,1235,1224,-1,634,649,1236,-1,1236,649,647,-1,1236,647,880,-1,880,647,654,-1,880,654,656,-1,1236,1237,716,-1,641,639,716,-1,716,639,637,-1,716,637,1236,-1,1236,637,635,-1,1236,635,634,-1,1237,1238,716,-1,716,1238,1239,-1,716,1239,1240,-1,1240,1241,716,-1,716,1241,1242,-1,716,1242,1243,-1,1243,1244,716,-1,716,1244,1245,-1,716,1245,1246,-1,1247,1248,1249,-1,1247,1249,1250,-1,1246,1251,716,-1,716,1251,1252,-1,716,1252,1253,-1,1253,1254,716,-1,716,1254,1255,-1,716,1255,1249,-1,1249,1255,1256,-1,1249,1256,1250,-1,1248,1257,1249,-1,1249,1257,1258,-1,1249,1258,1259,-1,1259,1260,1249,-1,1249,1260,1261,-1,1249,1261,1232,-1,1231,1262,1232,-1,1232,1262,1263,-1,1232,1263,1249,-1,1249,1263,1264,-1,1264,1265,1249,-1,1249,1265,1266,-1,1249,1266,1267,-1,1268,866,1269,-1,1269,866,1249,-1,1269,1249,1270,-1,1270,1249,1267,-1,1271,1202,1272,-1,1272,1202,866,-1,1272,866,1273,-1,1273,866,1268,-1,1274,1275,1276,-1,1277,1278,1276,-1,1276,1278,1279,-1,1276,1279,1274,-1,1277,1276,1280,-1,1280,1276,1281,-1,1280,1281,1282,-1,1283,1284,1285,-1,1285,1284,1286,-1,1285,1286,1281,-1,1281,1286,1287,-1,1281,1287,1282,-1,1072,1288,1074,-1,1074,1288,1289,-1,1074,1289,1290,-1,1290,1289,1291,-1,1290,1291,1285,-1,1285,1291,1292,-1,1285,1292,1283,-1,683,685,1293,-1,683,1294,672,-1,672,1294,673,-1,683,1293,1294,-1,1294,1293,1295,-1,1294,1295,1296,-1,1296,1297,1294,-1,1294,1297,1298,-1,1294,1298,865,-1,865,1298,1299,-1,865,1299,1300,-1,1300,1301,865,-1,865,1301,1302,-1,865,1302,1303,-1,1303,1304,865,-1,865,1304,1305,-1,865,1305,866,-1,866,1305,1306,-1,866,1306,1249,-1,1249,1306,1307,-1,1307,1308,1249,-1,1249,1308,1309,-1,1249,1309,1310,-1,1310,1311,1249,-1,1249,1311,1312,-1,1249,1312,1313,-1,1313,1314,1249,-1,1249,1314,1315,-1,1249,1315,1316,-1,1316,1317,1249,-1,1249,1317,1318,-1,1249,1318,1319,-1,1319,1320,1249,-1,1249,1320,1321,-1,1249,1321,1322,-1,1322,1323,1249,-1,1249,1323,1324,-1,1249,1324,703,-1,703,1324,1325,-1,1325,1326,703,-1,703,1326,1327,-1,703,1327,1328,-1,1328,1329,703,-1,703,1329,1330,-1,703,1330,1331,-1,1331,1332,703,-1,703,1332,1333,-1,703,1333,696,-1,696,1333,1334,-1,685,687,1293,-1,1293,687,688,-1,1293,688,1335,-1,1335,688,689,-1,1335,689,1336,-1,1336,689,694,-1,1336,694,1334,-1,1334,694,693,-1,1334,693,696,-1,703,705,1249,-1,1249,705,707,-1,1249,707,1337,-1,1337,707,708,-1,1337,708,709,-1,86,21,19,-1,201,76,200,-1,200,76,78,-1,200,78,19,-1,19,78,79,-1,19,79,86,-1,69,71,201,-1,69,201,67,-1,71,73,201,-1,201,73,74,-1,201,74,76,-1,198,197,140,-1,201,202,67,-1,67,202,199,-1,67,199,68,-1,68,199,84,-1,198,140,199,-1,199,140,133,-1,199,133,84,-1,39,38,197,-1,38,151,197,-1,197,151,152,-1,197,152,140,-1,58,44,196,-1,196,44,64,-1,196,64,65,-1,65,42,196,-1,196,42,41,-1,196,41,197,-1,197,41,95,-1,197,95,39,-1,196,195,58,-1,58,195,194,-1,58,194,59,-1,191,55,190,-1,190,55,53,-1,190,53,192,-1,192,53,51,-1,192,51,50,-1,50,47,192,-1,192,47,46,-1,192,46,193,-1,193,46,57,-1,193,57,194,-1,194,57,61,-1,194,61,59,-1,56,55,1338,-1,56,1338,1339,-1,1339,1338,1340,-1,1339,1340,1341,-1,1341,1340,1342,-1,1342,1340,1343,-1,1342,1343,1344,-1,1345,1346,1347,-1,1343,1348,1344,-1,1344,1348,1349,-1,1344,1349,1350,-1,1350,1349,1351,-1,1350,1351,1352,-1,1352,1351,1345,-1,1352,1345,1353,-1,1353,1345,1347,-1,1353,1347,1354,-1,164,671,1355,-1,164,1355,165,-1,165,1355,191,-1,165,191,186,-1,1356,1357,1358,-1,1358,1357,709,-1,1359,1360,1361,-1,1362,1363,1364,-1,1365,1366,1367,-1,1360,1359,1368,-1,1369,1370,1359,-1,1359,1370,1371,-1,1359,1371,1368,-1,1372,1373,1374,-1,1374,1375,1372,-1,1372,1375,1376,-1,1372,1376,1377,-1,1377,1376,1378,-1,1376,1379,1380,-1,1379,1376,1381,-1,1380,1382,1383,-1,1380,1383,1376,-1,1376,1383,1384,-1,1376,1384,1378,-1,1382,1380,1385,-1,1385,1380,1386,-1,1385,1386,1387,-1,1387,1388,1389,-1,1389,1388,1390,-1,1389,1390,1391,-1,1391,1390,1392,-1,1392,1390,1393,-1,1392,1393,1394,-1,1394,1393,1395,-1,1394,1395,1396,-1,1365,1367,1397,-1,701,700,1364,-1,1364,700,698,-1,1364,698,1362,-1,1398,1364,1367,-1,1367,1364,1363,-1,1367,1363,1397,-1,1397,1363,1362,-1,1397,1362,1399,-1,1399,1362,698,-1,1399,698,697,-1,1400,1401,1402,-1,1402,1401,1403,-1,1402,1403,1404,-1,1404,1403,1405,-1,1404,1405,1406,-1,1406,1407,1404,-1,1404,1407,1374,-1,1404,1374,1402,-1,1402,1374,1373,-1,1402,1373,1400,-1,1408,1409,1407,-1,1410,1408,1411,-1,1411,1408,1407,-1,1411,1407,1361,-1,1361,1407,1406,-1,1361,1406,1359,-1,1359,1406,1405,-1,1359,1405,1369,-1,1369,1405,1403,-1,1369,1403,1412,-1,1412,1403,1401,-1,1366,1396,1367,-1,1367,1396,1395,-1,1367,1395,1398,-1,1398,1395,1393,-1,1398,1393,1364,-1,1364,1393,1358,-1,1364,1358,701,-1,701,1358,709,-1,1386,1413,1387,-1,1387,1413,1414,-1,1387,1414,1388,-1,1388,1414,1415,-1,1388,1415,1390,-1,1390,1415,1416,-1,1390,1416,1393,-1,1393,1416,1417,-1,1393,1417,1358,-1,1358,1417,1418,-1,1358,1418,1356,-1,1409,1419,1407,-1,1407,1419,1420,-1,1407,1420,1374,-1,1374,1420,1421,-1,1374,1421,1375,-1,1375,1421,1422,-1,1375,1422,1376,-1,1376,1422,1423,-1,1376,1423,1381,-1,675,674,1424,-1,1425,1426,678,-1,1427,1428,1426,-1,1429,1430,1431,-1,1431,1430,1432,-1,1431,1432,1433,-1,1433,1432,1434,-1,1435,1436,1437,-1,1437,1436,1438,-1,1437,1438,1439,-1,1439,1438,1440,-1,1439,1440,1441,-1,1442,1443,1444,-1,1442,1437,1445,-1,1445,1437,1446,-1,1442,1444,1437,-1,1437,1444,1447,-1,1437,1447,1435,-1,1448,1449,1450,-1,1450,1449,1451,-1,1450,1451,1452,-1,1452,1451,1443,-1,1452,1443,1453,-1,1453,1443,1442,-1,1454,1455,1456,-1,1456,1455,1457,-1,1456,1457,1458,-1,1459,1460,1461,-1,1462,1463,1464,-1,1464,1465,1462,-1,1462,1465,1466,-1,1462,1466,1467,-1,1467,1466,1468,-1,1464,1469,1465,-1,1465,1469,1470,-1,1465,1470,1466,-1,1466,1470,1471,-1,1466,1471,1472,-1,1446,1437,1473,-1,1473,1437,1439,-1,1473,1439,1474,-1,1474,1439,1441,-1,1474,1441,1475,-1,678,677,1425,-1,1425,677,675,-1,1425,675,1476,-1,1476,675,1424,-1,1440,1434,1441,-1,1441,1434,1432,-1,1441,1432,1477,-1,1477,1432,1430,-1,1477,1430,1427,-1,1427,1430,1429,-1,1427,1429,1428,-1,674,673,1478,-1,1469,1479,1470,-1,1470,1479,1459,-1,1470,1459,1471,-1,1471,1459,1461,-1,1471,1461,1472,-1,1472,1461,1480,-1,1472,1480,1466,-1,1466,1480,1481,-1,1466,1481,1468,-1,1468,1481,1482,-1,1468,1482,1483,-1,1484,1485,1480,-1,1480,1485,1486,-1,1480,1486,1481,-1,1481,1486,1487,-1,1481,1487,1482,-1,1460,1488,1461,-1,1461,1488,1454,-1,1461,1454,1480,-1,1480,1454,1456,-1,1480,1456,1484,-1,1457,1449,1458,-1,1458,1449,1448,-1,1458,1448,1456,-1,1456,1448,1489,-1,1456,1489,1484,-1,674,1478,1424,-1,1424,1478,1490,-1,1424,1490,1491,-1,1426,1425,1427,-1,1427,1425,1476,-1,1427,1476,1477,-1,1477,1476,1424,-1,1477,1424,1441,-1,1441,1424,1491,-1,1441,1491,1475,-1,676,678,1492,-1,416,415,1493,-1,415,572,1493,-1,1493,572,570,-1,1493,570,568,-1,415,414,572,-1,572,414,413,-1,572,413,412,-1,214,215,695,-1,695,215,421,-1,695,421,702,-1,702,421,420,-1,702,420,704,-1,704,420,419,-1,704,419,418,-1,697,699,1493,-1,1493,699,706,-1,1493,706,416,-1,416,706,704,-1,416,704,417,-1,417,704,418,-1,568,566,1493,-1,1493,566,564,-1,1493,564,711,-1,564,562,711,-1,711,562,560,-1,711,560,558,-1,558,556,711,-1,711,556,554,-1,711,554,552,-1,633,534,533,-1,633,636,534,-1,534,636,638,-1,534,638,640,-1,640,642,534,-1,534,642,644,-1,534,644,632,-1,630,712,631,-1,631,712,711,-1,631,711,632,-1,632,711,552,-1,632,552,534,-1,479,477,671,-1,669,665,664,-1,661,481,663,-1,663,481,479,-1,663,479,664,-1,664,479,671,-1,664,671,669,-1,661,659,481,-1,481,659,657,-1,481,657,655,-1,655,653,481,-1,481,653,646,-1,481,646,533,-1,533,646,648,-1,533,648,633,-1,477,475,671,-1,671,475,473,-1,671,473,471,-1,463,461,1492,-1,471,469,671,-1,671,469,467,-1,671,467,1492,-1,1492,467,465,-1,1492,465,463,-1,412,411,572,-1,572,411,336,-1,572,336,426,-1,426,336,324,-1,426,324,427,-1,427,324,323,-1,427,323,432,-1,432,323,275,-1,432,275,459,-1,275,273,459,-1,459,273,271,-1,459,271,461,-1,461,271,269,-1,261,259,1492,-1,269,267,461,-1,461,267,265,-1,461,265,1492,-1,1492,265,263,-1,1492,263,261,-1,259,257,1492,-1,1492,257,255,-1,1492,255,253,-1,679,253,213,-1,695,691,214,-1,214,691,690,-1,214,690,213,-1,213,690,680,-1,213,680,679,-1,679,686,253,-1,253,686,684,-1,253,684,1492,-1,1492,684,682,-1,1492,682,676,-1,717,716,1249,-1,1337,1494,1249,-1,1249,1494,767,-1,1249,767,764,-1,719,717,751,-1,751,717,1249,-1,751,1249,762,-1,762,1249,764,-1,769,775,1494,-1,1495,1496,1494,-1,1494,1496,770,-1,1494,770,769,-1,775,773,1494,-1,1494,773,772,-1,1494,772,767,-1,770,1496,1497,-1,770,1497,771,-1,771,1497,1498,-1,771,1498,778,-1,774,776,1499,-1,774,1499,768,-1,1498,1500,778,-1,778,1500,1499,-1,778,1499,777,-1,777,1499,776,-1,781,761,821,-1,821,761,1493,-1,821,1493,711,-1,761,763,1493,-1,1493,763,765,-1,1493,765,1499,-1,1499,765,766,-1,1499,766,768,-1,1501,1502,1503,-1,1504,1505,1506,-1,1506,1507,1504,-1,1504,1507,1508,-1,1504,1508,1509,-1,1510,1503,1511,-1,1510,1512,1503,-1,1503,1512,1513,-1,1503,1513,1501,-1,1509,1514,1504,-1,1504,1514,1515,-1,1504,1515,1516,-1,1504,1503,1505,-1,1505,1503,1502,-1,1505,1502,1517,-1,1517,1502,1518,-1,1518,1519,1517,-1,1517,1519,1520,-1,1517,1520,1521,-1,1522,1523,1524,-1,1524,1523,1525,-1,1524,1525,1504,-1,1516,1526,1504,-1,1504,1526,1527,-1,1504,1527,1524,-1,1521,1528,1517,-1,1517,1528,1529,-1,1517,1529,1530,-1,1531,1532,1533,-1,1511,1534,1510,-1,1510,1534,1535,-1,1510,1535,1536,-1,1536,1535,1537,-1,1502,1538,1518,-1,1518,1538,1539,-1,1518,1539,1540,-1,1540,1539,1541,-1,1540,1541,1542,-1,1542,1541,1543,-1,1537,1535,1533,-1,1533,1535,1544,-1,1533,1544,1531,-1,1545,1546,1547,-1,1548,1549,1550,-1,1545,1547,1551,-1,1550,1552,1548,-1,1548,1552,1553,-1,1548,1553,1554,-1,1555,1556,1554,-1,1554,1556,1557,-1,1554,1557,1548,-1,1548,1547,1549,-1,1549,1547,1546,-1,1549,1546,1558,-1,1558,1546,1559,-1,1560,1561,1547,-1,1547,1561,1562,-1,1547,1562,1551,-1,1563,1564,1565,-1,1565,1564,1566,-1,1554,1567,1555,-1,1555,1567,1566,-1,1555,1566,1568,-1,1568,1566,1564,-1,1559,1569,1558,-1,1558,1569,1570,-1,1558,1570,1571,-1,1571,1572,1558,-1,1558,1572,1573,-1,1558,1573,1574,-1,1560,1575,1561,-1,1561,1575,1576,-1,1561,1576,1577,-1,1578,1579,1580,-1,1581,1582,1583,-1,1583,1582,1584,-1,1583,1584,1577,-1,1577,1584,1585,-1,1577,1585,1561,-1,1546,1586,1559,-1,1559,1586,1587,-1,1559,1587,1580,-1,1580,1587,1588,-1,1580,1588,1578,-1,1446,1473,1589,-1,1475,1491,1590,-1,1590,1491,1490,-1,1590,1490,1294,-1,1294,1490,1478,-1,1294,1478,673,-1,1589,1473,1590,-1,1590,1473,1474,-1,1590,1474,1475,-1,1450,1452,1591,-1,1591,1452,1453,-1,1591,1453,1592,-1,1592,1453,1442,-1,1592,1442,1589,-1,1589,1442,1445,-1,1589,1445,1446,-1,1450,1591,1448,-1,1448,1591,1593,-1,1448,1593,1489,-1,1487,1486,1594,-1,1594,1486,1485,-1,1594,1485,1593,-1,1593,1485,1484,-1,1593,1484,1489,-1,1487,1594,1482,-1,1482,1594,1595,-1,1482,1595,1483,-1,1423,1422,1596,-1,1420,1419,1597,-1,1597,1419,1409,-1,1597,1409,1598,-1,1598,1409,1408,-1,1598,1408,1410,-1,1596,1422,1597,-1,1597,1422,1421,-1,1597,1421,1420,-1,1599,1380,1600,-1,1600,1380,1379,-1,1600,1379,1596,-1,1596,1379,1381,-1,1596,1381,1423,-1,1414,1413,1599,-1,1599,1413,1386,-1,1599,1386,1380,-1,1601,1417,1602,-1,1602,1417,1416,-1,1602,1416,1599,-1,1599,1416,1415,-1,1599,1415,1414,-1,709,1357,1337,-1,1337,1357,1356,-1,1337,1356,1601,-1,1601,1356,1418,-1,1601,1418,1417,-1,1603,1354,1347,-1,1603,1347,1604,-1,1604,1347,1346,-1,1604,1346,1605,-1,1606,1350,1352,-1,1603,1607,1354,-1,1354,1607,1606,-1,1354,1606,1353,-1,1353,1606,1352,-1,56,1339,865,-1,824,56,832,-1,832,56,865,-1,832,865,833,-1,1606,1294,865,-1,1339,1341,865,-1,865,1341,1342,-1,865,1342,1606,-1,1606,1342,1344,-1,1606,1344,1350,-1,55,191,1355,-1,1355,671,55,-1,55,671,1492,-1,55,1492,1338,-1,1351,1349,1608,-1,1351,1608,1345,-1,1609,1605,1608,-1,1608,1605,1346,-1,1608,1346,1345,-1,1349,1348,1608,-1,1608,1348,1343,-1,1608,1343,1492,-1,1492,1343,1340,-1,1492,1340,1338,-1,1610,1611,1612,-1,1612,1613,1614,-1,1610,1612,1615,-1,1615,1612,1614,-1,1615,1614,1616,-1,1617,1616,1614,-1,1617,1614,1618,-1,1614,1613,1619,-1,1618,1614,1620,-1,1620,1614,1619,-1,1620,1619,1621,-1,1620,1621,1622,-1,1623,1624,1625,-1,1625,1624,1626,-1,1625,1626,1622,-1,1622,1626,1627,-1,1622,1627,1620,-1,1620,1627,1618,-1,1628,1629,1630,-1,1631,1632,1628,-1,1628,1630,1631,-1,1631,1630,1624,-1,1631,1624,1623,-1,1632,1633,1634,-1,1632,1634,1628,-1,1628,1634,1635,-1,1628,1635,1629,-1,1636,1635,1634,-1,1636,1634,1637,-1,1637,1634,1633,-1,1637,1633,1638,-1,1639,1636,1637,-1,1639,1637,1640,-1,1640,1637,1638,-1,1640,1638,1641,-1,1640,1641,1642,-1,1643,1639,1640,-1,1640,1642,1643,-1,1643,1642,1644,-1,1643,1644,1645,-1,1645,1644,1646,-1,1646,1647,1648,-1,1645,1646,1649,-1,1649,1646,1648,-1,1649,1648,1650,-1,1651,1652,1653,-1,1654,1650,1648,-1,1653,1655,1654,-1,1654,1648,1653,-1,1653,1648,1647,-1,1653,1647,1651,-1,1653,1652,1656,-1,1657,1655,1653,-1,1653,1656,1657,-1,1657,1656,1658,-1,1657,1658,1659,-1,1660,1661,1662,-1,1662,1663,1664,-1,1660,1662,1665,-1,1665,1662,1664,-1,1665,1664,1666,-1,1667,1666,1664,-1,1667,1664,1668,-1,1664,1663,1669,-1,1668,1664,1670,-1,1670,1664,1669,-1,1670,1669,1671,-1,1670,1671,1672,-1,1673,1668,1670,-1,1670,1672,1673,-1,1673,1672,1674,-1,1673,1674,1675,-1,1676,1677,1678,-1,1679,1680,1676,-1,1676,1678,1679,-1,1679,1678,1675,-1,1679,1675,1674,-1,1680,1681,1682,-1,1680,1682,1676,-1,1676,1682,1683,-1,1676,1683,1677,-1,1681,1684,1685,-1,1681,1685,1682,-1,1682,1685,1686,-1,1682,1686,1683,-1,1687,1686,1685,-1,1687,1685,1688,-1,1688,1685,1684,-1,1688,1684,1689,-1,1688,1689,1690,-1,1691,1687,1688,-1,1688,1690,1691,-1,1691,1690,1692,-1,1691,1692,1693,-1,1694,1695,1696,-1,1693,1692,1697,-1,1698,1694,1697,-1,1697,1694,1696,-1,1697,1696,1693,-1,1699,1700,1701,-1,1702,1695,1694,-1,1701,1703,1702,-1,1702,1694,1701,-1,1701,1694,1698,-1,1701,1698,1699,-1,1701,1700,1704,-1,1705,1703,1701,-1,1701,1704,1705,-1,1705,1704,1706,-1,1705,1706,1707,-1,1708,1709,1710,-1,1711,1712,1713,-1,1713,1712,1714,-1,1715,1716,1710,-1,1714,1717,1713,-1,1713,1717,1718,-1,1713,1718,1719,-1,1720,1721,1722,-1,1722,1721,1711,-1,1722,1711,1723,-1,1716,1724,1710,-1,1710,1724,1725,-1,1710,1725,1708,-1,1726,1727,1728,-1,1728,1727,1729,-1,1728,1729,1730,-1,1731,1732,1733,-1,1733,1734,1731,-1,1731,1734,1735,-1,1731,1735,1736,-1,1736,1735,1737,-1,1732,1731,1710,-1,1710,1731,1738,-1,1710,1738,1715,-1,1713,1710,1711,-1,1711,1710,1709,-1,1711,1709,1723,-1,1723,1709,1728,-1,1723,1728,1739,-1,1739,1728,1730,-1,1740,1741,1742,-1,1743,1744,1718,-1,1718,1744,1745,-1,1745,1746,1718,-1,1718,1746,1747,-1,1718,1747,1748,-1,1748,1749,1718,-1,1718,1749,1750,-1,1718,1750,1719,-1,1720,1722,1742,-1,1742,1722,1751,-1,1742,1751,1740,-1,1752,1753,1754,-1,1754,1753,1755,-1,1754,1755,1756,-1,1756,1755,1757,-1,1756,1757,1758,-1,1759,1760,1754,-1,1758,1761,1756,-1,1756,1761,1762,-1,1756,1762,1763,-1,1764,1765,1766,-1,1767,1768,1769,-1,1769,1768,1755,-1,1769,1755,1764,-1,1764,1755,1753,-1,1764,1753,1765,-1,1760,1770,1754,-1,1754,1770,1771,-1,1754,1771,1752,-1,1772,1773,1774,-1,1774,1775,1772,-1,1772,1775,1776,-1,1772,1776,1777,-1,1777,1776,1778,-1,1773,1772,1754,-1,1754,1772,1779,-1,1754,1779,1759,-1,1766,1780,1781,-1,1782,1783,1784,-1,1785,1786,1762,-1,1762,1786,1787,-1,1787,1788,1762,-1,1762,1788,1789,-1,1762,1789,1790,-1,1790,1791,1762,-1,1762,1791,1792,-1,1762,1792,1763,-1,1781,1793,1766,-1,1766,1793,1794,-1,1766,1794,1764,-1,1767,1769,1784,-1,1784,1769,1795,-1,1784,1795,1782,-1,1399,697,1493,-1,1396,1366,1796,-1,1796,1366,1365,-1,1796,1365,1493,-1,1493,1365,1797,-1,1493,1797,1399,-1,1389,1391,1798,-1,1798,1391,1392,-1,1798,1392,1796,-1,1796,1392,1799,-1,1796,1799,1396,-1,1800,1384,1801,-1,1801,1384,1802,-1,1802,1382,1801,-1,1801,1382,1385,-1,1801,1385,1798,-1,1798,1385,1803,-1,1798,1803,1389,-1,1372,1377,1800,-1,1800,1377,1804,-1,1800,1804,1384,-1,1412,1401,1805,-1,1805,1401,1400,-1,1805,1400,1800,-1,1800,1400,1806,-1,1800,1806,1372,-1,1807,1808,1368,-1,1368,1371,1807,-1,1807,1371,1370,-1,1807,1370,1805,-1,1805,1370,1809,-1,1805,1809,1412,-1,1810,1410,1411,-1,1411,1361,1811,-1,1811,1361,1360,-1,1811,1360,1368,-1,1411,1811,1810,-1,1810,1811,1812,-1,1810,1812,1813,-1,1813,1812,1814,-1,1813,1814,1815,-1,1815,1814,1816,-1,1815,1816,1817,-1,1817,1816,1818,-1,1817,1818,1819,-1,1819,1818,1820,-1,1819,1820,1821,-1,1822,1823,1824,-1,1822,1824,1825,-1,1825,1824,1821,-1,1825,1821,1820,-1,1823,1822,1826,-1,1463,1462,1827,-1,1827,1462,1467,-1,1827,1467,1468,-1,1823,1826,1828,-1,1828,1826,1829,-1,1828,1829,1830,-1,1830,1829,1831,-1,1830,1831,1832,-1,1832,1831,1833,-1,1832,1833,1834,-1,1834,1833,1827,-1,1834,1827,1835,-1,1835,1827,1468,-1,1835,1468,1483,-1,1836,1469,1837,-1,1837,1469,1464,-1,1837,1464,1463,-1,1838,1459,1836,-1,1836,1459,1839,-1,1836,1839,1469,-1,1840,1838,1455,-1,1455,1838,1457,-1,1840,1488,1838,-1,1838,1488,1460,-1,1838,1460,1459,-1,1841,1443,1842,-1,1842,1443,1451,-1,1842,1451,1838,-1,1838,1451,1843,-1,1838,1843,1457,-1,1841,1842,1447,-1,1447,1842,1844,-1,1447,1844,1845,-1,1846,1438,1844,-1,1844,1438,1436,-1,1844,1436,1845,-1,1431,1433,1847,-1,1847,1433,1848,-1,1847,1848,1846,-1,1846,1848,1440,-1,1846,1440,1438,-1,678,1426,1492,-1,1492,1426,1849,-1,1492,1849,1847,-1,1847,1849,1429,-1,1847,1429,1431,-1,1499,1500,1850,-1,1796,1851,1798,-1,1798,1851,1852,-1,1798,1852,1801,-1,1801,1852,1853,-1,1801,1853,1800,-1,1800,1853,1854,-1,1800,1854,1805,-1,1805,1854,1855,-1,1805,1855,1807,-1,1807,1855,1856,-1,1807,1856,1808,-1,1493,1499,1796,-1,1796,1499,1850,-1,1796,1850,1851,-1,1494,1337,1601,-1,1857,1495,1494,-1,1494,1601,1857,-1,1857,1601,1602,-1,1857,1602,1858,-1,1858,1602,1599,-1,1858,1599,1859,-1,1859,1599,1600,-1,1859,1600,1860,-1,1860,1600,1596,-1,1860,1596,1861,-1,1861,1596,1597,-1,1861,1597,1862,-1,1862,1597,1598,-1,1862,1598,1863,-1,1497,1496,1495,-1,1864,1865,1866,-1,1866,1865,1867,-1,1866,1867,1868,-1,1868,1867,1869,-1,1868,1869,1863,-1,1863,1869,1856,-1,1863,1856,1862,-1,1862,1856,1855,-1,1862,1855,1861,-1,1861,1855,1854,-1,1861,1854,1860,-1,1860,1854,1853,-1,1860,1853,1859,-1,1859,1853,1852,-1,1859,1852,1858,-1,1858,1852,1851,-1,1858,1851,1857,-1,1857,1851,1850,-1,1857,1850,1495,-1,1495,1850,1500,-1,1495,1500,1497,-1,1497,1500,1498,-1,1870,1871,1872,-1,1872,1873,1870,-1,1870,1873,1865,-1,1870,1865,1864,-1,1874,1872,1871,-1,1875,1876,1877,-1,1878,1879,1880,-1,1880,1879,1881,-1,1880,1881,1882,-1,1871,1883,1874,-1,1874,1883,1875,-1,1874,1875,1880,-1,1880,1875,1877,-1,1880,1877,1878,-1,1606,1607,1884,-1,1590,1294,1606,-1,1606,1884,1590,-1,1590,1884,1885,-1,1590,1885,1589,-1,1589,1885,1886,-1,1589,1886,1592,-1,1592,1886,1887,-1,1592,1887,1591,-1,1591,1887,1888,-1,1591,1888,1593,-1,1593,1888,1889,-1,1593,1889,1594,-1,1594,1889,1890,-1,1594,1890,1595,-1,1891,1892,1893,-1,1891,1893,1894,-1,1894,1893,1707,-1,1894,1707,1706,-1,1659,1658,1895,-1,1659,1895,1896,-1,1896,1895,1897,-1,1896,1897,1898,-1,1585,1584,1899,-1,1513,1512,1900,-1,1512,1510,1900,-1,1900,1510,1536,-1,1900,1536,1537,-1,1531,1901,1532,-1,1532,1901,1900,-1,1532,1900,1533,-1,1533,1900,1537,-1,1531,1544,1901,-1,1901,1544,1535,-1,1901,1535,1534,-1,1503,1504,1511,-1,1511,1504,1525,-1,1511,1525,1534,-1,1525,1523,1534,-1,1534,1523,1522,-1,1534,1522,1524,-1,1902,1901,1551,-1,1515,1514,1901,-1,1524,1527,1534,-1,1534,1527,1526,-1,1534,1526,1901,-1,1901,1526,1516,-1,1901,1516,1515,-1,1585,1899,1561,-1,1902,1551,1899,-1,1899,1551,1562,-1,1899,1562,1561,-1,1584,1582,1899,-1,1899,1582,1581,-1,1899,1581,1903,-1,1581,1583,1903,-1,1903,1583,1577,-1,1903,1577,1576,-1,1547,1548,1560,-1,1560,1548,1557,-1,1557,1556,1560,-1,1560,1556,1555,-1,1560,1555,1568,-1,1568,1564,1560,-1,1560,1564,1903,-1,1560,1903,1575,-1,1575,1903,1576,-1,1564,1563,1903,-1,1903,1563,1565,-1,1903,1565,1566,-1,1566,1567,1903,-1,1903,1567,1554,-1,1903,1554,1553,-1,1549,1904,1550,-1,1550,1904,1903,-1,1550,1903,1552,-1,1552,1903,1553,-1,1572,1571,1595,-1,1549,1558,1904,-1,1904,1558,1574,-1,1904,1574,1595,-1,1595,1574,1573,-1,1595,1573,1572,-1,1579,1505,1580,-1,1580,1505,1517,-1,1580,1517,1559,-1,1579,1578,1505,-1,1505,1578,1588,-1,1505,1588,1587,-1,1514,1509,1901,-1,1901,1509,1508,-1,1901,1508,1551,-1,1551,1508,1507,-1,1551,1507,1545,-1,1545,1507,1506,-1,1545,1506,1546,-1,1546,1506,1505,-1,1546,1505,1586,-1,1586,1505,1587,-1,1571,1570,1595,-1,1595,1570,1569,-1,1595,1569,1559,-1,1835,1483,1595,-1,1830,1832,1595,-1,1595,1832,1834,-1,1595,1834,1835,-1,1823,1828,1528,-1,1823,1528,1824,-1,1828,1830,1528,-1,1528,1830,1595,-1,1528,1595,1529,-1,1529,1595,1559,-1,1529,1559,1530,-1,1530,1559,1517,-1,1540,1542,1598,-1,1817,1819,1540,-1,1410,1810,1598,-1,1598,1810,1813,-1,1598,1813,1540,-1,1540,1813,1815,-1,1540,1815,1817,-1,1528,1521,1824,-1,1824,1521,1520,-1,1824,1520,1821,-1,1821,1520,1519,-1,1821,1519,1819,-1,1819,1519,1518,-1,1819,1518,1540,-1,1542,1543,1598,-1,1598,1543,1541,-1,1598,1541,1905,-1,1905,1541,1539,-1,1539,1538,1905,-1,1905,1538,1502,-1,1905,1502,1900,-1,1900,1502,1501,-1,1900,1501,1513,-1,1906,1907,1908,-1,1908,1909,1906,-1,1906,1909,1910,-1,1906,1910,1911,-1,1604,1605,1609,-1,1912,1913,1914,-1,1914,1913,1915,-1,1914,1915,1916,-1,1916,1915,1917,-1,1916,1917,1918,-1,1918,1917,1890,-1,1918,1890,1919,-1,1919,1890,1889,-1,1919,1889,1920,-1,1920,1889,1888,-1,1920,1888,1921,-1,1921,1888,1887,-1,1921,1887,1922,-1,1922,1887,1886,-1,1922,1886,1923,-1,1923,1886,1885,-1,1923,1885,1924,-1,1924,1885,1884,-1,1924,1884,1609,-1,1609,1884,1607,-1,1609,1607,1604,-1,1604,1607,1603,-1,1925,1926,1927,-1,1925,1927,1928,-1,1928,1927,1913,-1,1928,1913,1912,-1,1837,1918,1919,-1,1924,1609,1608,-1,1837,1919,1836,-1,1836,1919,1920,-1,1836,1920,1838,-1,1838,1920,1921,-1,1838,1921,1842,-1,1842,1921,1922,-1,1842,1922,1844,-1,1844,1922,1923,-1,1844,1923,1846,-1,1846,1923,1924,-1,1846,1924,1847,-1,1847,1924,1608,-1,1847,1608,1492,-1,1926,1925,1929,-1,1930,1931,1932,-1,1932,1933,1930,-1,1930,1933,1934,-1,1930,1934,1935,-1,1926,1929,1936,-1,1936,1929,1930,-1,1936,1930,1937,-1,1937,1930,1935,-1,1937,1935,1938,-1,1939,1940,1941,-1,1941,1940,1942,-1,1941,1942,1943,-1,1944,1945,1946,-1,1946,1945,1947,-1,1946,1947,1948,-1,1948,1947,1949,-1,1948,1949,1950,-1,1950,1949,1951,-1,1950,1951,1952,-1,1952,1951,1953,-1,1952,1953,1939,-1,1939,1953,1954,-1,1939,1954,1940,-1,1955,1956,1944,-1,1944,1956,1957,-1,1944,1957,1945,-1,1944,1958,1955,-1,1955,1958,1959,-1,1955,1959,1960,-1,1960,1959,1961,-1,1960,1961,1962,-1,1962,1961,1963,-1,1963,1961,1964,-1,1963,1964,1965,-1,1965,1964,1966,-1,1966,1964,1967,-1,1966,1967,1968,-1,1969,1970,1971,-1,1971,1970,1972,-1,1973,1974,1971,-1,1971,1974,1975,-1,1971,1975,1969,-1,1974,1976,1975,-1,1975,1976,1977,-1,1975,1977,1978,-1,1978,1977,1979,-1,1980,1981,1982,-1,1982,1981,1983,-1,1982,1983,1979,-1,1979,1983,1984,-1,1979,1984,1978,-1,1973,1971,1985,-1,1985,1971,1972,-1,1985,1972,1986,-1,1986,1972,1987,-1,1986,1987,1988,-1,1988,1987,1989,-1,1989,1987,1990,-1,1989,1990,1991,-1,1991,1990,1992,-1,1991,1992,1993,-1,1993,1992,1994,-1,1993,1994,1995,-1,1995,1994,1996,-1,1995,1996,1997,-1,1997,1996,1998,-1,1997,1998,1999,-1,1999,1998,2000,-1,2000,1998,2001,-1,2000,2001,2002,-1,1941,2003,1939,-1,1939,2003,2004,-1,1939,2004,1952,-1,1952,2004,2005,-1,1952,2005,1950,-1,1950,2005,2006,-1,1950,2006,1948,-1,2006,2002,1948,-1,1948,2002,2001,-1,1948,2001,1946,-1,1946,2001,1998,-1,1946,1998,1944,-1,1944,1998,1996,-1,1944,1996,1958,-1,1958,1996,1994,-1,1958,1994,1959,-1,1959,1994,1992,-1,1959,1992,1961,-1,1961,1992,1990,-1,1961,1990,1964,-1,1964,1990,1987,-1,1964,1987,1967,-1,1967,1987,1972,-1,1967,1972,1968,-1,1968,1972,1970,-1,1981,1980,2007,-1,2007,1980,2008,-1,2007,2008,2009,-1,2009,2008,2010,-1,2009,2010,2011,-1,2011,2010,2012,-1,2011,2012,1898,-1,1898,2012,2013,-1,1898,2013,1896,-1,1896,2013,2014,-1,1896,2014,1659,-1,1659,2014,1610,-1,1659,1610,1657,-1,1657,1610,1615,-1,1657,1615,1655,-1,1655,1615,1616,-1,1655,1616,1654,-1,1654,1616,1617,-1,1654,1617,1650,-1,1650,1617,1618,-1,1650,1618,1649,-1,1635,1636,1629,-1,1629,1636,1639,-1,1629,1639,1630,-1,1630,1639,1643,-1,1630,1643,1624,-1,1624,1643,1645,-1,1624,1645,1626,-1,1626,1645,1649,-1,1626,1649,1627,-1,1627,1649,1618,-1,2013,2015,2016,-1,2013,2016,2014,-1,2014,2016,1611,-1,2014,1611,1610,-1,1638,1633,1641,-1,1641,1633,1632,-1,1641,1632,1642,-1,1642,1632,1631,-1,1642,1631,1644,-1,1644,1631,1623,-1,1644,1623,1646,-1,1646,1623,1625,-1,1646,1625,1647,-1,2017,2018,2019,-1,2019,2018,2020,-1,2019,2020,2021,-1,2021,2020,2022,-1,2021,2022,2023,-1,2023,2022,2024,-1,2023,2024,2015,-1,2015,2024,1897,-1,2015,1897,2016,-1,2016,1897,1895,-1,2016,1895,1611,-1,1611,1895,1658,-1,1611,1658,1612,-1,1612,1658,1656,-1,1612,1656,1613,-1,1613,1656,1652,-1,1613,1652,1619,-1,1619,1652,1651,-1,1619,1651,1621,-1,1621,1651,1647,-1,1621,1647,1622,-1,1622,1647,1625,-1,2025,2026,2027,-1,2028,2029,2030,-1,2028,2030,2031,-1,2032,2033,2034,-1,2030,2033,2031,-1,2031,2033,2032,-1,2031,2032,2035,-1,2035,2032,2036,-1,2035,2036,2037,-1,2037,2036,2038,-1,2037,2038,2039,-1,2039,2038,2040,-1,2039,2040,2041,-1,2041,2040,2042,-1,2041,2042,2043,-1,2044,2045,2042,-1,2042,2045,2046,-1,2042,2046,2043,-1,2047,2048,2049,-1,2049,2048,2050,-1,2049,2050,2051,-1,2051,2050,2052,-1,2051,2052,2053,-1,2053,2052,2044,-1,2053,2044,2054,-1,2054,2044,2042,-1,2055,2056,2047,-1,2047,2056,2057,-1,2057,2058,2047,-1,2047,2058,2059,-1,2047,2059,2048,-1,2060,2061,2062,-1,2063,2064,2062,-1,2062,2064,2065,-1,2062,2065,2060,-1,2066,2067,2068,-1,2068,2067,2065,-1,2065,2067,2069,-1,2065,2069,2060,-1,2068,2070,2066,-1,2066,2070,2018,-1,2066,2018,2017,-1,2061,2025,2062,-1,2062,2025,2027,-1,2062,2027,2063,-1,2063,2027,2071,-1,2071,2027,2072,-1,2072,2027,2073,-1,2072,2073,2074,-1,2074,2073,2075,-1,2074,2075,2076,-1,2076,2075,2077,-1,2076,2077,2078,-1,2078,2077,2079,-1,2078,2079,2080,-1,2080,2079,2081,-1,2080,2081,2082,-1,2082,2081,2083,-1,2083,2081,2084,-1,2083,2084,2085,-1,2085,2084,2086,-1,2085,2086,2087,-1,2034,2088,2032,-1,2032,2088,2089,-1,2032,2089,2036,-1,2036,2089,2090,-1,2036,2090,2038,-1,2038,2090,2091,-1,2038,2091,2040,-1,2026,2056,2027,-1,2027,2056,2055,-1,2027,2055,2073,-1,2073,2055,2047,-1,2073,2047,2075,-1,2075,2047,2049,-1,2075,2049,2077,-1,2077,2049,2051,-1,2077,2051,2079,-1,2079,2051,2053,-1,2079,2053,2081,-1,2081,2053,2054,-1,2081,2054,2084,-1,2084,2054,2042,-1,2084,2042,2086,-1,2086,2042,2040,-1,2086,2040,2087,-1,2087,2040,2091,-1,2092,2093,2094,-1,2094,2093,2095,-1,2094,2095,2096,-1,2097,2098,2099,-1,2099,2098,2100,-1,2099,2100,2101,-1,2101,2100,2102,-1,2101,2102,2103,-1,2103,2102,2104,-1,2103,2104,2105,-1,2105,2104,2106,-1,2105,2106,2092,-1,2092,2106,2107,-1,2092,2107,2093,-1,2108,2109,2097,-1,2097,2109,2110,-1,2097,2110,2098,-1,2097,2111,2108,-1,2108,2111,2112,-1,2108,2112,2113,-1,2113,2112,2114,-1,2113,2114,2115,-1,2115,2114,2116,-1,2116,2114,2117,-1,2116,2117,2118,-1,2118,2117,2119,-1,2119,2117,2120,-1,2119,2120,2121,-1,2122,2123,2124,-1,2124,2123,2125,-1,2126,2127,2124,-1,2124,2127,2128,-1,2124,2128,2122,-1,2127,2129,2128,-1,2128,2129,2130,-1,2128,2130,2131,-1,2131,2130,2132,-1,2133,2134,2135,-1,2135,2134,2136,-1,2135,2136,2132,-1,2132,2136,2137,-1,2132,2137,2131,-1,2126,2124,2138,-1,2138,2124,2125,-1,2138,2125,2139,-1,2139,2125,2140,-1,2139,2140,2141,-1,2141,2140,2142,-1,2142,2140,2143,-1,2142,2143,2144,-1,2144,2143,2145,-1,2144,2145,2146,-1,2146,2145,2147,-1,2146,2147,2148,-1,2148,2147,2149,-1,2148,2149,2150,-1,2150,2149,2151,-1,2150,2151,2152,-1,2152,2151,2153,-1,2153,2151,2154,-1,2153,2154,2155,-1,2094,2156,2092,-1,2092,2156,2157,-1,2092,2157,2105,-1,2105,2157,2158,-1,2105,2158,2103,-1,2103,2158,2159,-1,2103,2159,2101,-1,2159,2155,2101,-1,2101,2155,2154,-1,2101,2154,2099,-1,2099,2154,2151,-1,2099,2151,2097,-1,2097,2151,2149,-1,2097,2149,2111,-1,2111,2149,2147,-1,2111,2147,2112,-1,2112,2147,2145,-1,2112,2145,2114,-1,2114,2145,2143,-1,2114,2143,2117,-1,2117,2143,2140,-1,2117,2140,2120,-1,2120,2140,2125,-1,2120,2125,2121,-1,2121,2125,2123,-1,1683,1686,1677,-1,1677,1686,1687,-1,1677,1687,1678,-1,1678,1687,1691,-1,1678,1691,1675,-1,1675,1691,1693,-1,1675,1693,1673,-1,1673,1693,1696,-1,1673,1696,1668,-1,1668,1696,1695,-1,1668,1695,1667,-1,1667,1695,1702,-1,1667,1702,1666,-1,1666,1702,1703,-1,1666,1703,1665,-1,1665,1703,1705,-1,1665,1705,1660,-1,1660,1705,1707,-1,1660,1707,2160,-1,2160,1707,1893,-1,2160,1893,2161,-1,2161,1893,1892,-1,2161,1892,2162,-1,2162,1892,2163,-1,2162,2163,2164,-1,2164,2163,2165,-1,2164,2165,2166,-1,2166,2165,2167,-1,2166,2167,2133,-1,2133,2167,2134,-1,1661,1660,2160,-1,1661,2160,2168,-1,2168,2160,2161,-1,2168,2161,2169,-1,2170,2171,2172,-1,2172,2171,2173,-1,2172,2173,2174,-1,2174,2173,2175,-1,2174,2175,2176,-1,2176,2175,2177,-1,2176,2177,2169,-1,2169,2177,1891,-1,2169,1891,2168,-1,2168,1891,1894,-1,2168,1894,1661,-1,1661,1894,1706,-1,1661,1706,1662,-1,1662,1706,1704,-1,1662,1704,1663,-1,1663,1704,1700,-1,1663,1700,1669,-1,1669,1700,1699,-1,1669,1699,1671,-1,1671,1699,1698,-1,1671,1698,1672,-1,1672,1698,1697,-1,1672,1697,1674,-1,1674,1697,1692,-1,1674,1692,1679,-1,1679,1692,1690,-1,1679,1690,1680,-1,1680,1690,1689,-1,1680,1689,1681,-1,1681,1689,1684,-1,2178,2179,2180,-1,2181,2182,2183,-1,2181,2183,2184,-1,2185,2186,2187,-1,2183,2186,2184,-1,2184,2186,2185,-1,2184,2185,2188,-1,2188,2185,2189,-1,2188,2189,2190,-1,2190,2189,2191,-1,2190,2191,2192,-1,2192,2191,2193,-1,2192,2193,2194,-1,2194,2193,2195,-1,2194,2195,2196,-1,2197,2198,2195,-1,2195,2198,2199,-1,2195,2199,2196,-1,2195,2200,2197,-1,2197,2200,2201,-1,2197,2201,2202,-1,2202,2201,2203,-1,2202,2203,2204,-1,2204,2203,2205,-1,2204,2205,2206,-1,2206,2205,2207,-1,2207,2205,2208,-1,2207,2208,2209,-1,2209,2208,2210,-1,2209,2210,2211,-1,2212,2213,2214,-1,2215,2216,2214,-1,2214,2216,2217,-1,2214,2217,2212,-1,2218,2219,2220,-1,2220,2219,2217,-1,2217,2219,2221,-1,2217,2221,2212,-1,2220,2222,2218,-1,2218,2222,2171,-1,2218,2171,2170,-1,2213,2178,2214,-1,2214,2178,2180,-1,2214,2180,2215,-1,2215,2180,2223,-1,2223,2180,2224,-1,2224,2180,2225,-1,2224,2225,2226,-1,2226,2225,2227,-1,2226,2227,2228,-1,2228,2227,2229,-1,2228,2229,2230,-1,2230,2229,2231,-1,2230,2231,2232,-1,2232,2231,2233,-1,2232,2233,2234,-1,2234,2233,2235,-1,2235,2233,2236,-1,2235,2236,2237,-1,2237,2236,2238,-1,2237,2238,2239,-1,2187,2240,2185,-1,2185,2240,2241,-1,2185,2241,2189,-1,2189,2241,2242,-1,2189,2242,2191,-1,2191,2242,2243,-1,2191,2243,2193,-1,2179,2211,2180,-1,2180,2211,2210,-1,2180,2210,2225,-1,2225,2210,2208,-1,2225,2208,2227,-1,2227,2208,2205,-1,2227,2205,2229,-1,2229,2205,2203,-1,2229,2203,2231,-1,2231,2203,2201,-1,2231,2201,2233,-1,2233,2201,2200,-1,2233,2200,2236,-1,2236,2200,2195,-1,2236,2195,2238,-1,2238,2195,2193,-1,2238,2193,2239,-1,2239,2193,2243,-1,2244,1901,1902,-1,2244,1902,2245,-1,2245,1902,1899,-1,2245,1899,2246,-1,1771,1770,2247,-1,1770,1760,2247,-1,2247,1760,1759,-1,2247,1759,1779,-1,1779,1772,2247,-1,2247,1772,1777,-1,2247,1777,1778,-1,1775,1763,1776,-1,1776,1763,1778,-1,1754,1756,1773,-1,1773,1756,1763,-1,1773,1763,1774,-1,1774,1763,1775,-1,1791,1790,2247,-1,1778,1763,2247,-1,2247,1763,1792,-1,2247,1792,1791,-1,1790,1789,2247,-1,2247,1789,1788,-1,2247,1788,2246,-1,1749,1748,2244,-1,1788,1787,2246,-1,2246,1787,1786,-1,2246,1786,1785,-1,2245,2246,1725,-1,2245,1725,2244,-1,1725,1724,2244,-1,2244,1724,1716,-1,2244,1716,1715,-1,1715,1738,2244,-1,2244,1738,1731,-1,2244,1731,1736,-1,1736,1737,1719,-1,1719,1737,1735,-1,1719,1735,1734,-1,1710,1713,1732,-1,1732,1713,1719,-1,1732,1719,1733,-1,1733,1719,1734,-1,1736,1719,2244,-1,2244,1719,1750,-1,2244,1750,1749,-1,1748,1747,2244,-1,2244,1747,1746,-1,2244,1746,2248,-1,2248,1746,1745,-1,2248,1745,1744,-1,1744,1743,2248,-1,2248,1743,1718,-1,2248,1718,1717,-1,1711,2249,1712,-1,1712,2249,2248,-1,1712,2248,1714,-1,1714,2248,1717,-1,1794,1793,1837,-1,1811,1368,1808,-1,1742,1808,1720,-1,1720,1808,2249,-1,1720,2249,1721,-1,1721,2249,1711,-1,1742,1741,1808,-1,1808,1741,1740,-1,1808,1740,1751,-1,1818,1751,1722,-1,1818,1722,1820,-1,1820,1722,1723,-1,1820,1723,1825,-1,1818,1816,1751,-1,1751,1816,1814,-1,1751,1814,1808,-1,1808,1814,1812,-1,1808,1812,1811,-1,1723,1739,1825,-1,1825,1739,1730,-1,1825,1730,1822,-1,1463,1827,1837,-1,1837,1827,1833,-1,1837,1833,1831,-1,1726,1837,1727,-1,1727,1837,1831,-1,1727,1831,1729,-1,1729,1831,1829,-1,1729,1829,1730,-1,1730,1829,1826,-1,1730,1826,1822,-1,1783,1782,1726,-1,1783,1726,1784,-1,1785,1762,2246,-1,2246,1762,1761,-1,2246,1761,1725,-1,1725,1761,1758,-1,1725,1758,1708,-1,1708,1758,1757,-1,1708,1757,1709,-1,1709,1757,1755,-1,1709,1755,1728,-1,1728,1755,1768,-1,1728,1768,1726,-1,1726,1768,1767,-1,1726,1767,1784,-1,1782,1795,1726,-1,1726,1795,1769,-1,1726,1769,1837,-1,1837,1769,1764,-1,1837,1764,1794,-1,1793,1781,1837,-1,1837,1781,1780,-1,1837,1780,2250,-1,2250,1780,1766,-1,1766,1765,2250,-1,2250,1765,1753,-1,2250,1753,2247,-1,2247,1753,1752,-1,2247,1752,1771,-1,2251,2252,2253,-1,2251,2253,2254,-1,2254,2253,2255,-1,2254,2255,2256,-1,1873,1872,2249,-1,2249,1872,1874,-1,2249,1874,2248,-1,2248,1874,1880,-1,2248,1880,1882,-1,1865,1873,1867,-1,1867,1873,2249,-1,1867,2249,1869,-1,1869,2249,1808,-1,1869,1808,1856,-1,1900,1876,1875,-1,1900,1875,1905,-1,1875,1883,1905,-1,1905,1883,1871,-1,1905,1871,1870,-1,1863,1598,1868,-1,1868,1598,1905,-1,1868,1905,1866,-1,1866,1905,1870,-1,1866,1870,1864,-1,2257,2258,2259,-1,2260,2261,2262,-1,2263,1878,1877,-1,2264,2265,2266,-1,2265,2264,2267,-1,2268,2269,2270,-1,2271,2272,2267,-1,2273,2274,2275,-1,2273,2275,2276,-1,2277,2278,2279,-1,2279,2278,2280,-1,2279,2280,2281,-1,2271,2267,2282,-1,2283,2284,2285,-1,2285,2284,2282,-1,2285,2282,2286,-1,2287,2288,2289,-1,2289,2288,2290,-1,2289,2290,2285,-1,2285,2290,2291,-1,2285,2291,2283,-1,2292,2293,2294,-1,2294,2293,2295,-1,2294,2295,2296,-1,2297,2298,2292,-1,2292,2298,2299,-1,2292,2299,2293,-1,2293,2299,2300,-1,2293,2300,2301,-1,2301,2300,2302,-1,2301,2302,2303,-1,2303,2302,2304,-1,2303,2304,2305,-1,2305,2304,2306,-1,2305,2306,2290,-1,2290,2306,2307,-1,2290,2307,2291,-1,2294,2308,2292,-1,2292,2308,2309,-1,2292,2309,2297,-1,2310,2311,2309,-1,2309,2311,2312,-1,2309,2312,2297,-1,2269,2313,2270,-1,2270,2313,2314,-1,2270,2314,2315,-1,2316,2317,2318,-1,2318,2319,2316,-1,2316,2319,2320,-1,2316,2320,2321,-1,2321,2320,2322,-1,2321,2322,2323,-1,2323,2322,2324,-1,2325,2326,2327,-1,2327,2326,2328,-1,2320,2329,2322,-1,2322,2329,2327,-1,2322,2327,2324,-1,2324,2327,2328,-1,2324,2328,2330,-1,2314,2331,2315,-1,2315,2331,2332,-1,2315,2332,2270,-1,2270,2332,2333,-1,2270,2333,2268,-1,2268,2333,2334,-1,2274,1882,2275,-1,2275,1882,1881,-1,2275,1881,2335,-1,2335,1881,1879,-1,2335,1879,1878,-1,1878,2263,2335,-1,2335,2263,2336,-1,2335,2336,2275,-1,2275,2336,2337,-1,2275,2337,2276,-1,2261,2325,2262,-1,2262,2325,2327,-1,2262,2327,2331,-1,2331,2327,2329,-1,2331,2329,2332,-1,2332,2329,2320,-1,2332,2320,2333,-1,2333,2320,2319,-1,2333,2319,2334,-1,2334,2319,2318,-1,2296,2260,2294,-1,2294,2260,2262,-1,2294,2262,2308,-1,2308,2262,2331,-1,2308,2331,2309,-1,2309,2331,2314,-1,2309,2314,2310,-1,2310,2314,2313,-1,2338,2339,2266,-1,2266,2339,2340,-1,2266,2340,2341,-1,2282,2267,2286,-1,2286,2267,2264,-1,2286,2264,2285,-1,2285,2264,2266,-1,2285,2266,2289,-1,2289,2266,2341,-1,2289,2341,2287,-1,2258,2338,2259,-1,2259,2338,2266,-1,2259,2266,2342,-1,2342,2266,2265,-1,2342,2265,2280,-1,2280,2265,2267,-1,2280,2267,2281,-1,2281,2267,2272,-1,1876,2257,1877,-1,1877,2257,2259,-1,1877,2259,2263,-1,2263,2259,2342,-1,2263,2342,2336,-1,2336,2342,2280,-1,2336,2280,2337,-1,2337,2280,2278,-1,2337,2278,2276,-1,2276,2278,2277,-1,2343,2344,2345,-1,2346,2347,2343,-1,2343,2345,2346,-1,2346,2345,2348,-1,2346,2348,2349,-1,2350,2351,2352,-1,2350,2347,2346,-1,2351,2350,2353,-1,2353,2350,2346,-1,2353,2346,2349,-1,2350,2352,2354,-1,2350,2354,2347,-1,2354,2355,2356,-1,2347,2354,2343,-1,2343,2354,2356,-1,2343,2356,2344,-1,2345,2344,2356,-1,2348,2345,2357,-1,2357,2345,2356,-1,2357,2356,2358,-1,2358,2356,2355,-1,2359,2360,2361,-1,2362,2363,2364,-1,2365,2359,2364,-1,2364,2359,2361,-1,2364,2361,2362,-1,2366,2367,2368,-1,2366,2365,2364,-1,2364,2363,2366,-1,2366,2363,2369,-1,2366,2369,2367,-1,2366,2368,2370,-1,2366,2370,2365,-1,2370,2371,2372,-1,2365,2370,2359,-1,2359,2370,2372,-1,2359,2372,2360,-1,2362,2361,2373,-1,2373,2361,2360,-1,2373,2360,2374,-1,2374,2360,2372,-1,2374,2372,2371,-1,2252,2375,2376,-1,2252,2376,2253,-1,2253,2376,2377,-1,2253,2377,2255,-1,2378,2379,2380,-1,2378,2380,2381,-1,2381,2380,2382,-1,2381,2382,2383,-1,2384,2385,2386,-1,2384,2386,2387,-1,2386,2388,2389,-1,2387,2386,2390,-1,2390,2386,2389,-1,2390,2389,2391,-1,2392,2391,2389,-1,2393,2392,2394,-1,2394,2392,2389,-1,2394,2389,2395,-1,2395,2389,2388,-1,2393,2396,2397,-1,2397,2387,2390,-1,2393,2397,2392,-1,2392,2397,2390,-1,2392,2390,2391,-1,2384,2398,2385,-1,2384,2387,2397,-1,2398,2384,2399,-1,2399,2384,2397,-1,2399,2397,2396,-1,2400,2401,2402,-1,2400,2402,2403,-1,2402,2404,2405,-1,2403,2402,2406,-1,2406,2402,2405,-1,2406,2405,2407,-1,2408,2409,2410,-1,2410,2409,2407,-1,2410,2407,2411,-1,2411,2407,2405,-1,2411,2405,2404,-1,2406,2407,2409,-1,2412,2403,2406,-1,2406,2409,2412,-1,2412,2409,2408,-1,2412,2408,2413,-1,2400,2414,2401,-1,2412,2413,2415,-1,2414,2400,2415,-1,2415,2400,2403,-1,2415,2403,2412,-1,2379,2416,2417,-1,2379,2417,2380,-1,2380,2417,2418,-1,2380,2418,2382,-1,1927,1926,1904,-1,1938,1903,1937,-1,1937,1903,1904,-1,1937,1904,1936,-1,1936,1904,1926,-1,1913,1927,1915,-1,1915,1927,1904,-1,1915,1904,1917,-1,1917,1904,1595,-1,1917,1595,1890,-1,1908,1907,2419,-1,2419,1907,2420,-1,2419,2420,2421,-1,2421,2420,2422,-1,2421,2422,2423,-1,2423,2422,2424,-1,2423,2424,2425,-1,1909,1908,2419,-1,2423,2426,2421,-1,2421,2426,2427,-1,2421,2427,2419,-1,2419,2427,2428,-1,2419,2428,1909,-1,1909,2428,1910,-1,2429,2430,2426,-1,2426,2430,2431,-1,1911,1910,2432,-1,2432,1910,2428,-1,2432,2428,2431,-1,2431,2428,2427,-1,2431,2427,2426,-1,2433,2434,2435,-1,2435,2436,2433,-1,2433,2436,2437,-1,2433,2437,2438,-1,2438,2437,2439,-1,2438,2439,2440,-1,2440,2439,2441,-1,2440,2441,2442,-1,2442,2441,2443,-1,2442,2443,2444,-1,2443,2445,2444,-1,2444,2445,2446,-1,2444,2446,2447,-1,2447,2446,1899,-1,2447,1899,1903,-1,2220,2131,2448,-1,2136,2134,2171,-1,2171,2134,2173,-1,2136,2171,2448,-1,2448,2171,2222,-1,2448,2222,2220,-1,2131,2220,2128,-1,2128,2220,2217,-1,2128,2217,2122,-1,2122,2217,2449,-1,2449,2217,2450,-1,2449,2450,2215,-1,2215,2223,2449,-1,2449,2223,2224,-1,2449,2224,2121,-1,2109,2108,2224,-1,2224,2226,2109,-1,2109,2226,2228,-1,2109,2228,2230,-1,2108,2113,2224,-1,2224,2113,2115,-1,2224,2115,2451,-1,2451,2118,2224,-1,2224,2118,2119,-1,2224,2119,2121,-1,2230,2452,2109,-1,2109,2452,2234,-1,2109,2234,2235,-1,2237,2239,2095,-1,2095,2239,2243,-1,2095,2243,2453,-1,2453,2241,2095,-1,2095,2241,2240,-1,2095,2240,2454,-1,2454,2186,2095,-1,2095,2186,2455,-1,2095,2455,2182,-1,2095,2093,2237,-1,2237,2093,2107,-1,2237,2107,2235,-1,2235,2107,2106,-1,2106,2456,2235,-1,2235,2456,2102,-1,2235,2102,2457,-1,2457,2098,2235,-1,2235,2098,2110,-1,2235,2110,2109,-1,2134,2167,2173,-1,2173,2167,2165,-1,2173,2165,2175,-1,2175,2165,2163,-1,2175,2163,2177,-1,2177,2163,1892,-1,2177,1892,1891,-1,2068,1978,2458,-1,1983,1981,2018,-1,2018,1981,2020,-1,1983,2018,2458,-1,2458,2018,2070,-1,2458,2070,2068,-1,1978,2068,1975,-1,1975,2068,2065,-1,1975,2065,1969,-1,1969,2065,2459,-1,2459,2065,2460,-1,2459,2460,2063,-1,2063,2071,2459,-1,2459,2071,2072,-1,2459,2072,1968,-1,1956,1955,2072,-1,2072,2074,1956,-1,1956,2074,2076,-1,1956,2076,2078,-1,1955,1960,2072,-1,2072,1960,1962,-1,2072,1962,2461,-1,2461,1965,2072,-1,2072,1965,1966,-1,2072,1966,1968,-1,2078,2462,1956,-1,1956,2462,2082,-1,1956,2082,2083,-1,2085,2463,1942,-1,1942,2463,2091,-1,1942,2091,2464,-1,2464,2089,1942,-1,1942,2089,2088,-1,1942,2088,2465,-1,2465,2033,1942,-1,1942,2033,2466,-1,1942,2466,2029,-1,1942,1940,2085,-1,2085,1940,2467,-1,2085,2467,2083,-1,2083,2467,1953,-1,1953,2468,2083,-1,2083,2468,1949,-1,2083,1949,2469,-1,2469,1945,2083,-1,2083,1945,1957,-1,2083,1957,1956,-1,1981,2007,2020,-1,2020,2007,2009,-1,2020,2009,2022,-1,2022,2009,2011,-1,2022,2011,2024,-1,2024,2011,1898,-1,2024,1898,1897,-1,2470,2471,2472,-1,2472,2473,2470,-1,2470,2473,2474,-1,2470,2474,2475,-1,2475,2474,2476,-1,2475,2476,2477,-1,2477,2476,2478,-1,2477,2478,2479,-1,2479,2478,2480,-1,2480,2478,2481,-1,2480,2481,2482,-1,2482,2481,2483,-1,2482,2483,2484,-1,2484,2483,1900,-1,2484,1900,1901,-1,1906,1911,2432,-1,1907,1906,2420,-1,2420,1906,2432,-1,2420,2432,2422,-1,2422,2432,2431,-1,2422,2431,2424,-1,2424,2431,2430,-1,2485,2486,2487,-1,2488,2489,2490,-1,2430,2429,2491,-1,2491,2429,2492,-1,2491,2492,2493,-1,2493,2492,2494,-1,2495,2496,2497,-1,2497,2496,2498,-1,2497,2498,2494,-1,2494,2498,2499,-1,2494,2499,2493,-1,2500,2501,2502,-1,2502,2501,2503,-1,2502,2503,2504,-1,2486,2485,2503,-1,2504,2503,2505,-1,2505,2503,2485,-1,2505,2485,2506,-1,2506,2507,2508,-1,2508,2507,2509,-1,2508,2509,2510,-1,2510,2509,2511,-1,2511,2509,2512,-1,2511,2512,2513,-1,2513,2512,2514,-1,2514,2512,2515,-1,2514,2515,2516,-1,2517,2518,2519,-1,2519,2518,2520,-1,2519,2520,2521,-1,2521,2520,2522,-1,2521,2522,2523,-1,2523,2522,2524,-1,2523,2524,2490,-1,2490,2524,2525,-1,2490,2525,2488,-1,2526,2527,2528,-1,2528,2527,2529,-1,2528,2529,2517,-1,2517,2529,2530,-1,2517,2530,2518,-1,2531,2532,2533,-1,2532,2531,2534,-1,2535,2536,2537,-1,2537,2536,2538,-1,2537,2538,2539,-1,2539,2538,2540,-1,2539,2540,2541,-1,2541,2540,2542,-1,2541,2542,2543,-1,2543,2542,2544,-1,2543,2544,2545,-1,2546,2547,2548,-1,2548,2547,2549,-1,2548,2549,2550,-1,2551,2552,2487,-1,2487,2486,2551,-1,2551,2486,2503,-1,2551,2503,2497,-1,2497,2503,2501,-1,2497,2501,2495,-1,2495,2501,2500,-1,2495,2500,2496,-1,2549,2553,2550,-1,2550,2553,2554,-1,2550,2554,2555,-1,2555,2554,2556,-1,2555,2556,2557,-1,2429,2546,2492,-1,2492,2546,2548,-1,2492,2548,2494,-1,2494,2548,2550,-1,2494,2550,2497,-1,2497,2550,2555,-1,2497,2555,2551,-1,2551,2555,2557,-1,2551,2557,2552,-1,2552,2557,2558,-1,2552,2558,2559,-1,2488,2516,2489,-1,2489,2516,2515,-1,2489,2515,2560,-1,2560,2515,2512,-1,2560,2512,2561,-1,2561,2512,2509,-1,2561,2509,2562,-1,2562,2509,2507,-1,2556,2563,2557,-1,2557,2563,2564,-1,2557,2564,2558,-1,2558,2564,2565,-1,2558,2565,2566,-1,2566,2565,2567,-1,2566,2567,2568,-1,2569,2570,2571,-1,2559,2558,2572,-1,2572,2558,2566,-1,2572,2566,2573,-1,2573,2566,2568,-1,2573,2568,2574,-1,2574,2568,2575,-1,2574,2575,2576,-1,2576,2575,2577,-1,2576,2577,2578,-1,2567,2579,2568,-1,2568,2579,2580,-1,2568,2580,2575,-1,2575,2580,2581,-1,2575,2581,2577,-1,2571,2570,2582,-1,2582,2570,2583,-1,2582,2583,2584,-1,2585,2586,2587,-1,2584,2588,2582,-1,2582,2588,2589,-1,2582,2589,2590,-1,2590,2589,2591,-1,2590,2591,2586,-1,2586,2591,2592,-1,2586,2592,2587,-1,2593,2594,2595,-1,2595,2594,2596,-1,2595,2596,2597,-1,2597,2596,2598,-1,2597,2598,2599,-1,2599,2598,2600,-1,2599,2600,2601,-1,2601,2600,2602,-1,2581,2603,2577,-1,2577,2603,2602,-1,2577,2602,2578,-1,2578,2602,2600,-1,2578,2600,2604,-1,2604,2600,2598,-1,2604,2598,2605,-1,2605,2598,2596,-1,2605,2596,2606,-1,2606,2596,2594,-1,2534,2531,2545,-1,2545,2531,2607,-1,2545,2607,2543,-1,2543,2607,2608,-1,2543,2608,2541,-1,2587,2609,2585,-1,2585,2609,2610,-1,2585,2610,2611,-1,2611,2610,2612,-1,2611,2612,2613,-1,2613,2612,2614,-1,2613,2614,2615,-1,2615,2614,2616,-1,2615,2616,2617,-1,2618,2619,2620,-1,2620,2619,2621,-1,2620,2621,2622,-1,2622,2621,2623,-1,2622,2623,2528,-1,2506,2485,2507,-1,2507,2485,2487,-1,2507,2487,2562,-1,2562,2487,2552,-1,2562,2552,2561,-1,2561,2552,2559,-1,2561,2559,2560,-1,2560,2559,2572,-1,2560,2572,2489,-1,2489,2572,2573,-1,2489,2573,2490,-1,2490,2573,2574,-1,2490,2574,2523,-1,2523,2574,2576,-1,2523,2576,2521,-1,2521,2576,2578,-1,2521,2578,2519,-1,2519,2578,2604,-1,2519,2604,2517,-1,2517,2604,2605,-1,2517,2605,2528,-1,2528,2605,2606,-1,2528,2606,2622,-1,2622,2606,2594,-1,2622,2594,2620,-1,2620,2594,2593,-1,2620,2593,2618,-1,2603,2569,2602,-1,2602,2569,2571,-1,2602,2571,2601,-1,2601,2571,2582,-1,2601,2582,2599,-1,2599,2582,2590,-1,2599,2590,2597,-1,2597,2590,2586,-1,2597,2586,2595,-1,2595,2586,2585,-1,2595,2585,2593,-1,2593,2585,2611,-1,2593,2611,2618,-1,2618,2611,2613,-1,2618,2613,2619,-1,2619,2613,2615,-1,2526,2528,2533,-1,2533,2528,2623,-1,2533,2623,2531,-1,2531,2623,2621,-1,2531,2621,2607,-1,2607,2621,2619,-1,2607,2619,2608,-1,2608,2619,2615,-1,2608,2615,2541,-1,2541,2615,2617,-1,2541,2617,2539,-1,2539,2617,2624,-1,2539,2624,2537,-1,2537,2624,2625,-1,2537,2625,2535,-1,2626,2627,2628,-1,2629,2630,2631,-1,2632,2633,2634,-1,2635,2636,2637,-1,2638,2639,2640,-1,2641,2642,2643,-1,2644,2645,2646,-1,2647,2648,2633,-1,2649,2650,2651,-1,2652,2653,2654,-1,2627,2652,2628,-1,2628,2652,2654,-1,2628,2654,2655,-1,2655,2654,2656,-1,2655,2656,2657,-1,2657,2656,2658,-1,2657,2658,2659,-1,2649,2651,2660,-1,2661,2662,2663,-1,2663,2662,2664,-1,2663,2664,2665,-1,2665,2664,2660,-1,2665,2660,2666,-1,2666,2660,2651,-1,2647,2633,2667,-1,2667,2633,2632,-1,2667,2632,2668,-1,2669,2670,2671,-1,2670,2669,2672,-1,2672,2669,2673,-1,2672,2673,2674,-1,2674,2673,2675,-1,2674,2675,2676,-1,2677,2678,2679,-1,2679,2678,2680,-1,2679,2680,2681,-1,2681,2680,2682,-1,2683,2425,2424,-1,2639,2638,2684,-1,2684,2638,2685,-1,2684,2685,2686,-1,2669,2687,2673,-1,2673,2687,2678,-1,2673,2678,2675,-1,2675,2678,2677,-1,2675,2677,2676,-1,2688,2682,2689,-1,2689,2682,2680,-1,2689,2680,2690,-1,2690,2680,2678,-1,2690,2678,2691,-1,2691,2678,2687,-1,2691,2687,2692,-1,2693,2694,2695,-1,2695,2696,2693,-1,2693,2696,2692,-1,2693,2692,2640,-1,2640,2692,2687,-1,2640,2687,2638,-1,2638,2687,2669,-1,2638,2669,2685,-1,2685,2669,2671,-1,2685,2671,2686,-1,2697,2644,2698,-1,2698,2644,2646,-1,2698,2646,2699,-1,2699,2646,2700,-1,2699,2700,2701,-1,2702,2629,2701,-1,2701,2629,2631,-1,2701,2631,2699,-1,2699,2631,2703,-1,2699,2703,2698,-1,2698,2703,2643,-1,2698,2643,2697,-1,2697,2643,2642,-1,2634,2633,2704,-1,2704,2633,2648,-1,2704,2648,2705,-1,2706,2707,2708,-1,2706,2708,2709,-1,2709,2708,2710,-1,2709,2710,2705,-1,2705,2710,2711,-1,2705,2711,2704,-1,2704,2711,2712,-1,2704,2712,2634,-1,2701,2713,2702,-1,2702,2713,2714,-1,2702,2714,2715,-1,2715,2714,2716,-1,2715,2716,2717,-1,2717,2716,2718,-1,2717,2718,2719,-1,2720,2721,2722,-1,2722,2721,2719,-1,2722,2719,2723,-1,2723,2719,2718,-1,2724,2725,2726,-1,2726,2725,2727,-1,2726,2727,2728,-1,2647,2661,2648,-1,2648,2661,2663,-1,2648,2663,2705,-1,2705,2663,2665,-1,2705,2665,2709,-1,2709,2665,2666,-1,2709,2666,2706,-1,2706,2666,2651,-1,2706,2651,2707,-1,2707,2651,2728,-1,2707,2728,2729,-1,2729,2728,2727,-1,2730,2724,2626,-1,2626,2724,2726,-1,2626,2726,2627,-1,2627,2726,2728,-1,2627,2728,2652,-1,2652,2728,2651,-1,2652,2651,2653,-1,2653,2651,2650,-1,2424,2688,2683,-1,2683,2688,2689,-1,2683,2689,2731,-1,2731,2689,2690,-1,2731,2690,2732,-1,2732,2690,2691,-1,2732,2691,2733,-1,2733,2691,2692,-1,2733,2692,2734,-1,2734,2692,2696,-1,2686,2735,2684,-1,2684,2735,2736,-1,2684,2736,2639,-1,2639,2736,2737,-1,2639,2737,2640,-1,2640,2737,2637,-1,2640,2637,2693,-1,2693,2637,2636,-1,2693,2636,2694,-1,2738,2739,2635,-1,2635,2739,2740,-1,2635,2740,2636,-1,2636,2740,2741,-1,2636,2741,2694,-1,2735,2742,2736,-1,2736,2742,2743,-1,2736,2743,2737,-1,2737,2743,2744,-1,2737,2744,2637,-1,2637,2744,2745,-1,2637,2745,2635,-1,2635,2745,2746,-1,2635,2746,2738,-1,2738,2746,2747,-1,2748,2747,2749,-1,2749,2747,2746,-1,2749,2746,2750,-1,2750,2746,2745,-1,2750,2745,2751,-1,2751,2745,2744,-1,2751,2744,2752,-1,2752,2744,2743,-1,2630,2748,2631,-1,2631,2748,2749,-1,2631,2749,2703,-1,2703,2749,2750,-1,2703,2750,2643,-1,2643,2750,2751,-1,2643,2751,2641,-1,2641,2751,2752,-1,2641,2752,2753,-1,2753,2752,2743,-1,2753,2743,2754,-1,2754,2743,2742,-1,2721,2755,2719,-1,2719,2755,2756,-1,2719,2756,2717,-1,2717,2756,2757,-1,2717,2757,2715,-1,2715,2757,2758,-1,2715,2758,2702,-1,2702,2758,2759,-1,2702,2759,2629,-1,2725,2720,2727,-1,2727,2720,2722,-1,2727,2722,2729,-1,2729,2722,2723,-1,2729,2723,2707,-1,2707,2723,2718,-1,2707,2718,2708,-1,2708,2718,2716,-1,2708,2716,2710,-1,2710,2716,2714,-1,2710,2714,2711,-1,2711,2714,2713,-1,2711,2713,2712,-1,2712,2713,2701,-1,2712,2701,2634,-1,2634,2701,2700,-1,2634,2700,2632,-1,2632,2700,2646,-1,2632,2646,2668,-1,2668,2646,2645,-1,2659,2760,2657,-1,2657,2760,2761,-1,2657,2761,2655,-1,2655,2761,2762,-1,2655,2762,2628,-1,2628,2762,2763,-1,2628,2763,2626,-1,2626,2763,2764,-1,2626,2764,2730,-1,2247,1931,2250,-1,2250,1931,1930,-1,1930,1929,2250,-1,2250,1929,1925,-1,2250,1925,1928,-1,1918,1837,1916,-1,1916,1837,2250,-1,1916,2250,1914,-1,1914,2250,1928,-1,1914,1928,1912,-1,2765,2766,2767,-1,2768,2769,2770,-1,2771,2772,2773,-1,2774,2775,2776,-1,2777,2778,2776,-1,2779,2780,2781,-1,2782,2783,2779,-1,2779,2783,2784,-1,2785,2786,2783,-1,2783,2786,2787,-1,2783,2787,2784,-1,2788,2789,2790,-1,2790,2789,2791,-1,2790,2791,2792,-1,2788,2793,2794,-1,2794,2793,2795,-1,2794,2795,2796,-1,2777,2776,2795,-1,2776,2775,2795,-1,2795,2775,2797,-1,2795,2797,2796,-1,2776,2798,2774,-1,2774,2798,2799,-1,2774,2799,2800,-1,2800,2799,2801,-1,2800,2801,2802,-1,2802,2801,2803,-1,2804,2805,2806,-1,2803,2801,2806,-1,2806,2801,2807,-1,2806,2807,2804,-1,2807,2808,2809,-1,2809,2808,2810,-1,2809,2810,2811,-1,2807,2809,2804,-1,2804,2809,2812,-1,2804,2812,2813,-1,2814,2815,2813,-1,2813,2815,2816,-1,2813,2816,2804,-1,2804,2816,2817,-1,2804,2817,2805,-1,2818,2771,2819,-1,2819,2771,2773,-1,2819,2773,2820,-1,2821,2822,2823,-1,2823,2822,2824,-1,1931,2825,1932,-1,1932,2825,2826,-1,1932,2826,1933,-1,2773,2827,2820,-1,2820,2827,2828,-1,2820,2828,2819,-1,2819,2828,2770,-1,2819,2770,2818,-1,2818,2770,2769,-1,2829,2830,2831,-1,2831,2830,2832,-1,2792,2786,2790,-1,2790,2786,2785,-1,2790,2785,2833,-1,2833,2785,2783,-1,2833,2783,2834,-1,2834,2783,2782,-1,2834,2782,2835,-1,2829,2790,2830,-1,2830,2790,2833,-1,2830,2833,2832,-1,2832,2833,2834,-1,2832,2834,2836,-1,2836,2834,2835,-1,2837,2838,2821,-1,2821,2838,2839,-1,2826,2824,1933,-1,1933,2824,2822,-1,1933,2822,1934,-1,1934,2822,2821,-1,1934,2821,1935,-1,1935,2821,2839,-1,1935,2839,1938,-1,2766,2837,2767,-1,2767,2837,2821,-1,2767,2821,2827,-1,2827,2821,2823,-1,2827,2823,2828,-1,2828,2823,2824,-1,2828,2824,2770,-1,2770,2824,2826,-1,2770,2826,2768,-1,2768,2826,2825,-1,2811,2765,2809,-1,2809,2765,2767,-1,2809,2767,2812,-1,2812,2767,2827,-1,2812,2827,2813,-1,2813,2827,2773,-1,2813,2773,2814,-1,2814,2773,2772,-1,2840,2831,2841,-1,2841,2831,2842,-1,2788,2790,2793,-1,2793,2790,2829,-1,2793,2829,2795,-1,2795,2829,2831,-1,2795,2831,2777,-1,2777,2831,2840,-1,2777,2840,2778,-1,2843,2844,2845,-1,2845,2844,2846,-1,2845,2846,2847,-1,2779,2781,2782,-1,2782,2781,2848,-1,2782,2848,2835,-1,2835,2848,2849,-1,2835,2849,2836,-1,2836,2849,2843,-1,2836,2843,2832,-1,2832,2843,2845,-1,2832,2845,2831,-1,2831,2845,2847,-1,2831,2847,2842,-1,2850,2851,2852,-1,2852,2853,2850,-1,2850,2853,2854,-1,2850,2854,2855,-1,2855,2854,2856,-1,2855,2856,2857,-1,2857,2856,2858,-1,2857,2858,2859,-1,2859,2858,2860,-1,2859,2860,2861,-1,2861,2860,2862,-1,2861,2862,2863,-1,2863,2862,2244,-1,2863,2244,2248,-1,2470,2475,2864,-1,2852,2865,2866,-1,2858,2480,2860,-1,2860,2480,2482,-1,2860,2482,2862,-1,2862,2482,2484,-1,2862,2484,2244,-1,2244,2484,1901,-1,2858,2856,2480,-1,2480,2856,2854,-1,2480,2854,2853,-1,2866,2867,2471,-1,2475,2477,2864,-1,2864,2477,2479,-1,2864,2479,2480,-1,2853,2852,2480,-1,2480,2852,2866,-1,2480,2866,2864,-1,2864,2866,2471,-1,2864,2471,2470,-1,2866,2865,2868,-1,2866,2868,2867,-1,2869,2870,2871,-1,2867,2868,2872,-1,2872,2868,2873,-1,2872,2873,2874,-1,2874,2873,2875,-1,2874,2875,2876,-1,2876,2875,2877,-1,2876,2877,2878,-1,2878,2877,2879,-1,2878,2879,2880,-1,2880,2879,2869,-1,2880,2869,2881,-1,2881,2869,2871,-1,2881,2871,2882,-1,2870,2883,2884,-1,2870,2884,2871,-1,2871,2884,2885,-1,2871,2885,2882,-1,2884,2883,2886,-1,2887,2888,2889,-1,2890,2891,2887,-1,2887,2889,2890,-1,2890,2889,2892,-1,2890,2892,2893,-1,2893,2892,2894,-1,2893,2894,2895,-1,2895,2894,2896,-1,2895,2896,2897,-1,2897,2896,2898,-1,2897,2898,2899,-1,2899,2898,2900,-1,2899,2900,2886,-1,2886,2900,2885,-1,2886,2885,2884,-1,2891,2901,2902,-1,2891,2902,2887,-1,2887,2902,2903,-1,2887,2903,2888,-1,2904,2905,2906,-1,2904,2906,2907,-1,2908,2903,2902,-1,2907,2906,2909,-1,2909,2906,2910,-1,2909,2910,2911,-1,2911,2910,2912,-1,2911,2912,2913,-1,2913,2912,2914,-1,2913,2914,2915,-1,2915,2914,2916,-1,2915,2916,2917,-1,2917,2916,2908,-1,2917,2908,2918,-1,2918,2908,2902,-1,2918,2902,2901,-1,2919,2905,2904,-1,2919,2904,2920,-1,2920,2904,2907,-1,2920,2907,2921,-1,2920,2921,2922,-1,2923,2919,2920,-1,2924,2925,2926,-1,2920,2922,2923,-1,2923,2922,2927,-1,2923,2927,2928,-1,2928,2927,2929,-1,2928,2929,2930,-1,2930,2929,2931,-1,2930,2931,2932,-1,2932,2931,2933,-1,2932,2933,2934,-1,2934,2933,2924,-1,2934,2924,2935,-1,2935,2924,2926,-1,2935,2926,2936,-1,2925,2937,2938,-1,2925,2938,2926,-1,2926,2938,2939,-1,2926,2939,2936,-1,2937,2940,2941,-1,2937,2941,2938,-1,2938,2941,2942,-1,2938,2942,2939,-1,2941,2940,2943,-1,1943,1942,2944,-1,1943,2944,2945,-1,2945,2944,2946,-1,2945,2946,2947,-1,2947,2946,2948,-1,2947,2948,2949,-1,2949,2948,2950,-1,2949,2950,2951,-1,2951,2950,2952,-1,2951,2952,2953,-1,2953,2952,2954,-1,2953,2954,2943,-1,2943,2954,2942,-1,2943,2942,2941,-1,1982,1979,2069,-1,2069,1979,1977,-1,2069,1977,1976,-1,1982,2069,1980,-1,1980,2069,2955,-1,1980,2955,2008,-1,2008,2955,2066,-1,2008,2066,2017,-1,2956,1976,2058,-1,2058,1976,1974,-1,2956,2056,1976,-1,1976,2056,2026,-1,1976,2026,2957,-1,2957,2061,1976,-1,1976,2061,2060,-1,1976,2060,2069,-1,1974,1973,2058,-1,2058,1973,2958,-1,2058,2958,1986,-1,1986,1988,2058,-1,2058,1988,1989,-1,2058,1989,2059,-1,2059,1989,2959,-1,2059,2959,2048,-1,2048,2959,2960,-1,2960,2959,1993,-1,2960,1993,2961,-1,2961,1997,2960,-1,2960,1997,1999,-1,2960,1999,2052,-1,2035,2962,2000,-1,2005,2963,2028,-1,2035,2000,2031,-1,2031,2000,2002,-1,2031,2002,2028,-1,2028,2002,2006,-1,2028,2006,2005,-1,2043,2964,2000,-1,2000,2964,2045,-1,2000,2045,1999,-1,1999,2045,2044,-1,1999,2044,2052,-1,2962,2039,2000,-1,2000,2039,2041,-1,2000,2041,2043,-1,2963,2003,2028,-1,2028,2003,1941,-1,2028,1941,1943,-1,2017,2019,2008,-1,2008,2019,2021,-1,2008,2021,2010,-1,2010,2021,2023,-1,2010,2023,2012,-1,2012,2023,2015,-1,2012,2015,2013,-1,2965,2966,2967,-1,2029,2028,2968,-1,2029,2968,2969,-1,2969,2968,2970,-1,2969,2970,2971,-1,2971,2970,2972,-1,2971,2972,2973,-1,2973,2972,2974,-1,2973,2974,2975,-1,2975,2974,2976,-1,2975,2976,2977,-1,2977,2976,2978,-1,2977,2978,2967,-1,2967,2978,2979,-1,2967,2979,2965,-1,2980,2966,2965,-1,2980,2965,2981,-1,2981,2965,2979,-1,2981,2979,2982,-1,2982,2983,2984,-1,2982,2984,2981,-1,2981,2984,2985,-1,2981,2985,2980,-1,2984,2983,2986,-1,2987,2988,2989,-1,2990,2991,2987,-1,2987,2989,2990,-1,2990,2989,2992,-1,2990,2992,2993,-1,2993,2992,2994,-1,2993,2994,2995,-1,2995,2994,2996,-1,2995,2996,2997,-1,2997,2996,2998,-1,2997,2998,2999,-1,2999,2998,3000,-1,2999,3000,2986,-1,2986,3000,2985,-1,2986,2985,2984,-1,3001,3002,3003,-1,3004,2988,2987,-1,3005,3004,3003,-1,3003,3004,2987,-1,3003,2987,3001,-1,3001,2987,2991,-1,3003,3002,3006,-1,3007,3008,3009,-1,3007,3009,3010,-1,3010,3009,3011,-1,3011,3009,3012,-1,3011,3012,3013,-1,3013,3012,3014,-1,3013,3014,3015,-1,3015,3014,3016,-1,3015,3016,3017,-1,3017,3016,3018,-1,3017,3018,3019,-1,3019,3018,3020,-1,3019,3020,3006,-1,3006,3020,3005,-1,3006,3005,3003,-1,3021,3008,3007,-1,3021,3007,3022,-1,3022,3007,3010,-1,3022,3010,3023,-1,3024,3021,3022,-1,3024,3022,3025,-1,3025,3022,3023,-1,3025,3023,3026,-1,2096,2095,3027,-1,3028,3024,3025,-1,2096,3027,3029,-1,3029,3027,3030,-1,3029,3030,3031,-1,3031,3030,3032,-1,3031,3032,3033,-1,3033,3032,3034,-1,3033,3034,3035,-1,3035,3034,3036,-1,3035,3036,3037,-1,3037,3036,3028,-1,3037,3028,3038,-1,3038,3028,3025,-1,3038,3025,3026,-1,2135,2132,2221,-1,2221,2132,3039,-1,2221,3039,2129,-1,2135,2221,2133,-1,2133,2221,3040,-1,2133,3040,2166,-1,2166,3040,2218,-1,2166,2218,2170,-1,3041,2129,2207,-1,2207,2129,2127,-1,3041,2211,2129,-1,2129,2211,2179,-1,2129,2179,3042,-1,3042,2213,2129,-1,2129,2213,2212,-1,2129,2212,2221,-1,2127,2126,2207,-1,2207,2126,3043,-1,2207,3043,2139,-1,2139,2141,2207,-1,2207,2141,2142,-1,2207,2142,2206,-1,2206,2142,3044,-1,2206,3044,3045,-1,3045,3044,2146,-1,3045,2146,3046,-1,3046,2150,3045,-1,3045,2150,2152,-1,3045,2152,2202,-1,2188,3047,2153,-1,2158,3048,2181,-1,2188,2153,2184,-1,2184,2153,2155,-1,2184,2155,2181,-1,2181,2155,2159,-1,2181,2159,2158,-1,2196,3049,2153,-1,2153,3049,2198,-1,2153,2198,2152,-1,2152,2198,2197,-1,2152,2197,2202,-1,3047,2192,2153,-1,2153,2192,2194,-1,2153,2194,2196,-1,3048,2156,2181,-1,2181,2156,2094,-1,2181,2094,2096,-1,2170,2172,2166,-1,2166,2172,2174,-1,2166,2174,2164,-1,2164,2174,2176,-1,2164,2176,2162,-1,2162,2176,2169,-1,2162,2169,2161,-1,3050,3051,3052,-1,2182,2181,3053,-1,2182,3053,3054,-1,3054,3053,3055,-1,3054,3055,3056,-1,3056,3055,3057,-1,3056,3057,3058,-1,3058,3057,3059,-1,3058,3059,3060,-1,3060,3059,3061,-1,3060,3061,3062,-1,3062,3061,3063,-1,3062,3063,3052,-1,3052,3063,3064,-1,3052,3064,3050,-1,3064,3065,3066,-1,3064,3066,3050,-1,3050,3066,3067,-1,3050,3067,3051,-1,3068,3067,3066,-1,3068,3066,3069,-1,3069,3066,3065,-1,3069,3065,3070,-1,3071,3072,3073,-1,3069,3070,3074,-1,3069,3074,3068,-1,3068,3074,3075,-1,3075,3074,3076,-1,3075,3076,3077,-1,3077,3076,3078,-1,3077,3078,3079,-1,3079,3078,3080,-1,3079,3080,3081,-1,3081,3080,3082,-1,3081,3082,3083,-1,3083,3082,3084,-1,3083,3084,3073,-1,3073,3084,3085,-1,3073,3085,3071,-1,3086,3072,3071,-1,3086,3071,3087,-1,3087,3071,3085,-1,3087,3085,3088,-1,3089,3090,3091,-1,3092,3093,3089,-1,3094,3086,3087,-1,3089,3091,3092,-1,3092,3091,3095,-1,3092,3095,3096,-1,3096,3095,3097,-1,3096,3097,3098,-1,3098,3097,3099,-1,3098,3099,3100,-1,3100,3099,3101,-1,3100,3101,3102,-1,3102,3101,3094,-1,3102,3094,3103,-1,3103,3094,3087,-1,3103,3087,3088,-1,3104,3090,3089,-1,3104,3089,3105,-1,3105,3089,3093,-1,3105,3093,3106,-1,3105,3106,3107,-1,3108,3109,3110,-1,3111,3112,3108,-1,3108,3110,3111,-1,3111,3110,3113,-1,3111,3113,3114,-1,3114,3113,3115,-1,3114,3115,3116,-1,3116,3115,3117,-1,3116,3117,3118,-1,3118,3117,3119,-1,3118,3119,3120,-1,3120,3119,3121,-1,3120,3121,3107,-1,3107,3121,3104,-1,3107,3104,3105,-1,3112,3122,3123,-1,3112,3123,3108,-1,3108,3123,3124,-1,3108,3124,3109,-1,3123,3122,3125,-1,3123,3125,3124,-1,3126,3127,3128,-1,3124,3125,3129,-1,3129,3125,3130,-1,3129,3130,3131,-1,3131,3130,3132,-1,3131,3132,3133,-1,3133,3132,3134,-1,3133,3134,3135,-1,3135,3134,3136,-1,3135,3136,3137,-1,3137,3136,3126,-1,3137,3126,3138,-1,3138,3126,3128,-1,3138,3128,3139,-1,3140,3141,2443,-1,3140,2443,3142,-1,2246,1899,3143,-1,3143,1899,2446,-1,3143,2446,3144,-1,3144,2446,2445,-1,3144,2445,3145,-1,3145,2445,2443,-1,3145,2443,3146,-1,3146,2443,3141,-1,2436,2435,3147,-1,3147,2443,2441,-1,2441,2439,3147,-1,3147,2439,2437,-1,3147,2437,2436,-1,2435,3139,3147,-1,3147,3139,3128,-1,3147,3128,2443,-1,2443,3128,3127,-1,2443,3127,3142,-1,3140,3142,3148,-1,3148,3149,3140,-1,3140,3149,3150,-1,3140,3150,3141,-1,3141,3150,3151,-1,3141,3151,3146,-1,3146,3151,3152,-1,3146,3152,3145,-1,3145,3152,3153,-1,3145,3153,3144,-1,3144,3153,3154,-1,3144,3154,3143,-1,3143,3154,2247,-1,3143,2247,2246,-1,3155,3156,3157,-1,3158,3159,3160,-1,3160,3159,3161,-1,3160,3161,3162,-1,3162,3161,3163,-1,3162,3163,3157,-1,3157,3163,3164,-1,3157,3164,3155,-1,3155,3164,3165,-1,2256,2255,3166,-1,2256,3166,3167,-1,3166,3168,3169,-1,3170,3171,3167,-1,3167,3171,3172,-1,3172,3173,3167,-1,3167,3173,3174,-1,3167,3174,2256,-1,3166,3169,3167,-1,3167,3169,3175,-1,3167,3175,3170,-1,3159,3158,3166,-1,3166,3158,3176,-1,3166,3176,3168,-1,3169,3177,3178,-1,3179,2251,2254,-1,3169,3178,3175,-1,3175,3178,3180,-1,3175,3180,3170,-1,3170,3180,3181,-1,3170,3181,3171,-1,3171,3181,3182,-1,3171,3182,3172,-1,3172,3182,3183,-1,3172,3183,3173,-1,3173,3183,3179,-1,3173,3179,3174,-1,3174,3179,2254,-1,3174,2254,2256,-1,3178,3184,3180,-1,3180,3184,3181,-1,3179,3183,3184,-1,3184,3183,3182,-1,3184,3182,3181,-1,3179,3184,2251,-1,2251,3184,3185,-1,2251,3185,2252,-1,3186,3187,3188,-1,3188,3187,3185,-1,3188,3185,3189,-1,3189,3185,3184,-1,3189,3184,3177,-1,3177,3184,3178,-1,3187,3186,3190,-1,3191,3192,3193,-1,3187,3190,3194,-1,3194,3190,3191,-1,3194,3191,3195,-1,3195,3191,3193,-1,3195,3193,3196,-1,2313,2269,3197,-1,3197,2269,2268,-1,3197,2268,2851,-1,2851,2268,3198,-1,2851,3198,3199,-1,3199,3198,2318,-1,3199,2318,2317,-1,3200,2855,2298,-1,2298,2855,2299,-1,3200,2312,2855,-1,2855,2312,2311,-1,2855,2311,3197,-1,3197,2311,3201,-1,3197,3201,2313,-1,2307,3202,3203,-1,3203,3202,3204,-1,3202,2304,3204,-1,3204,2304,2302,-1,3204,2302,2855,-1,2855,2302,2300,-1,2855,2300,2299,-1,2272,3205,3206,-1,3206,3205,2282,-1,2282,3207,3206,-1,3206,3207,2283,-1,3206,2283,3203,-1,3203,2283,2291,-1,3203,2291,2307,-1,3208,2273,3209,-1,3209,2277,3208,-1,3208,2277,3210,-1,3208,3210,3206,-1,3206,3210,2281,-1,3206,2281,2272,-1,2273,3208,2274,-1,2274,3208,2248,-1,2274,2248,1882,-1,2258,2257,2483,-1,2483,2257,1876,-1,2483,1876,1900,-1,2481,2340,2339,-1,2481,2339,2483,-1,2483,2339,2338,-1,2483,2338,2258,-1,2290,2288,2478,-1,2478,2288,2287,-1,2478,2287,2481,-1,2481,2287,2341,-1,2481,2341,2340,-1,2293,2301,2476,-1,2476,2301,2303,-1,2476,2303,2478,-1,2478,2303,2305,-1,2478,2305,2290,-1,2474,2260,2296,-1,2474,2296,2476,-1,2476,2296,2295,-1,2476,2295,2293,-1,2260,2474,2261,-1,2261,2474,2473,-1,2261,2473,2325,-1,2325,2473,2326,-1,2326,2473,2472,-1,2326,2472,2328,-1,2328,2472,3211,-1,2328,3211,2330,-1,2324,2330,3212,-1,3213,2317,2316,-1,2316,2321,3213,-1,3213,2321,2323,-1,3213,2323,2324,-1,3214,3215,3216,-1,3217,3218,3219,-1,3219,3218,3220,-1,3219,3220,3221,-1,2324,3212,3213,-1,3213,3212,3214,-1,3213,3214,3219,-1,3219,3214,3216,-1,3219,3216,3217,-1,3222,3223,2355,-1,2355,3223,3224,-1,2355,3224,3225,-1,2255,2377,2355,-1,2355,2377,3226,-1,2355,3226,3222,-1,2355,2354,2255,-1,2255,2354,2352,-1,2255,2352,3166,-1,3225,3227,2355,-1,2355,3227,3228,-1,2355,3228,2358,-1,2358,3228,3229,-1,2358,3229,2357,-1,2357,3229,3230,-1,2357,3230,2348,-1,2348,3230,3231,-1,2348,3231,2349,-1,2349,3231,3159,-1,2349,3159,2353,-1,2353,3159,3166,-1,2353,3166,2351,-1,2351,3166,2352,-1,3232,3187,3194,-1,3195,3196,3233,-1,3232,3194,3234,-1,3234,3194,3195,-1,3234,3195,3235,-1,3235,3195,3233,-1,3235,3233,3236,-1,3185,2373,2374,-1,3185,2374,2252,-1,2368,2375,2370,-1,2370,2375,2252,-1,2370,2252,2371,-1,2371,2252,2374,-1,3237,3238,2368,-1,2368,3238,3239,-1,3239,3240,2368,-1,2368,3240,3241,-1,2368,3241,3242,-1,3242,3243,2368,-1,2368,3243,3244,-1,2368,3244,2375,-1,2368,2367,3237,-1,3237,2367,2369,-1,3237,2369,3245,-1,3245,2369,2363,-1,2373,3185,2362,-1,2362,3185,3187,-1,2362,3187,2363,-1,2363,3187,3232,-1,2363,3232,3245,-1,3238,3228,3227,-1,3226,2377,2376,-1,3238,3227,3239,-1,3239,3227,3225,-1,3239,3225,3240,-1,3240,3225,3224,-1,3240,3224,3241,-1,3241,3224,3223,-1,3241,3223,3242,-1,3242,3223,3222,-1,3242,3222,3243,-1,3243,3222,3226,-1,3243,3226,3244,-1,3244,3226,2376,-1,3244,2376,2375,-1,3246,3165,3164,-1,3161,3159,3231,-1,3161,3231,3163,-1,3247,3246,3248,-1,3248,3246,3164,-1,3248,3164,3249,-1,3249,3164,3163,-1,3249,3163,3250,-1,3250,3163,3231,-1,3251,3252,3253,-1,3253,3252,3254,-1,3253,3254,3255,-1,3253,2378,3256,-1,3256,3257,3253,-1,3253,3257,3258,-1,3253,3258,3251,-1,2378,3253,2379,-1,2379,3253,3255,-1,2379,3255,3259,-1,3260,3261,3262,-1,3262,3261,3259,-1,3262,3259,3263,-1,3263,3259,3255,-1,3264,3265,3266,-1,3267,3264,3268,-1,3268,3264,3266,-1,3268,3266,3269,-1,3269,3266,3270,-1,3269,3270,3271,-1,3271,3270,3272,-1,3271,3272,3260,-1,3260,3272,3261,-1,3273,3274,3275,-1,3276,3277,3278,-1,3278,3277,3279,-1,3278,3279,3280,-1,3281,3273,3276,-1,3276,3273,3275,-1,3276,3275,3277,-1,3282,3283,3284,-1,3284,3283,2383,-1,3284,2383,2382,-1,3285,3286,3284,-1,3284,3286,3287,-1,3284,3287,3282,-1,3288,3280,3279,-1,3279,3289,3288,-1,3288,3289,3290,-1,3288,3290,2382,-1,2382,3290,3291,-1,2382,3291,3284,-1,3284,3291,3292,-1,3284,3292,3285,-1,2381,2383,3283,-1,2381,3283,2378,-1,2378,3283,3256,-1,3256,3283,3282,-1,3256,3282,3257,-1,3257,3282,3287,-1,3257,3287,3258,-1,3258,3287,3286,-1,3258,3286,3251,-1,3251,3286,3285,-1,3251,3285,3252,-1,3252,3285,3292,-1,3252,3292,3254,-1,3254,3292,3291,-1,3254,3291,3255,-1,3293,3294,3261,-1,3293,3261,3295,-1,3296,3297,3298,-1,3261,3272,3295,-1,3295,3272,3270,-1,3295,3270,3298,-1,3298,3270,3266,-1,3298,3266,3296,-1,3296,3266,3265,-1,3259,2394,2395,-1,3259,2395,2379,-1,2385,2416,2386,-1,2386,2416,2379,-1,2386,2379,2388,-1,2388,2379,2395,-1,3299,3300,2385,-1,2385,3300,3301,-1,3301,3302,2385,-1,2385,3302,3303,-1,2385,3303,3304,-1,3304,3305,2385,-1,2385,3305,3306,-1,2385,3306,2416,-1,2385,2398,3299,-1,3299,2398,2399,-1,3299,2399,3307,-1,3307,2399,2396,-1,2394,3259,2393,-1,2393,3259,3261,-1,2393,3261,2396,-1,2396,3261,3294,-1,2396,3294,3307,-1,2417,2416,3306,-1,2417,3306,2418,-1,2418,3306,3308,-1,3308,3306,3305,-1,3308,3305,3309,-1,3309,3305,3304,-1,3309,3304,3310,-1,3310,3304,3303,-1,3310,3303,3311,-1,3311,3303,3302,-1,3311,3302,3312,-1,3312,3302,3301,-1,3312,3301,3313,-1,3313,3301,3300,-1,3313,3300,3314,-1,3309,3310,2404,-1,2404,3310,3311,-1,2404,3311,3312,-1,2382,2418,2404,-1,2404,2418,3308,-1,2404,3308,3309,-1,2404,2402,2382,-1,2382,2402,2401,-1,2382,2401,3288,-1,2401,2414,3288,-1,3288,2414,2415,-1,3288,2415,3280,-1,3280,2415,2413,-1,3280,2413,3315,-1,3315,2413,2408,-1,3315,2408,3316,-1,3316,2408,2410,-1,3316,2410,3317,-1,3317,2410,2411,-1,3317,2411,3314,-1,3314,2411,2404,-1,3314,2404,3313,-1,3313,2404,3312,-1,3280,3315,3318,-1,3319,3320,3321,-1,3280,3318,3278,-1,3278,3318,3319,-1,3278,3319,3276,-1,3276,3319,3321,-1,3276,3321,3281,-1,3322,2434,2433,-1,2846,2844,3322,-1,2846,3322,2847,-1,2847,3322,2433,-1,2847,2433,2842,-1,2842,2433,2438,-1,2842,2438,2841,-1,2801,2799,2440,-1,2440,2799,2798,-1,2798,2776,2440,-1,2440,2776,2778,-1,2440,2778,2438,-1,2438,2778,2840,-1,2438,2840,2841,-1,2801,2440,2807,-1,2807,2440,2442,-1,2807,2442,2808,-1,2766,2765,2444,-1,2444,2765,2811,-1,2444,2811,2442,-1,2442,2811,2810,-1,2442,2810,2808,-1,2766,2444,2837,-1,2837,2444,2447,-1,2837,2447,2838,-1,2838,2447,2839,-1,2839,2447,1903,-1,2839,1903,1938,-1,2720,2725,3323,-1,3323,2535,2625,-1,2720,3323,2721,-1,2725,2724,3323,-1,3323,2724,2730,-1,3323,2730,2764,-1,2760,2659,3323,-1,2760,3323,2761,-1,2764,2763,3323,-1,3323,2763,2762,-1,3323,2762,2761,-1,3323,2625,2721,-1,2721,2625,2624,-1,2721,2624,2617,-1,2617,2616,2721,-1,2721,2616,2614,-1,2721,2614,2612,-1,2612,2610,2721,-1,2721,2610,2609,-1,2721,2609,2587,-1,2757,2587,2758,-1,2758,2587,2592,-1,2757,2756,2587,-1,2587,2756,2755,-1,2587,2755,2721,-1,2592,2591,2758,-1,2758,2591,2589,-1,2758,2589,2588,-1,2569,2603,2747,-1,2569,2747,2570,-1,2630,2629,2583,-1,2570,2747,2583,-1,2583,2747,2748,-1,2583,2748,2630,-1,2588,2584,2758,-1,2758,2584,2583,-1,2758,2583,2759,-1,2759,2583,2629,-1,2603,2581,2747,-1,2747,2581,2580,-1,2747,2580,2738,-1,2738,2580,2579,-1,2738,2579,2739,-1,2739,2579,2567,-1,2565,2564,2696,-1,2565,2696,2567,-1,2567,2696,2695,-1,2567,2695,2694,-1,2694,2741,2567,-1,2567,2741,2740,-1,2567,2740,2739,-1,2554,2731,2556,-1,2556,2731,2732,-1,2556,2732,2733,-1,2564,2563,2696,-1,2696,2563,2556,-1,2696,2556,2734,-1,2734,2556,2733,-1,2554,2553,2731,-1,2731,2553,2549,-1,2731,2549,2683,-1,2683,2549,2425,-1,2429,2426,2423,-1,2429,2423,2546,-1,2425,2549,2423,-1,2423,2549,2547,-1,2423,2547,2546,-1,3139,2435,2434,-1,3324,3005,3325,-1,3325,3005,3020,-1,3325,3020,3018,-1,3018,3016,3325,-1,3325,3016,3014,-1,3325,3014,3012,-1,3008,3021,3024,-1,3024,3028,3008,-1,3008,3028,3325,-1,3008,3325,3009,-1,3009,3325,3012,-1,3028,3036,3325,-1,3325,3036,3034,-1,3325,3034,3032,-1,3054,3056,3091,-1,3054,3091,2182,-1,3032,3030,3325,-1,3325,3030,3027,-1,3325,3027,2095,-1,3104,2434,3090,-1,3090,2434,3325,-1,3090,3325,3091,-1,3091,3325,2095,-1,3091,2095,2182,-1,3104,3121,2434,-1,2434,3121,3119,-1,2434,3119,3117,-1,3117,3115,2434,-1,2434,3115,3113,-1,2434,3113,3110,-1,3139,2434,3326,-1,3131,3133,3326,-1,3326,3133,3135,-1,3135,3137,3326,-1,3326,3137,3138,-1,3326,3138,3139,-1,3110,3109,2434,-1,2434,3109,3124,-1,2434,3124,3326,-1,3326,3124,3129,-1,3326,3129,3131,-1,3056,3058,3091,-1,3091,3058,3060,-1,3091,3060,3062,-1,3052,3051,3072,-1,3072,3051,3327,-1,3051,3067,3068,-1,3077,3079,3327,-1,3327,3079,3081,-1,3081,3083,3327,-1,3327,3083,3073,-1,3327,3073,3072,-1,3051,3068,3327,-1,3327,3068,3075,-1,3327,3075,3077,-1,3072,3086,3052,-1,3052,3086,3094,-1,3052,3094,3062,-1,3062,3094,3101,-1,3062,3101,3099,-1,3099,3097,3062,-1,3062,3097,3095,-1,3062,3095,3091,-1,2916,2939,2942,-1,2916,2914,2939,-1,2939,2914,2912,-1,2939,2912,2910,-1,2910,2906,2939,-1,2939,2906,2905,-1,2939,2905,2936,-1,2932,2934,3328,-1,3328,2934,2935,-1,3328,2935,2936,-1,2936,2905,3328,-1,3328,2905,2919,-1,3328,2919,2923,-1,2923,2928,3328,-1,3328,2928,2930,-1,3328,2930,2932,-1,2973,2975,3329,-1,2878,2880,3330,-1,3330,2880,2881,-1,3330,2881,2882,-1,2872,2874,3330,-1,3330,2874,2876,-1,3330,2876,2878,-1,2885,2472,2882,-1,2882,2472,2471,-1,2882,2471,3330,-1,3330,2471,2867,-1,3330,2867,2872,-1,2942,2954,2916,-1,2916,2954,2952,-1,2916,2952,2908,-1,2908,2952,2950,-1,2908,2950,2948,-1,2885,2900,2472,-1,2472,2900,2898,-1,2472,2898,2896,-1,2896,2894,2472,-1,2472,2894,2892,-1,2472,2892,2889,-1,2029,2969,3329,-1,3329,2969,2971,-1,3329,2971,2973,-1,2889,2888,2472,-1,2472,2888,2903,-1,2472,2903,3329,-1,3329,2903,2908,-1,2948,2946,2908,-1,2908,2946,2944,-1,2908,2944,3329,-1,3329,2944,1942,-1,3329,1942,2029,-1,3000,2998,3329,-1,3000,3329,2985,-1,2975,2977,3329,-1,3329,2977,2967,-1,3329,2967,2985,-1,2985,2967,2966,-1,2985,2966,2980,-1,2998,2996,3329,-1,3329,2996,2994,-1,3329,2994,2992,-1,2992,2989,3329,-1,3329,2989,2988,-1,3329,2988,3324,-1,3324,2988,3004,-1,3324,3004,3005,-1,3331,3332,3333,-1,2536,2535,3334,-1,2536,3334,3335,-1,3335,3334,3336,-1,3335,3336,3337,-1,3337,3336,3338,-1,3337,3338,3339,-1,3339,3338,3340,-1,3339,3340,3341,-1,3341,3340,3342,-1,3341,3342,3343,-1,3343,3342,3344,-1,3343,3344,3333,-1,3333,3344,3345,-1,3333,3345,3331,-1,2681,2682,2430,-1,2430,2682,2688,-1,2430,2688,2424,-1,2499,2498,2679,-1,2499,2679,2493,-1,2681,2430,2679,-1,2679,2430,2491,-1,2679,2491,2493,-1,2672,2674,2498,-1,2500,2502,2670,-1,2672,2498,2670,-1,2670,2498,2496,-1,2670,2496,2500,-1,2674,2676,2498,-1,2498,2676,2677,-1,2498,2677,2679,-1,2506,2508,2742,-1,2506,2742,2505,-1,2505,2742,2735,-1,2505,2735,2686,-1,2502,2504,2670,-1,2670,2504,2505,-1,2670,2505,2671,-1,2671,2505,2686,-1,2697,2511,2644,-1,2644,2511,2513,-1,2697,2642,2511,-1,2511,2642,2641,-1,2511,2641,2753,-1,2508,2510,2742,-1,2742,2510,2511,-1,2742,2511,2754,-1,2754,2511,2753,-1,2513,2514,2644,-1,2644,2514,2516,-1,2644,2516,2488,-1,2661,2647,2524,-1,2524,2647,2667,-1,2524,2667,2668,-1,2524,2522,2661,-1,2661,2522,2520,-1,2661,2520,2518,-1,2488,2525,2644,-1,2644,2525,2524,-1,2644,2524,2645,-1,2645,2524,2668,-1,2518,2530,2661,-1,2661,2530,2529,-1,2661,2529,2662,-1,2649,2526,2533,-1,2526,2649,2527,-1,2527,2649,2660,-1,2527,2660,2529,-1,2529,2660,2664,-1,2529,2664,2662,-1,2544,2542,3346,-1,2542,2540,3346,-1,3346,2540,2538,-1,3346,2538,2536,-1,3346,2650,2649,-1,3346,2658,2656,-1,2656,2654,3346,-1,3346,2654,2653,-1,3346,2653,2650,-1,2533,2532,2649,-1,2649,2532,2534,-1,2649,2534,3346,-1,3346,2534,2545,-1,3346,2545,2544,-1,2659,2658,3347,-1,3348,3349,3350,-1,2659,3347,3351,-1,3351,3347,3352,-1,3351,3352,3353,-1,3353,3352,3354,-1,3353,3354,3355,-1,3355,3354,3356,-1,3355,3356,3357,-1,3357,3356,3358,-1,3357,3358,3359,-1,3359,3358,3348,-1,3359,3348,3360,-1,3360,3348,3350,-1,3360,3350,3361,-1,3362,2768,3154,-1,3154,2768,2247,-1,2247,2768,2825,-1,2247,2825,1931,-1,2817,3363,3152,-1,2817,3364,3363,-1,3363,3364,2815,-1,3363,2815,3365,-1,3365,2772,3363,-1,3363,2772,2771,-1,3363,2771,3154,-1,3154,2771,2818,-1,3154,2818,3362,-1,2803,3152,2802,-1,2802,3152,3366,-1,2803,2806,3152,-1,3152,2806,2805,-1,3152,2805,2817,-1,2794,3367,3150,-1,3150,3367,2797,-1,2797,2775,3150,-1,3150,2775,3368,-1,3150,3368,3366,-1,3366,3368,2800,-1,3366,2800,2802,-1,3369,3149,2786,-1,2786,3149,2787,-1,3369,2791,3149,-1,3149,2791,3370,-1,3149,3370,3150,-1,3150,3370,2788,-1,3150,2788,2794,-1,2787,3149,2784,-1,2784,3149,3148,-1,2784,3148,2779,-1,2779,3148,3371,-1,2779,3371,2780,-1,3372,3373,3374,-1,3375,3376,3377,-1,3377,3378,3375,-1,3375,3378,3379,-1,3375,3379,3372,-1,3380,2844,2843,-1,2849,2848,3381,-1,3381,2848,2781,-1,3381,2781,2780,-1,3372,3374,3375,-1,3375,3374,3380,-1,3375,3380,3381,-1,3381,3380,2843,-1,3381,2843,2849,-1,3382,2991,3383,-1,3383,2991,2990,-1,3383,2990,2993,-1,2993,2995,3383,-1,3383,2995,2997,-1,3383,2997,2999,-1,2979,2978,3383,-1,2982,2979,2983,-1,2983,2979,3383,-1,2983,3383,2986,-1,2986,3383,2999,-1,2978,2976,3383,-1,3383,2976,2974,-1,3383,2974,2972,-1,2890,2893,2851,-1,2890,2851,2891,-1,1943,2945,2918,-1,2918,2945,2947,-1,2918,2947,2949,-1,2972,2970,3383,-1,3383,2970,2968,-1,3383,2968,2028,-1,2891,2851,2901,-1,2901,2851,3383,-1,2901,3383,2918,-1,2918,3383,2028,-1,2918,2028,1943,-1,2893,2895,2851,-1,2851,2895,2897,-1,2851,2897,2899,-1,2873,2868,3384,-1,3384,2868,2865,-1,3384,2865,2852,-1,2879,2877,3384,-1,3384,2877,2875,-1,3384,2875,2873,-1,2899,2886,2851,-1,2851,2886,2883,-1,2851,2883,2852,-1,2852,2883,2870,-1,2852,2870,3384,-1,3384,2870,2869,-1,3384,2869,2879,-1,2949,2951,2918,-1,2918,2951,2953,-1,2918,2953,2917,-1,2917,2953,2915,-1,2921,2907,2943,-1,2940,2937,2925,-1,2943,2940,2921,-1,2921,2940,3385,-1,2921,3385,2922,-1,2922,3385,2927,-1,2933,2931,3385,-1,3385,2931,2929,-1,3385,2929,2927,-1,2940,2925,3385,-1,3385,2925,2924,-1,3385,2924,2933,-1,2907,2909,2943,-1,2943,2909,2911,-1,2943,2911,2953,-1,2953,2911,2913,-1,2953,2913,2915,-1,3061,3059,3092,-1,3092,3096,3061,-1,3061,3096,3098,-1,3061,3098,3100,-1,3076,3074,3386,-1,3082,3080,3386,-1,3386,3080,3078,-1,3386,3078,3076,-1,3074,3070,3386,-1,3386,3070,3065,-1,3386,3065,3064,-1,3100,3102,3061,-1,3061,3102,3103,-1,3061,3103,3063,-1,3063,3103,3088,-1,3063,3088,3064,-1,3064,3088,3085,-1,3064,3085,3386,-1,3386,3085,3084,-1,3386,3084,3082,-1,3132,3130,3387,-1,3387,3130,3125,-1,3387,3125,3122,-1,3387,3127,3126,-1,3126,3136,3387,-1,3387,3136,3134,-1,3387,3134,3132,-1,3122,3112,3387,-1,3387,3112,3148,-1,3387,3148,3127,-1,3127,3148,3142,-1,3112,3111,3148,-1,3148,3111,3114,-1,3148,3114,3116,-1,3116,3118,3148,-1,3148,3118,3120,-1,3148,3120,3107,-1,3059,3057,3092,-1,3092,3057,3055,-1,3092,3055,3053,-1,3107,3106,3148,-1,3148,3106,3093,-1,3148,3093,3388,-1,3388,3093,3092,-1,3053,2181,3092,-1,3092,2181,2096,-1,3092,2096,3388,-1,3388,2096,3029,-1,3388,3029,3031,-1,3031,3033,3388,-1,3388,3033,3035,-1,3388,3035,3037,-1,3011,3013,3388,-1,3011,3388,3010,-1,3023,3010,3026,-1,3026,3010,3388,-1,3026,3388,3038,-1,3038,3388,3037,-1,3013,3015,3388,-1,3388,3015,3017,-1,3388,3017,3019,-1,3019,3006,3388,-1,3388,3006,3002,-1,3388,3002,3382,-1,3382,3002,3001,-1,3382,3001,2991,-1,3389,3156,3155,-1,3389,3155,3390,-1,3390,3155,3165,-1,3390,3165,3391,-1,3392,3393,3394,-1,3394,3393,3395,-1,3394,3395,3396,-1,3396,3395,3389,-1,3395,3397,3389,-1,3389,3397,3192,-1,3389,3192,3156,-1,3156,3192,3191,-1,3156,3191,3157,-1,3157,3191,3190,-1,3157,3190,3162,-1,3177,3169,3189,-1,3189,3169,3168,-1,3189,3168,3188,-1,3188,3168,3176,-1,3188,3176,3186,-1,3186,3176,3158,-1,3186,3158,3190,-1,3190,3158,3160,-1,3190,3160,3162,-1,3398,3196,3193,-1,3398,3193,3399,-1,3399,3193,3192,-1,3399,3192,3397,-1,3349,3400,3401,-1,3349,3401,3350,-1,3350,3401,3402,-1,3350,3402,3361,-1,3403,3265,3264,-1,3403,3264,3404,-1,3404,3264,3267,-1,3404,3267,3405,-1,3406,3297,3296,-1,3406,3296,3407,-1,3407,3296,3265,-1,3407,3265,3403,-1,3408,3274,3273,-1,3408,3273,3409,-1,3409,3273,3281,-1,3409,3281,3410,-1,3267,3268,3277,-1,3277,3275,3267,-1,3267,3275,3274,-1,3267,3274,3405,-1,3405,3274,3408,-1,3405,3408,3411,-1,3411,3408,3412,-1,3411,3412,3413,-1,3413,3412,3414,-1,3413,3414,3415,-1,3415,3414,3416,-1,3255,3291,3263,-1,3263,3291,3290,-1,3263,3290,3262,-1,3262,3290,3289,-1,3262,3289,3260,-1,3260,3289,3279,-1,3260,3279,3271,-1,3271,3279,3277,-1,3271,3277,3269,-1,3269,3277,3268,-1,3417,3418,3419,-1,3420,3421,3422,-1,3423,3424,3425,-1,3426,3427,3428,-1,3427,3426,3429,-1,3430,3431,3432,-1,3433,3434,3429,-1,3435,3436,3437,-1,3435,3437,3438,-1,3439,3440,3441,-1,3441,3440,3442,-1,3441,3442,3443,-1,3433,3429,3444,-1,3445,3446,3447,-1,3447,3446,3444,-1,3447,3444,3448,-1,3449,3450,3451,-1,3451,3450,3452,-1,3451,3452,3447,-1,3447,3452,3453,-1,3447,3453,3445,-1,3454,3455,3456,-1,3456,3455,3457,-1,3456,3457,3458,-1,3459,3460,3454,-1,3454,3460,3461,-1,3454,3461,3455,-1,3455,3461,3462,-1,3455,3462,3463,-1,3463,3462,3464,-1,3463,3464,3465,-1,3465,3464,3466,-1,3465,3466,3467,-1,3467,3466,3468,-1,3467,3468,3452,-1,3452,3468,3469,-1,3452,3469,3453,-1,3456,3470,3454,-1,3454,3470,3471,-1,3454,3471,3459,-1,3472,3473,3471,-1,3471,3473,3474,-1,3471,3474,3459,-1,3431,3475,3432,-1,3432,3475,3476,-1,3432,3476,3477,-1,3377,3376,3478,-1,3478,3479,3377,-1,3377,3479,3480,-1,3377,3480,3378,-1,3378,3480,3481,-1,3378,3481,3379,-1,3379,3481,3372,-1,3482,3483,3484,-1,3484,3483,3485,-1,3480,3486,3481,-1,3481,3486,3484,-1,3481,3484,3372,-1,3372,3484,3485,-1,3372,3485,3373,-1,3476,3487,3477,-1,3477,3487,3488,-1,3477,3488,3432,-1,3432,3488,3489,-1,3432,3489,3430,-1,3430,3489,3490,-1,3436,3491,3437,-1,3437,3491,3492,-1,3437,3492,3493,-1,3493,3492,3494,-1,3493,3494,3424,-1,3424,3423,3493,-1,3493,3423,3495,-1,3493,3495,3437,-1,3437,3495,3496,-1,3437,3496,3438,-1,3421,3482,3422,-1,3422,3482,3484,-1,3422,3484,3487,-1,3487,3484,3486,-1,3487,3486,3488,-1,3488,3486,3480,-1,3488,3480,3489,-1,3489,3480,3479,-1,3489,3479,3490,-1,3490,3479,3478,-1,3458,3420,3456,-1,3456,3420,3422,-1,3456,3422,3470,-1,3470,3422,3487,-1,3470,3487,3471,-1,3471,3487,3476,-1,3471,3476,3472,-1,3472,3476,3475,-1,3497,3498,3428,-1,3428,3498,3499,-1,3428,3499,3500,-1,3444,3429,3448,-1,3448,3429,3426,-1,3448,3426,3447,-1,3447,3426,3428,-1,3447,3428,3451,-1,3451,3428,3500,-1,3451,3500,3449,-1,3418,3497,3419,-1,3419,3497,3428,-1,3419,3428,3501,-1,3501,3428,3427,-1,3501,3427,3442,-1,3442,3427,3429,-1,3442,3429,3443,-1,3443,3429,3434,-1,3502,3417,3425,-1,3425,3417,3419,-1,3425,3419,3423,-1,3423,3419,3501,-1,3423,3501,3495,-1,3495,3501,3442,-1,3495,3442,3496,-1,3496,3442,3440,-1,3496,3440,3438,-1,3438,3440,3439,-1,3503,3504,3505,-1,3505,3504,3506,-1,3505,3506,3507,-1,3507,3506,3508,-1,3507,3508,3406,-1,3508,3509,3406,-1,3406,3509,3320,-1,3406,3320,3297,-1,3297,3320,3319,-1,3297,3319,3298,-1,3298,3319,3318,-1,3298,3318,3295,-1,3314,3300,3317,-1,3317,3300,3299,-1,3317,3299,3316,-1,3316,3299,3307,-1,3316,3307,3315,-1,3315,3307,3294,-1,3315,3294,3318,-1,3318,3294,3293,-1,3318,3293,3295,-1,3410,3281,3321,-1,3410,3321,3510,-1,3510,3321,3320,-1,3510,3320,3509,-1,3322,2844,3380,-1,3373,3511,3374,-1,3374,3511,3512,-1,3374,3512,3380,-1,3380,3512,3322,-1,3322,3512,3325,-1,3322,3325,2434,-1,3345,3513,3514,-1,3345,3514,3331,-1,3331,3514,3515,-1,3331,3515,3332,-1,3361,3402,3516,-1,3353,3355,3329,-1,3353,3329,3351,-1,3355,3357,3329,-1,3329,3357,3359,-1,3329,3359,3516,-1,3516,3359,3360,-1,3516,3360,3361,-1,3342,3325,3344,-1,3344,3325,3517,-1,3344,3517,3345,-1,3345,3517,3513,-1,3342,3340,3325,-1,3325,3340,3338,-1,3325,3338,3336,-1,3336,3334,3325,-1,3325,3334,2535,-1,3325,2535,3324,-1,3324,2535,3323,-1,3324,3323,3329,-1,3329,3323,2659,-1,3329,2659,3351,-1,3332,3515,3518,-1,3337,3339,3388,-1,3337,3388,3335,-1,3339,3341,3388,-1,3388,3341,3343,-1,3388,3343,3518,-1,3518,3343,3333,-1,3518,3333,3332,-1,3358,3383,3348,-1,3348,3383,3519,-1,3348,3519,3349,-1,3349,3519,3400,-1,3358,3356,3383,-1,3383,3356,3354,-1,3383,3354,3352,-1,3352,3347,3383,-1,3383,3347,2658,-1,3383,2658,3382,-1,3382,2658,3346,-1,3382,3346,3388,-1,3388,3346,2536,-1,3388,2536,3335,-1,3388,3520,3148,-1,3148,3520,3371,-1,3520,3521,3376,-1,3376,3375,3520,-1,3520,3375,3381,-1,3520,3381,3371,-1,3371,3381,2780,-1,3404,3405,3411,-1,3522,3523,3524,-1,3525,3415,3524,-1,3524,3415,3416,-1,3524,3416,3522,-1,3403,3404,3526,-1,3526,3404,3411,-1,3526,3411,3525,-1,3525,3411,3413,-1,3525,3413,3415,-1,3527,3528,3529,-1,3530,3531,3532,-1,3529,3533,3527,-1,3527,3533,3534,-1,3527,3534,3535,-1,3535,3536,3527,-1,3527,3536,3537,-1,3527,3537,3538,-1,3527,3539,3528,-1,3528,3539,3540,-1,3528,3540,3531,-1,3531,3540,3541,-1,3531,3541,3532,-1,3542,3543,3544,-1,3544,3543,3545,-1,3544,3545,3539,-1,3539,3545,3546,-1,3539,3546,3540,-1,3547,3548,3549,-1,3549,3548,3550,-1,3549,3550,3527,-1,3551,3552,3553,-1,3532,3554,3555,-1,3538,3556,3527,-1,3527,3556,3557,-1,3527,3557,3549,-1,3555,3558,3532,-1,3532,3558,3559,-1,3532,3559,3530,-1,3544,3560,3542,-1,3542,3560,3561,-1,3542,3561,3562,-1,3562,3561,3563,-1,3540,3564,3541,-1,3541,3564,3565,-1,3541,3565,3553,-1,3553,3565,3566,-1,3553,3566,3551,-1,3561,3567,3563,-1,3563,3567,3568,-1,3563,3568,3569,-1,3569,3568,3570,-1,3418,3417,3571,-1,3571,3417,3502,-1,3571,3502,3572,-1,3573,3499,3498,-1,3573,3498,3571,-1,3571,3498,3497,-1,3571,3497,3418,-1,3574,3449,3573,-1,3573,3449,3500,-1,3573,3500,3499,-1,3467,3452,3574,-1,3574,3452,3450,-1,3574,3450,3449,-1,3575,3420,3576,-1,3576,3420,3458,-1,3576,3458,3457,-1,3457,3455,3576,-1,3576,3455,3463,-1,3576,3463,3574,-1,3574,3463,3465,-1,3574,3465,3467,-1,3511,3373,3577,-1,3577,3373,3485,-1,3485,3483,3577,-1,3577,3483,3482,-1,3577,3482,3575,-1,3575,3482,3421,-1,3575,3421,3420,-1,3524,3503,3505,-1,3507,3406,3407,-1,3524,3505,3525,-1,3525,3505,3507,-1,3525,3507,3526,-1,3526,3507,3407,-1,3526,3407,3403,-1,3578,3579,3580,-1,3581,3582,3583,-1,3583,3582,3584,-1,3583,3584,3585,-1,3585,3584,3586,-1,3583,3580,3581,-1,3581,3580,3579,-1,3581,3579,3587,-1,3587,3579,3588,-1,3578,3580,3589,-1,3589,3580,3590,-1,3589,3590,3591,-1,3592,3593,3594,-1,3594,3593,3595,-1,3592,3596,3593,-1,3593,3596,3597,-1,3593,3597,3598,-1,3584,3599,3586,-1,3586,3599,3593,-1,3586,3593,3600,-1,3600,3593,3598,-1,3591,3601,3589,-1,3589,3601,3602,-1,3589,3602,3603,-1,3604,3605,3606,-1,3606,3605,3607,-1,3606,3607,3608,-1,3609,3610,3611,-1,3611,3610,3612,-1,3611,3612,3589,-1,3613,3614,3615,-1,3615,3614,3616,-1,3615,3616,3617,-1,3617,3616,3618,-1,3608,3619,3606,-1,3606,3619,3587,-1,3606,3587,3613,-1,3613,3587,3588,-1,3613,3588,3614,-1,3603,3620,3589,-1,3589,3620,3621,-1,3589,3621,3611,-1,3564,3540,3622,-1,3623,3624,3540,-1,3624,3625,3540,-1,3540,3625,3626,-1,3540,3626,3622,-1,3537,3536,3610,-1,3537,3610,3538,-1,3536,3535,3610,-1,3610,3535,3534,-1,3610,3534,3612,-1,3562,3563,3502,-1,3562,3502,3542,-1,3540,3546,3623,-1,3623,3546,3545,-1,3623,3545,3502,-1,3502,3545,3543,-1,3502,3543,3542,-1,3538,3610,3556,-1,3556,3610,3609,-1,3556,3609,3611,-1,3563,3569,3502,-1,3502,3569,3570,-1,3502,3570,3572,-1,3572,3570,3568,-1,3572,3568,3556,-1,3539,3527,3544,-1,3544,3527,3550,-1,3544,3550,3560,-1,3560,3550,3561,-1,3550,3548,3561,-1,3561,3548,3547,-1,3561,3547,3549,-1,3568,3567,3556,-1,3556,3567,3561,-1,3556,3561,3557,-1,3557,3561,3549,-1,3611,3621,3556,-1,3556,3621,3620,-1,3556,3620,3572,-1,3572,3620,3603,-1,3600,3598,3601,-1,3580,3583,3590,-1,3590,3583,3585,-1,3590,3585,3591,-1,3591,3585,3601,-1,3601,3585,3586,-1,3601,3586,3600,-1,3598,3597,3601,-1,3601,3597,3572,-1,3601,3572,3602,-1,3602,3572,3603,-1,3597,3596,3572,-1,3572,3596,3592,-1,3572,3592,3594,-1,3594,3595,3572,-1,3572,3595,3593,-1,3572,3593,3599,-1,3599,3584,3572,-1,3572,3584,3582,-1,3572,3582,3627,-1,3627,3582,3581,-1,3619,3628,3587,-1,3587,3628,3629,-1,3587,3629,3581,-1,3581,3629,3630,-1,3581,3630,3627,-1,3619,3608,3628,-1,3628,3608,3607,-1,3628,3607,3631,-1,3631,3607,3605,-1,3605,3604,3631,-1,3631,3604,3606,-1,3631,3606,3613,-1,3615,3617,3530,-1,3530,3617,3618,-1,3618,3616,3530,-1,3530,3616,3614,-1,3530,3614,3588,-1,3612,3534,3589,-1,3589,3534,3533,-1,3589,3533,3578,-1,3578,3533,3529,-1,3578,3529,3579,-1,3579,3529,3528,-1,3579,3528,3588,-1,3588,3528,3531,-1,3588,3531,3530,-1,3613,3615,3631,-1,3631,3615,3530,-1,3631,3530,3632,-1,3632,3530,3559,-1,3632,3559,3524,-1,3524,3559,3558,-1,3524,3558,3555,-1,3633,3634,3554,-1,3554,3634,3635,-1,3554,3635,3555,-1,3635,3636,3555,-1,3555,3636,3637,-1,3555,3637,3638,-1,3638,3639,3555,-1,3555,3639,3640,-1,3555,3640,3641,-1,3503,3524,3642,-1,3642,3524,3555,-1,3642,3555,3643,-1,3643,3555,3641,-1,3553,3552,3644,-1,3645,3646,3532,-1,3532,3646,3647,-1,3532,3647,3554,-1,3554,3647,3648,-1,3554,3648,3633,-1,3645,3532,3644,-1,3644,3532,3541,-1,3644,3541,3553,-1,3552,3551,3644,-1,3644,3551,3566,-1,3644,3566,3622,-1,3622,3566,3565,-1,3622,3565,3564,-1,3409,3410,3649,-1,3408,3409,3412,-1,3412,3409,3649,-1,3412,3649,3414,-1,3414,3649,3650,-1,3414,3650,3651,-1,3651,3650,3652,-1,3652,3650,3653,-1,3652,3653,3654,-1,3655,3656,3657,-1,3655,3657,3658,-1,3658,3657,3659,-1,3659,3657,3660,-1,3659,3660,3661,-1,3661,3660,3662,-1,3661,3662,3663,-1,3663,3662,3664,-1,3663,3664,3665,-1,3665,3664,3666,-1,3665,3666,3667,-1,3667,3666,3668,-1,3667,3668,3669,-1,3669,3668,3654,-1,3654,3668,3523,-1,3654,3523,3652,-1,3652,3523,3670,-1,3652,3670,3651,-1,3651,3670,3416,-1,3651,3416,3414,-1,3671,3656,3655,-1,3671,3655,3672,-1,3672,3655,3658,-1,3672,3658,3673,-1,3674,3675,3676,-1,3676,3675,3677,-1,3678,3676,3679,-1,3679,3676,3677,-1,3679,3677,3680,-1,3681,3682,3683,-1,3674,3684,3675,-1,3675,3684,3685,-1,3675,3685,3686,-1,3687,3688,3689,-1,3680,3677,3682,-1,3682,3677,3690,-1,3682,3690,3683,-1,3688,3691,3689,-1,3689,3691,3692,-1,3689,3692,3693,-1,3687,3689,3686,-1,3686,3689,3694,-1,3686,3694,3695,-1,3695,3696,3686,-1,3686,3696,3697,-1,3686,3697,3675,-1,3698,3699,3678,-1,3678,3699,3700,-1,3678,3700,3701,-1,3701,3702,3678,-1,3678,3702,3703,-1,3678,3703,3676,-1,3676,3703,3704,-1,3676,3704,3705,-1,3706,3704,3707,-1,3707,3704,3708,-1,3706,3709,3704,-1,3704,3709,3710,-1,3704,3710,3705,-1,3711,3712,3683,-1,3683,3712,3713,-1,3713,3714,3683,-1,3683,3714,3715,-1,3683,3715,3716,-1,3716,3717,3683,-1,3683,3717,3718,-1,3683,3718,3681,-1,3719,3720,3721,-1,3721,3720,3722,-1,3723,3724,3722,-1,3722,3724,3725,-1,3722,3725,3721,-1,3721,3725,3726,-1,3721,3726,3727,-1,3728,3727,3729,-1,3729,3727,3730,-1,3731,3732,3733,-1,3722,3734,3735,-1,3735,3736,3722,-1,3722,3736,3737,-1,3722,3737,3738,-1,3731,3733,3722,-1,3722,3733,3739,-1,3722,3739,3734,-1,3738,3740,3722,-1,3722,3740,3741,-1,3722,3741,3723,-1,3719,3742,3720,-1,3720,3742,3743,-1,3720,3743,3744,-1,3744,3745,3720,-1,3720,3745,3746,-1,3720,3746,3747,-1,3747,3748,3720,-1,3720,3748,3749,-1,3720,3749,3750,-1,3750,3749,3751,-1,3750,3751,3752,-1,3752,3751,3753,-1,3727,3726,3730,-1,3730,3726,3754,-1,3730,3754,3755,-1,3755,3756,3730,-1,3730,3756,3757,-1,3730,3757,3758,-1,3729,3759,3728,-1,3728,3759,3760,-1,3728,3760,3761,-1,3761,3760,3762,-1,3478,3376,3521,-1,3475,3431,3763,-1,3763,3431,3430,-1,3763,3430,3521,-1,3521,3430,3764,-1,3521,3764,3478,-1,3765,3766,3460,-1,3460,3766,3461,-1,3765,3474,3766,-1,3766,3474,3473,-1,3766,3473,3763,-1,3763,3473,3767,-1,3763,3767,3475,-1,3768,3466,3769,-1,3769,3466,3464,-1,3769,3464,3766,-1,3766,3464,3462,-1,3766,3462,3461,-1,3770,3771,3444,-1,3444,3771,3772,-1,3770,3445,3771,-1,3771,3445,3453,-1,3771,3453,3769,-1,3769,3453,3469,-1,3769,3469,3768,-1,3439,3773,3774,-1,3774,3773,3443,-1,3774,3443,3771,-1,3771,3443,3434,-1,3771,3434,3772,-1,3775,3776,3491,-1,3491,3436,3775,-1,3775,3436,3435,-1,3775,3435,3774,-1,3774,3435,3438,-1,3774,3438,3439,-1,3777,3778,3625,-1,3623,3502,3425,-1,3424,3494,3779,-1,3779,3494,3492,-1,3779,3492,3491,-1,3625,3624,3777,-1,3777,3624,3623,-1,3777,3623,3779,-1,3779,3623,3425,-1,3779,3425,3424,-1,3780,3644,3622,-1,3781,3780,3782,-1,3782,3780,3622,-1,3782,3622,3783,-1,3783,3622,3626,-1,3783,3626,3778,-1,3778,3626,3625,-1,3645,3644,3780,-1,3645,3780,3784,-1,3784,3780,3781,-1,3784,3781,3785,-1,3784,3785,3786,-1,3646,3645,3784,-1,3784,3786,3646,-1,3646,3786,3787,-1,3646,3787,3647,-1,3504,3503,3642,-1,3504,3642,3788,-1,3788,3642,3643,-1,3788,3643,3789,-1,3789,3643,3641,-1,3789,3641,3790,-1,3790,3641,3640,-1,3790,3640,3791,-1,3791,3640,3639,-1,3791,3639,3792,-1,3792,3639,3638,-1,3792,3638,3793,-1,3793,3638,3637,-1,3793,3637,3794,-1,3794,3637,3636,-1,3794,3636,3795,-1,3795,3636,3635,-1,3795,3635,3796,-1,3796,3635,3634,-1,3796,3634,3797,-1,3797,3634,3633,-1,3797,3633,3798,-1,3798,3633,3648,-1,3798,3648,3799,-1,3799,3648,3647,-1,3799,3647,3787,-1,3510,3509,3508,-1,3649,3410,3510,-1,3510,3508,3649,-1,3649,3508,3506,-1,3649,3506,3650,-1,3650,3506,3504,-1,3650,3504,3653,-1,3672,3673,3800,-1,3801,3671,3672,-1,3672,3800,3801,-1,3801,3800,3802,-1,3801,3802,3803,-1,3803,3802,3804,-1,3803,3804,3805,-1,3805,3804,3806,-1,3805,3806,3807,-1,3807,3806,3808,-1,3807,3808,3809,-1,3809,3808,3810,-1,3809,3810,3811,-1,3811,3810,3812,-1,3811,3812,3813,-1,3813,3814,3656,-1,3524,3523,3668,-1,3524,3668,3632,-1,3632,3668,3666,-1,3632,3666,3664,-1,3664,3662,3632,-1,3632,3662,3660,-1,3632,3660,3657,-1,3807,3809,3815,-1,3815,3809,3811,-1,3815,3811,3813,-1,3813,3656,3815,-1,3815,3656,3671,-1,3815,3671,3801,-1,3801,3803,3815,-1,3815,3803,3805,-1,3815,3805,3807,-1,3816,3631,3817,-1,3817,3631,3632,-1,3817,3632,3814,-1,3814,3632,3657,-1,3814,3657,3656,-1,3818,3673,3658,-1,3804,3802,3818,-1,3818,3802,3800,-1,3818,3800,3673,-1,3810,3808,3818,-1,3818,3808,3806,-1,3818,3806,3804,-1,3658,3659,3819,-1,3819,3659,3661,-1,3819,3661,3663,-1,3663,3665,3819,-1,3819,3665,3667,-1,3819,3667,3653,-1,3653,3667,3669,-1,3653,3669,3654,-1,3810,3818,3812,-1,3812,3818,3658,-1,3812,3658,3820,-1,3820,3658,3819,-1,3820,3819,3821,-1,3821,3819,3822,-1,3821,3822,3823,-1,3813,3812,3814,-1,3814,3812,3820,-1,3814,3820,3817,-1,3820,3821,3817,-1,3817,3821,3823,-1,3817,3823,3816,-1,3676,3705,3782,-1,3782,3705,3710,-1,3782,3710,3781,-1,3710,3709,3781,-1,3781,3709,3706,-1,3781,3706,3707,-1,3703,3785,3704,-1,3704,3785,3781,-1,3704,3781,3708,-1,3708,3781,3707,-1,3702,3787,3703,-1,3703,3787,3786,-1,3703,3786,3785,-1,3789,3790,3701,-1,3790,3791,3701,-1,3701,3791,3792,-1,3701,3792,3793,-1,3793,3794,3701,-1,3701,3794,3795,-1,3701,3795,3702,-1,3702,3795,3796,-1,3702,3796,3797,-1,3797,3798,3702,-1,3702,3798,3799,-1,3702,3799,3787,-1,3653,3504,3788,-1,3728,3761,3698,-1,3761,3762,3698,-1,3698,3762,3760,-1,3698,3760,3759,-1,3729,3730,3822,-1,3789,3701,3788,-1,3788,3701,3700,-1,3788,3700,3653,-1,3653,3700,3699,-1,3653,3699,3819,-1,3819,3699,3698,-1,3819,3698,3822,-1,3822,3698,3759,-1,3822,3759,3729,-1,3730,3758,3822,-1,3822,3758,3757,-1,3822,3757,3824,-1,3824,3757,3756,-1,3756,3755,3824,-1,3824,3755,3754,-1,3824,3754,3825,-1,3825,3754,3726,-1,3825,3726,3725,-1,3723,3741,3776,-1,3723,3776,3724,-1,3724,3776,3826,-1,3724,3826,3725,-1,3725,3826,3827,-1,3725,3827,3825,-1,3741,3740,3776,-1,3776,3740,3738,-1,3776,3738,3737,-1,3737,3736,3776,-1,3776,3736,3735,-1,3776,3735,3734,-1,3753,3739,3733,-1,3722,3720,3731,-1,3731,3720,3750,-1,3733,3732,3753,-1,3753,3732,3731,-1,3753,3731,3752,-1,3752,3731,3750,-1,3751,3776,3753,-1,3753,3776,3734,-1,3753,3734,3739,-1,3747,3491,3748,-1,3748,3491,3776,-1,3748,3776,3749,-1,3749,3776,3751,-1,3713,3712,3491,-1,3713,3491,3714,-1,3783,3778,3777,-1,3693,3692,3491,-1,3690,3693,3683,-1,3683,3693,3491,-1,3683,3491,3711,-1,3711,3491,3712,-1,3692,3691,3491,-1,3491,3691,3688,-1,3491,3688,3687,-1,3687,3686,3491,-1,3491,3686,3685,-1,3491,3685,3779,-1,3782,3783,3676,-1,3676,3783,3777,-1,3676,3777,3674,-1,3674,3777,3779,-1,3674,3779,3684,-1,3684,3779,3685,-1,3690,3677,3675,-1,3675,3697,3690,-1,3690,3697,3696,-1,3690,3696,3695,-1,3695,3694,3690,-1,3690,3694,3689,-1,3690,3689,3693,-1,3728,3698,3727,-1,3727,3698,3678,-1,3727,3678,3721,-1,3721,3678,3679,-1,3721,3679,3719,-1,3719,3679,3680,-1,3719,3680,3742,-1,3742,3680,3682,-1,3742,3682,3743,-1,3743,3682,3681,-1,3743,3681,3744,-1,3681,3718,3744,-1,3744,3718,3717,-1,3744,3717,3716,-1,3747,3746,3491,-1,3491,3746,3745,-1,3491,3745,3714,-1,3714,3745,3744,-1,3714,3744,3715,-1,3715,3744,3716,-1,3828,3829,3511,-1,3511,3577,3828,-1,3828,3577,3575,-1,3828,3575,3830,-1,3830,3575,3576,-1,3830,3576,3831,-1,3831,3576,3832,-1,3831,3832,3833,-1,3833,3832,3834,-1,3833,3834,3835,-1,3835,3834,3836,-1,3835,3836,3837,-1,3837,3836,3572,-1,3837,3572,3838,-1,3512,3511,3829,-1,3829,3839,3512,-1,3512,3839,3517,-1,3512,3517,3325,-1,3518,3515,3514,-1,3518,3514,3840,-1,3840,3514,3513,-1,3840,3513,3517,-1,3841,3842,3521,-1,3521,3520,3841,-1,3841,3520,3388,-1,3841,3388,3518,-1,3763,3521,3842,-1,3842,3843,3763,-1,3763,3843,3844,-1,3763,3844,3766,-1,3766,3844,3845,-1,3766,3845,3846,-1,3846,3845,3847,-1,3846,3847,3848,-1,3848,3847,3849,-1,3848,3849,3850,-1,3850,3849,3851,-1,3850,3851,3775,-1,3775,3851,3852,-1,3775,3852,3776,-1,3852,3853,3776,-1,3776,3853,3826,-1,3853,3854,3826,-1,3826,3854,3855,-1,3826,3855,3827,-1,3838,3572,3856,-1,3856,3572,3627,-1,3856,3627,3857,-1,3857,3627,3630,-1,3857,3630,3858,-1,3840,3517,3839,-1,3858,3855,3857,-1,3857,3855,3854,-1,3857,3854,3856,-1,3856,3854,3853,-1,3856,3853,3838,-1,3838,3853,3852,-1,3838,3852,3837,-1,3837,3852,3851,-1,3837,3851,3835,-1,3835,3851,3849,-1,3835,3849,3833,-1,3833,3849,3847,-1,3833,3847,3831,-1,3831,3847,3845,-1,3831,3845,3830,-1,3830,3845,3844,-1,3830,3844,3828,-1,3828,3844,3843,-1,3828,3843,3829,-1,3829,3843,3842,-1,3829,3842,3839,-1,3839,3842,3841,-1,3839,3841,3840,-1,3840,3841,3518,-1,3199,2317,3213,-1,3221,3859,3219,-1,3219,3859,3860,-1,3219,3860,3213,-1,3213,3860,3199,-1,3199,3860,3383,-1,3199,3383,2851,-1,3861,3236,3233,-1,3861,3233,3862,-1,3862,3233,3196,-1,3862,3196,3398,-1,3329,3863,2472,-1,2472,3863,3211,-1,3863,3864,3215,-1,2330,3211,3212,-1,3212,3211,3863,-1,3212,3863,3214,-1,3214,3863,3215,-1,3865,3866,3867,-1,3868,3869,3870,-1,3869,3868,3871,-1,3872,3873,3874,-1,3875,3876,3877,-1,3878,3879,3880,-1,3881,3882,3880,-1,3883,3884,3871,-1,3885,3886,3887,-1,3885,3887,3888,-1,3883,3871,3889,-1,3889,3890,3891,-1,3891,3890,3892,-1,3891,3892,3893,-1,3881,3880,3892,-1,3880,3879,3892,-1,3892,3879,3894,-1,3892,3894,3893,-1,3880,3895,3878,-1,3878,3895,3896,-1,3878,3896,3897,-1,3897,3896,3898,-1,3897,3898,3899,-1,3899,3898,3900,-1,3901,3902,3903,-1,3900,3898,3903,-1,3903,3898,3904,-1,3903,3904,3901,-1,3904,3905,3906,-1,3906,3905,3907,-1,3906,3907,3908,-1,3904,3906,3901,-1,3901,3906,3909,-1,3901,3909,3910,-1,3911,3912,3910,-1,3910,3912,3913,-1,3910,3913,3901,-1,3901,3913,3914,-1,3901,3914,3902,-1,3915,3875,3916,-1,3916,3875,3877,-1,3916,3877,3917,-1,3918,3919,3920,-1,3920,3919,3921,-1,3922,3923,3924,-1,3924,3923,3925,-1,3926,3927,3928,-1,3928,3927,3929,-1,3928,3929,3930,-1,3929,3925,3930,-1,3930,3925,3923,-1,3930,3923,3931,-1,3931,3923,3922,-1,3931,3922,3919,-1,3919,3922,3932,-1,3919,3932,3921,-1,3877,3933,3917,-1,3917,3933,3934,-1,3917,3934,3916,-1,3916,3934,3874,-1,3916,3874,3915,-1,3915,3874,3873,-1,3935,3936,3870,-1,3870,3936,3937,-1,3870,3937,3938,-1,3889,3871,3890,-1,3890,3871,3868,-1,3890,3868,3892,-1,3892,3868,3870,-1,3892,3870,3881,-1,3881,3870,3938,-1,3881,3938,3882,-1,3939,3221,3940,-1,3940,3221,3220,-1,3940,3220,3941,-1,3941,3220,3218,-1,3941,3218,3217,-1,3886,3939,3887,-1,3887,3939,3940,-1,3887,3940,3942,-1,3942,3940,3941,-1,3942,3941,3943,-1,3943,3941,3217,-1,3943,3217,3216,-1,3866,3932,3867,-1,3867,3932,3922,-1,3867,3922,3933,-1,3933,3922,3924,-1,3933,3924,3934,-1,3934,3924,3925,-1,3934,3925,3874,-1,3874,3925,3929,-1,3874,3929,3872,-1,3872,3929,3927,-1,3908,3865,3906,-1,3906,3865,3867,-1,3906,3867,3909,-1,3909,3867,3933,-1,3909,3933,3910,-1,3910,3933,3877,-1,3910,3877,3911,-1,3911,3877,3876,-1,3944,3945,3946,-1,3946,3935,3944,-1,3944,3935,3870,-1,3944,3870,3947,-1,3947,3870,3869,-1,3947,3869,3948,-1,3948,3869,3871,-1,3948,3871,3949,-1,3215,3945,3216,-1,3216,3945,3944,-1,3216,3944,3943,-1,3943,3944,3947,-1,3943,3947,3942,-1,3942,3947,3948,-1,3942,3948,3887,-1,3887,3948,3949,-1,3887,3949,3888,-1,3888,3949,3871,-1,3888,3871,3950,-1,3950,3871,3884,-1,3247,3248,3234,-1,3228,3238,3229,-1,3229,3238,3237,-1,3229,3237,3230,-1,3230,3237,3245,-1,3230,3245,3231,-1,3231,3245,3232,-1,3231,3232,3250,-1,3250,3232,3234,-1,3250,3234,3249,-1,3249,3234,3248,-1,3951,3952,3953,-1,3953,3952,3954,-1,3953,3954,3955,-1,3955,3954,3956,-1,3955,3956,3861,-1,3861,3956,3957,-1,3861,3957,3236,-1,3236,3957,3247,-1,3236,3247,3235,-1,3235,3247,3234,-1,3391,3165,3246,-1,3391,3246,3958,-1,3958,3246,3247,-1,3958,3247,3957,-1,3396,3959,3960,-1,3391,3959,3390,-1,3390,3959,3396,-1,3390,3396,3389,-1,3961,3962,3963,-1,3963,3964,3961,-1,3961,3964,3392,-1,3961,3392,3960,-1,3960,3392,3394,-1,3960,3394,3396,-1,3965,3966,3967,-1,3965,3967,3968,-1,3968,3967,3969,-1,3968,3969,3970,-1,3971,3393,3392,-1,3971,3392,3972,-1,3972,3392,3973,-1,3972,3973,3974,-1,3974,3973,3963,-1,3974,3963,3975,-1,3975,3963,3962,-1,3975,3962,3976,-1,3962,3977,3976,-1,3976,3977,3978,-1,3976,3978,3979,-1,3978,3980,3979,-1,3979,3980,3981,-1,3979,3981,3982,-1,3981,3983,3982,-1,3982,3983,3984,-1,3982,3984,3985,-1,3984,3986,3985,-1,3985,3986,3987,-1,3985,3987,3988,-1,3988,3987,3989,-1,3988,3989,3990,-1,3990,3969,3988,-1,3988,3969,3967,-1,3988,3967,3966,-1,3399,3397,3395,-1,3991,3992,3971,-1,3971,3972,3991,-1,3991,3972,3974,-1,3991,3974,3975,-1,3398,3399,3993,-1,3993,3399,3395,-1,3993,3395,3992,-1,3992,3395,3393,-1,3992,3393,3971,-1,3994,3995,3996,-1,3997,3965,3968,-1,3994,3996,3998,-1,3998,3996,3999,-1,3998,3999,4000,-1,4000,3999,4001,-1,4000,4001,4002,-1,4002,4001,4003,-1,4002,4003,4004,-1,4004,4003,4005,-1,4004,4005,4006,-1,4006,4005,3997,-1,4006,3997,4007,-1,4007,3997,3968,-1,4007,3968,3970,-1,4008,4009,4010,-1,4010,4011,4008,-1,4008,4011,4012,-1,4008,4012,4013,-1,4013,4012,4014,-1,4013,4014,4015,-1,4015,4014,4016,-1,4015,4016,4017,-1,4017,4016,4018,-1,4017,4018,4019,-1,4019,4018,4020,-1,4019,4020,4021,-1,4021,4020,4022,-1,4021,4022,3859,-1,3519,3383,3860,-1,3519,3860,4023,-1,4023,3860,3859,-1,4023,3859,4022,-1,3400,3519,4024,-1,3400,4024,3401,-1,3401,4024,3516,-1,3401,3516,3402,-1,4025,3864,3863,-1,4025,3863,4026,-1,4026,3863,3329,-1,4026,3329,3516,-1,4027,4028,4029,-1,4029,4030,4027,-1,4027,4030,4031,-1,4027,4031,4032,-1,4032,4031,4033,-1,4032,4033,4034,-1,4034,4033,4035,-1,4034,4035,4036,-1,4036,4035,4037,-1,4036,4037,4038,-1,4038,4037,4039,-1,4038,4039,4040,-1,4040,4039,3864,-1,4040,3864,4025,-1,4041,4042,4043,-1,4044,4045,4042,-1,4042,4045,4046,-1,4047,4042,4048,-1,4048,4042,4046,-1,4048,4046,4049,-1,4049,4046,4050,-1,4050,4046,4051,-1,4050,4051,4052,-1,4052,4053,4050,-1,4050,4053,4054,-1,4050,4054,4055,-1,4056,4057,4058,-1,4058,4057,4059,-1,4058,4059,4050,-1,4043,4042,4060,-1,4060,4042,4047,-1,4060,4047,4061,-1,4061,4047,4062,-1,4061,4062,4063,-1,4063,4062,4064,-1,4063,4064,4065,-1,4055,4066,4050,-1,4050,4066,4067,-1,4050,4067,4058,-1,4068,4043,4069,-1,4069,4043,4070,-1,4068,4071,4043,-1,4043,4071,4072,-1,4043,4072,4041,-1,4044,4073,4045,-1,4045,4073,4074,-1,4045,4074,4075,-1,4075,4074,4076,-1,4075,4076,4077,-1,4077,4076,4078,-1,4078,4079,4077,-1,4077,4079,4080,-1,4077,4080,4081,-1,4081,4082,4077,-1,4077,4082,4083,-1,4077,4083,4084,-1,4085,4086,4087,-1,4087,4086,4088,-1,4089,4090,4091,-1,4088,4092,4087,-1,4087,4092,4093,-1,4087,4093,4094,-1,4095,4096,4097,-1,4097,4096,4098,-1,4097,4098,4085,-1,4099,4100,4094,-1,4094,4100,4101,-1,4094,4101,4087,-1,4102,4103,4104,-1,4104,4103,4105,-1,4098,4106,4085,-1,4085,4106,4107,-1,4085,4107,4086,-1,4086,4107,4105,-1,4086,4105,4090,-1,4090,4105,4103,-1,4090,4103,4091,-1,4108,4109,4110,-1,4094,4111,4099,-1,4099,4111,4112,-1,4099,4112,4113,-1,4102,4114,4103,-1,4103,4114,4115,-1,4103,4115,4116,-1,4117,4118,4119,-1,4108,4120,4109,-1,4109,4120,4121,-1,4109,4121,4122,-1,4097,4123,4095,-1,4095,4123,4108,-1,4095,4108,4124,-1,4124,4108,4110,-1,4117,4119,4091,-1,4091,4119,4125,-1,4091,4125,4089,-1,4126,4127,4113,-1,4113,4127,4128,-1,4113,4128,4099,-1,3936,3935,4039,-1,3945,3215,3864,-1,4039,3935,3864,-1,3864,3935,3946,-1,3864,3946,3945,-1,3880,3882,4037,-1,4037,3882,3938,-1,4037,3938,4039,-1,4039,3938,3937,-1,4039,3937,3936,-1,3904,3898,4035,-1,4035,3898,3896,-1,4035,3896,4037,-1,4037,3896,3895,-1,4037,3895,3880,-1,3904,4035,3905,-1,3905,4035,4033,-1,3905,4033,3907,-1,3907,4033,4031,-1,3907,4031,3908,-1,3921,3932,4030,-1,4030,3932,3866,-1,4030,3866,4031,-1,4031,3866,3865,-1,4031,3865,3908,-1,4029,3918,4030,-1,4030,3918,3920,-1,4030,3920,3921,-1,3919,3918,4129,-1,4130,3926,3928,-1,3928,3930,4130,-1,4130,3930,3931,-1,4130,3931,3919,-1,3919,4129,4130,-1,4130,4129,4131,-1,4130,4131,4132,-1,4132,4131,4133,-1,4132,4133,4134,-1,4135,4136,4137,-1,4138,4135,4139,-1,4139,4135,4137,-1,4139,4137,4140,-1,4140,4137,4141,-1,4140,4141,4133,-1,4133,4141,4134,-1,4142,4136,4135,-1,4142,4135,4143,-1,4143,4135,4138,-1,4143,4138,4144,-1,4145,4146,4147,-1,4148,4142,4143,-1,4145,4147,4149,-1,4149,4147,4150,-1,4149,4150,4151,-1,4151,4150,4152,-1,4151,4152,4153,-1,4153,4152,4154,-1,4153,4154,4155,-1,4155,4154,4156,-1,4155,4156,4157,-1,4157,4156,4148,-1,4157,4148,4158,-1,4158,4148,4143,-1,4158,4143,4144,-1,4146,4145,4159,-1,4146,4159,4160,-1,4160,4159,4161,-1,4160,4161,4162,-1,3952,3951,4163,-1,3952,4163,4164,-1,4164,4163,4165,-1,4164,4165,4166,-1,4166,4165,4167,-1,4166,4167,4168,-1,4168,4167,4169,-1,4168,4169,4170,-1,4170,4169,4171,-1,4170,4171,4172,-1,4172,4171,4173,-1,4172,4173,4174,-1,4174,4173,4175,-1,4174,4175,4176,-1,4176,4175,4177,-1,4176,4177,4178,-1,4178,4177,4179,-1,4178,4179,4180,-1,4180,4179,4181,-1,4180,4181,4182,-1,4182,4181,4183,-1,4182,4183,4184,-1,4184,4183,4185,-1,4184,4185,4186,-1,4186,4185,4162,-1,4186,4162,4161,-1,3952,3961,3960,-1,3959,3391,3958,-1,3952,3960,3954,-1,3954,3960,3959,-1,3954,3959,3956,-1,3956,3959,3958,-1,3956,3958,3957,-1,4068,4069,4138,-1,4139,4140,4042,-1,4042,4041,4139,-1,4139,4041,4072,-1,4139,4072,4138,-1,4138,4072,4071,-1,4138,4071,4068,-1,4069,4070,4138,-1,4138,4070,4043,-1,4138,4043,4144,-1,4144,4043,4060,-1,4144,4060,4187,-1,4155,4157,4187,-1,4187,4157,4158,-1,4187,4158,4144,-1,4061,4161,4060,-1,4060,4161,4159,-1,4060,4159,4187,-1,4187,4159,4145,-1,4187,4145,4149,-1,4149,4151,4187,-1,4187,4151,4153,-1,4187,4153,4155,-1,4168,4170,4063,-1,4063,4170,4172,-1,4063,4172,4174,-1,4174,4176,4063,-1,4063,4176,4178,-1,4063,4178,4061,-1,4061,4178,4180,-1,4061,4180,4182,-1,4182,4184,4061,-1,4061,4184,4186,-1,4061,4186,4161,-1,3961,3952,4164,-1,4062,4188,4064,-1,4064,4188,3961,-1,4064,3961,4065,-1,4065,3961,4164,-1,4065,4164,4063,-1,4063,4164,4166,-1,4063,4166,4168,-1,4125,4119,4062,-1,4062,4119,4118,-1,4062,4118,4188,-1,4188,4118,4117,-1,4188,4117,4091,-1,4114,4189,4115,-1,4115,4189,4190,-1,4115,4190,4116,-1,4116,4190,4188,-1,4116,4188,4103,-1,4103,4188,4091,-1,4114,4102,4189,-1,4189,4102,4104,-1,4189,4104,4191,-1,4191,4104,4105,-1,4191,4105,4107,-1,4098,4096,4029,-1,4098,4029,4106,-1,4106,4029,4192,-1,4106,4192,4107,-1,4107,4192,4193,-1,4107,4193,4191,-1,4096,4095,4029,-1,4029,4095,4124,-1,4029,4124,4110,-1,4110,4109,4029,-1,4029,4109,4122,-1,4029,4122,4121,-1,4099,4120,4108,-1,4085,4087,4097,-1,4097,4087,4101,-1,4108,4123,4099,-1,4099,4123,4097,-1,4099,4097,4100,-1,4100,4097,4101,-1,4128,4029,4099,-1,4099,4029,4121,-1,4099,4121,4120,-1,4054,4053,4084,-1,4054,4084,4055,-1,4053,4052,4084,-1,4084,4052,4051,-1,4084,4051,4077,-1,4046,4045,4051,-1,4051,4045,4075,-1,4051,4075,4077,-1,4128,4127,4029,-1,4029,4127,4126,-1,4029,4126,4066,-1,4066,4126,4113,-1,4066,4113,4112,-1,4081,3918,4029,-1,4055,4084,4066,-1,4066,4084,4083,-1,4066,4083,4029,-1,4029,4083,4082,-1,4029,4082,4081,-1,4081,4080,3918,-1,3918,4080,4079,-1,3918,4079,4078,-1,4078,4076,3918,-1,3918,4076,4074,-1,3918,4074,4129,-1,4140,4133,4042,-1,4042,4133,4131,-1,4042,4131,4044,-1,4044,4131,4129,-1,4044,4129,4073,-1,4073,4129,4074,-1,4094,4093,4059,-1,4059,4093,4092,-1,4059,4092,4050,-1,4050,4092,4049,-1,4049,4092,4088,-1,4049,4088,4048,-1,4048,4088,4086,-1,4048,4086,4047,-1,4047,4086,4090,-1,4047,4090,4062,-1,4062,4090,4089,-1,4062,4089,4125,-1,4059,4057,4094,-1,4094,4057,4056,-1,4094,4056,4058,-1,4112,4111,4066,-1,4066,4111,4094,-1,4066,4094,4067,-1,4067,4094,4058,-1,4194,3872,4008,-1,4008,3872,4009,-1,4009,3872,3927,-1,4009,3927,3926,-1,3914,4013,4015,-1,3914,4195,4013,-1,4013,4195,3912,-1,4013,3912,4196,-1,4196,3876,4013,-1,4013,3876,3875,-1,4013,3875,4008,-1,4008,3875,3915,-1,4008,3915,4194,-1,3899,3900,4015,-1,3900,3903,4015,-1,4015,3903,3902,-1,4015,3902,3914,-1,3899,4015,3897,-1,3897,4015,4017,-1,3897,4017,4197,-1,4198,4017,3891,-1,3891,4017,4019,-1,4198,3894,4017,-1,4017,3894,3879,-1,4017,3879,4197,-1,3884,4199,4019,-1,4019,4199,3889,-1,4019,3889,3891,-1,4200,3885,4021,-1,4021,3885,3888,-1,4021,3888,4019,-1,4019,3888,3950,-1,4019,3950,3884,-1,3859,3221,4021,-1,4021,3221,3939,-1,4021,3939,4200,-1,3862,3398,3993,-1,3955,3861,3862,-1,3862,3993,3955,-1,3955,3993,3992,-1,3955,3992,3953,-1,3953,3992,3991,-1,3953,3991,3951,-1,4201,4202,4203,-1,4203,4202,4204,-1,4203,4204,4205,-1,4206,4207,4208,-1,4208,4207,4209,-1,4209,4210,4208,-1,4208,4210,4211,-1,4208,4211,4212,-1,4213,4214,4215,-1,4216,4217,4203,-1,4203,4217,4218,-1,4219,4220,4221,-1,4221,4220,4222,-1,4221,4222,4203,-1,4203,4222,4223,-1,4203,4223,4216,-1,4218,4224,4203,-1,4203,4224,4225,-1,4203,4225,4201,-1,4226,4227,4211,-1,4211,4227,4228,-1,4228,4229,4211,-1,4211,4229,4230,-1,4211,4230,4231,-1,4231,4232,4211,-1,4211,4232,4233,-1,4211,4233,4212,-1,4208,4203,4206,-1,4206,4203,4205,-1,4206,4205,4215,-1,4215,4205,4234,-1,4215,4234,4213,-1,4213,4234,4235,-1,4213,4235,4236,-1,4236,4237,4213,-1,4213,4237,4238,-1,4213,4238,4239,-1,4240,4241,4242,-1,4242,4241,4243,-1,4242,4243,4214,-1,4214,4243,4244,-1,4214,4244,4215,-1,4245,4246,4247,-1,4248,4249,4250,-1,4251,4252,4253,-1,4253,4252,4254,-1,4253,4254,4255,-1,4256,4257,4253,-1,4253,4257,4258,-1,4253,4258,4259,-1,4250,4249,4260,-1,4255,4261,4253,-1,4253,4261,4262,-1,4253,4262,4256,-1,4259,4263,4253,-1,4253,4263,4264,-1,4253,4264,4265,-1,4265,4264,4266,-1,4267,4268,4269,-1,4245,4247,4270,-1,4270,4247,4271,-1,4270,4271,4272,-1,4267,4269,4250,-1,4250,4269,4273,-1,4250,4273,4248,-1,4272,4274,4270,-1,4270,4274,4275,-1,4270,4275,4276,-1,4276,4277,4270,-1,4270,4277,4278,-1,4270,4278,4279,-1,4279,4278,4280,-1,4279,4280,4281,-1,4281,4280,4282,-1,4253,4247,4251,-1,4251,4247,4246,-1,4251,4246,4249,-1,4249,4246,4283,-1,4249,4283,4260,-1,4260,4283,4284,-1,4260,4284,4285,-1,4285,4284,4286,-1,4285,4286,4287,-1,4287,4286,4288,-1,4248,4289,4249,-1,4249,4289,4290,-1,4249,4290,4251,-1,4250,4260,4291,-1,4248,4273,4289,-1,4289,4273,4269,-1,4289,4269,4292,-1,4292,4269,4268,-1,4292,4268,4291,-1,4291,4268,4267,-1,4291,4267,4250,-1,4285,4287,4244,-1,4244,4287,4288,-1,4288,4286,4244,-1,4244,4286,4284,-1,4244,4284,4283,-1,4260,4285,4291,-1,4291,4285,4244,-1,4291,4244,3991,-1,4244,4243,3991,-1,3991,4243,4241,-1,3991,4241,4240,-1,4183,4181,4242,-1,4242,4181,4179,-1,4242,4179,4240,-1,4179,4177,4240,-1,4240,4177,4175,-1,4240,4175,4173,-1,4173,4171,4240,-1,4240,4171,4169,-1,4240,4169,4167,-1,3951,3991,4163,-1,4163,3991,4240,-1,4163,4240,4165,-1,4165,4240,4167,-1,4147,4293,4150,-1,4150,4293,4152,-1,4148,4156,4293,-1,4293,4156,4154,-1,4293,4154,4152,-1,4147,4146,4293,-1,4293,4146,4160,-1,4293,4160,4214,-1,4214,4160,4162,-1,4214,4162,4242,-1,4242,4162,4185,-1,4242,4185,4183,-1,4148,4293,4142,-1,4142,4293,4214,-1,4142,4214,4136,-1,4214,4213,4136,-1,4136,4213,4239,-1,4136,4239,4238,-1,4238,4237,4136,-1,4136,4237,4236,-1,4136,4236,4137,-1,4222,4220,4208,-1,4220,4219,4208,-1,4208,4219,4221,-1,4208,4221,4203,-1,4132,4134,4141,-1,4205,4204,4130,-1,4130,4204,4202,-1,4130,4202,3926,-1,4130,4132,4205,-1,4205,4132,4141,-1,4205,4141,4234,-1,4234,4141,4137,-1,4234,4137,4235,-1,4235,4137,4236,-1,4202,4201,3926,-1,3926,4201,4225,-1,3926,4225,4224,-1,4224,4218,3926,-1,3926,4218,4217,-1,3926,4217,4216,-1,4222,4208,4223,-1,4223,4208,4212,-1,4223,4212,4216,-1,4216,4212,4233,-1,4216,4233,3926,-1,3926,4233,4232,-1,3926,4232,4231,-1,4231,4230,3926,-1,3926,4230,4229,-1,3926,4229,4009,-1,4009,4229,4228,-1,4265,4266,4274,-1,4247,4253,4271,-1,4271,4253,4265,-1,4271,4265,4272,-1,4272,4265,4274,-1,4276,4275,4263,-1,4263,4275,4274,-1,4263,4274,4264,-1,4264,4274,4266,-1,4281,4282,4210,-1,4210,4282,4211,-1,4281,4210,4279,-1,4279,4210,4209,-1,4279,4209,4270,-1,4270,4209,4245,-1,4245,4209,4207,-1,4245,4207,4246,-1,4246,4207,4206,-1,4246,4206,4283,-1,4283,4206,4215,-1,4283,4215,4244,-1,4211,4282,4226,-1,4226,4282,4280,-1,4226,4280,4278,-1,4228,4227,4009,-1,4009,4227,4226,-1,4009,4226,4277,-1,4277,4226,4278,-1,4257,4256,4009,-1,4276,4263,4277,-1,4277,4263,4259,-1,4277,4259,4009,-1,4009,4259,4258,-1,4009,4258,4257,-1,4256,4262,4009,-1,4009,4262,4261,-1,4009,4261,4255,-1,4255,4254,4009,-1,4009,4254,4252,-1,4009,4252,4294,-1,4294,4252,4251,-1,4294,4251,4295,-1,4295,4251,4290,-1,4296,4297,4298,-1,4298,4297,4299,-1,4300,4301,4298,-1,4298,4301,4302,-1,4298,4302,4303,-1,4303,4304,4298,-1,4298,4304,4305,-1,4298,4305,4296,-1,4299,4306,4298,-1,4298,4306,4307,-1,4298,4307,4308,-1,4309,4310,4311,-1,4311,4310,4312,-1,4311,4312,4313,-1,4314,4315,4311,-1,4311,4315,4316,-1,4311,4316,4309,-1,4317,4318,4319,-1,4320,4321,4317,-1,4317,4321,4322,-1,4317,4322,4318,-1,4323,4313,4317,-1,4317,4313,4324,-1,4317,4324,4320,-1,4325,4323,4326,-1,4326,4323,4317,-1,4326,4317,4327,-1,4327,4317,4319,-1,4328,4329,4323,-1,4323,4329,4330,-1,4323,4330,4331,-1,4331,4332,4323,-1,4323,4332,4300,-1,4323,4300,4313,-1,4313,4300,4298,-1,4313,4298,4311,-1,4311,4298,4308,-1,4311,4308,4314,-1,4325,4333,4323,-1,4323,4333,4334,-1,4323,4334,4335,-1,4335,4336,4323,-1,4323,4336,4337,-1,4323,4337,4328,-1,4338,4339,4340,-1,4339,4338,4341,-1,4342,4341,4343,-1,4343,4341,4338,-1,4343,4338,4344,-1,4344,4338,4340,-1,4342,4345,4341,-1,4341,4345,4346,-1,4341,4346,4347,-1,4347,4348,4341,-1,4341,4348,4349,-1,4341,4349,4350,-1,4351,4352,4353,-1,4354,4355,4356,-1,4355,4357,4356,-1,4356,4357,4341,-1,4356,4341,4351,-1,4351,4341,4350,-1,4351,4350,4358,-1,4359,4360,4356,-1,4356,4360,4361,-1,4356,4361,4354,-1,4353,4362,4351,-1,4351,4362,4363,-1,4351,4363,4356,-1,4356,4363,4364,-1,4356,4364,4359,-1,4365,4366,4367,-1,4367,4366,4368,-1,4367,4368,4369,-1,4370,4341,4367,-1,4367,4341,4371,-1,4367,4371,4365,-1,4369,4372,4367,-1,4367,4372,4373,-1,4367,4373,4370,-1,4370,4373,4374,-1,4374,4375,4370,-1,4370,4375,4376,-1,4370,4376,4341,-1,4341,4376,4377,-1,4341,4377,4378,-1,4378,4379,4341,-1,4341,4379,4380,-1,4341,4380,4381,-1,4381,4382,4341,-1,4341,4382,4383,-1,4341,4383,4384,-1,4384,4385,4341,-1,4341,4385,4386,-1,4341,4386,4339,-1,4326,4327,4387,-1,4387,4327,4388,-1,4387,4388,4389,-1,4389,4388,4390,-1,4389,4390,4391,-1,4391,4390,4392,-1,4391,4392,4393,-1,4393,4392,4394,-1,4393,4394,4395,-1,4395,4394,4396,-1,4395,4396,4397,-1,4396,4398,4397,-1,4397,4398,4399,-1,4397,4399,4400,-1,4401,4402,4308,-1,4403,4404,4405,-1,4406,4407,4408,-1,4408,4407,4409,-1,4410,4406,4411,-1,4411,4406,4408,-1,4411,4408,4412,-1,4412,4408,4413,-1,4414,4415,4416,-1,4416,4415,4417,-1,4416,4417,4413,-1,4413,4417,4418,-1,4413,4418,4412,-1,4419,4420,4421,-1,4421,4420,4422,-1,4421,4422,4414,-1,4414,4422,4423,-1,4414,4423,4415,-1,4424,4425,4426,-1,4426,4425,4427,-1,4426,4427,4419,-1,4419,4427,4428,-1,4419,4428,4420,-1,4424,4426,4429,-1,4429,4426,4430,-1,4429,4430,4431,-1,4431,4430,4432,-1,4431,4432,4433,-1,4433,4432,4434,-1,4434,4432,4435,-1,4434,4435,4436,-1,4436,4435,4437,-1,4436,4437,4438,-1,4393,4395,4439,-1,4439,4395,4397,-1,4438,4437,4440,-1,4440,4437,4439,-1,4440,4439,4441,-1,4441,4439,4397,-1,4441,4397,4400,-1,4389,4391,4442,-1,4442,4391,4393,-1,4389,4443,4387,-1,4387,4443,4325,-1,4387,4325,4326,-1,4444,4445,4337,-1,4337,4336,4444,-1,4444,4336,4335,-1,4444,4335,4446,-1,4446,4335,4334,-1,4446,4334,4443,-1,4443,4334,4333,-1,4443,4333,4325,-1,4447,4448,4331,-1,4331,4330,4447,-1,4447,4330,4329,-1,4447,4329,4445,-1,4445,4329,4328,-1,4445,4328,4337,-1,4449,4300,4448,-1,4448,4300,4332,-1,4448,4332,4331,-1,4450,4302,4449,-1,4449,4302,4301,-1,4449,4301,4300,-1,4451,4304,4450,-1,4450,4304,4303,-1,4450,4303,4302,-1,4452,4296,4451,-1,4451,4296,4305,-1,4451,4305,4304,-1,4308,4307,4401,-1,4401,4307,4306,-1,4401,4306,4453,-1,4453,4306,4299,-1,4453,4299,4452,-1,4452,4299,4297,-1,4452,4297,4296,-1,4389,4442,4443,-1,4443,4442,4454,-1,4443,4454,4446,-1,4446,4454,4455,-1,4446,4455,4444,-1,4444,4455,4456,-1,4444,4456,4445,-1,4445,4456,4457,-1,4445,4457,4447,-1,4447,4457,4458,-1,4447,4458,4448,-1,4448,4458,4459,-1,4448,4459,4449,-1,4449,4459,4460,-1,4449,4460,4450,-1,4450,4460,4461,-1,4450,4461,4451,-1,4451,4461,4462,-1,4451,4462,4452,-1,4452,4462,4463,-1,4452,4463,4453,-1,4453,4463,4403,-1,4453,4403,4401,-1,4401,4403,4405,-1,4401,4405,4402,-1,4393,4439,4442,-1,4442,4439,4437,-1,4442,4437,4454,-1,4454,4437,4435,-1,4454,4435,4455,-1,4455,4435,4432,-1,4455,4432,4456,-1,4456,4432,4430,-1,4456,4430,4457,-1,4457,4430,4426,-1,4457,4426,4458,-1,4458,4426,4419,-1,4458,4419,4459,-1,4459,4419,4421,-1,4459,4421,4460,-1,4460,4421,4414,-1,4460,4414,4461,-1,4461,4414,4416,-1,4461,4416,4462,-1,4462,4416,4413,-1,4462,4413,4463,-1,4463,4413,4408,-1,4463,4408,4403,-1,4403,4408,4409,-1,4403,4409,4404,-1,4314,4308,4464,-1,4464,4308,4402,-1,4464,4402,4465,-1,4465,4402,4405,-1,4465,4405,4466,-1,4466,4405,4404,-1,4466,4404,4467,-1,4467,4404,4409,-1,4467,4409,4468,-1,4468,4409,4407,-1,4468,4407,4469,-1,4407,4406,4469,-1,4469,4406,4410,-1,4469,4410,4470,-1,4469,4470,4471,-1,4467,4468,4472,-1,4315,4314,4464,-1,4315,4473,4316,-1,4316,4473,4474,-1,4316,4474,4309,-1,4309,4474,4475,-1,4309,4475,4310,-1,4310,4475,4476,-1,4310,4476,4312,-1,4312,4476,4477,-1,4312,4477,4313,-1,4313,4477,4478,-1,4388,4327,4479,-1,4479,4327,4319,-1,4479,4319,4480,-1,4480,4319,4318,-1,4480,4318,4481,-1,4481,4318,4322,-1,4481,4322,4482,-1,4482,4322,4321,-1,4482,4321,4483,-1,4483,4321,4320,-1,4483,4320,4478,-1,4478,4320,4324,-1,4478,4324,4313,-1,4473,4484,4485,-1,4486,4392,4390,-1,4473,4485,4474,-1,4474,4485,4487,-1,4474,4487,4475,-1,4475,4487,4488,-1,4475,4488,4476,-1,4476,4488,4489,-1,4476,4489,4477,-1,4477,4489,4490,-1,4477,4490,4478,-1,4478,4490,4491,-1,4478,4491,4483,-1,4483,4491,4492,-1,4483,4492,4482,-1,4482,4492,4493,-1,4482,4493,4481,-1,4481,4493,4494,-1,4481,4494,4480,-1,4480,4494,4486,-1,4480,4486,4479,-1,4479,4486,4390,-1,4479,4390,4388,-1,4315,4464,4473,-1,4473,4464,4465,-1,4473,4465,4484,-1,4484,4465,4466,-1,4484,4466,4467,-1,4398,4396,4495,-1,4495,4396,4394,-1,4467,4472,4484,-1,4484,4472,4496,-1,4484,4496,4485,-1,4485,4496,4497,-1,4485,4497,4487,-1,4487,4497,4498,-1,4487,4498,4488,-1,4488,4498,4499,-1,4488,4499,4489,-1,4489,4499,4500,-1,4489,4500,4490,-1,4490,4500,4501,-1,4490,4501,4491,-1,4491,4501,4502,-1,4491,4502,4492,-1,4492,4502,4503,-1,4492,4503,4493,-1,4493,4503,4504,-1,4493,4504,4494,-1,4494,4504,4495,-1,4494,4495,4486,-1,4486,4495,4394,-1,4486,4394,4392,-1,4468,4469,4472,-1,4472,4469,4471,-1,4472,4471,4496,-1,4496,4471,4505,-1,4496,4505,4497,-1,4497,4505,4506,-1,4497,4506,4498,-1,4498,4506,4507,-1,4498,4507,4499,-1,4499,4507,4508,-1,4499,4508,4500,-1,4500,4508,4509,-1,4500,4509,4501,-1,4399,4398,4510,-1,4510,4398,4495,-1,4510,4495,4511,-1,4511,4495,4504,-1,4511,4504,4512,-1,4512,4504,4503,-1,4512,4503,4513,-1,4513,4503,4502,-1,4513,4502,4514,-1,4514,4502,4501,-1,4514,4501,4515,-1,4515,4501,4509,-1,4516,4517,4518,-1,4516,4518,4519,-1,4519,4518,4520,-1,4519,4520,4521,-1,4522,4516,4519,-1,4522,4519,4523,-1,4523,4519,4521,-1,4523,4521,4524,-1,4523,4524,4525,-1,4522,4523,4526,-1,4526,4523,4525,-1,4526,4525,4527,-1,4527,4525,4528,-1,4528,4529,4527,-1,4527,4529,4530,-1,4527,4530,4531,-1,4532,4531,4530,-1,4532,4530,4533,-1,4533,4530,4529,-1,4533,4529,4534,-1,4534,4535,4536,-1,4534,4536,4533,-1,4533,4536,4537,-1,4533,4537,4532,-1,4538,4539,4540,-1,4540,4539,4541,-1,4542,4543,4544,-1,4544,4543,4545,-1,4544,4545,4546,-1,4546,4545,4547,-1,4546,4547,4539,-1,4539,4547,4548,-1,4539,4548,4541,-1,4549,4550,4551,-1,4551,4550,4552,-1,4551,4552,4553,-1,4553,4552,4554,-1,4553,4554,4542,-1,4542,4554,4555,-1,4542,4555,4543,-1,4556,4557,4558,-1,4558,4557,4559,-1,4558,4559,4560,-1,4560,4559,4561,-1,4560,4561,4562,-1,4562,4561,4563,-1,4562,4563,4549,-1,4549,4563,4564,-1,4549,4564,4550,-1,4364,4363,4565,-1,4565,4363,4566,-1,4565,4566,4556,-1,4556,4566,4567,-1,4556,4567,4557,-1,4539,4538,4568,-1,4544,4546,4569,-1,4553,4542,4570,-1,4556,4558,4571,-1,4572,4357,4573,-1,4573,4357,4355,-1,4573,4355,4574,-1,4574,4355,4354,-1,4574,4354,4575,-1,4575,4354,4361,-1,4575,4361,4576,-1,4576,4361,4360,-1,4576,4360,4577,-1,4577,4360,4359,-1,4577,4359,4565,-1,4565,4359,4364,-1,4565,4556,4577,-1,4577,4556,4571,-1,4577,4571,4576,-1,4576,4571,4578,-1,4576,4578,4575,-1,4575,4578,4579,-1,4575,4579,4574,-1,4574,4579,4580,-1,4574,4580,4573,-1,4573,4580,4581,-1,4573,4581,4572,-1,4572,4581,4582,-1,4558,4560,4571,-1,4571,4560,4583,-1,4571,4583,4578,-1,4578,4583,4584,-1,4578,4584,4579,-1,4579,4584,4585,-1,4579,4585,4580,-1,4580,4585,4586,-1,4580,4586,4581,-1,4581,4586,4587,-1,4581,4587,4582,-1,4582,4587,4588,-1,4562,4549,4589,-1,4560,4562,4583,-1,4583,4562,4589,-1,4583,4589,4584,-1,4584,4589,4590,-1,4584,4590,4585,-1,4585,4590,4591,-1,4585,4591,4586,-1,4586,4591,4592,-1,4586,4592,4587,-1,4587,4592,4593,-1,4587,4593,4588,-1,4588,4593,4594,-1,4553,4570,4551,-1,4549,4551,4589,-1,4589,4551,4570,-1,4589,4570,4590,-1,4590,4570,4595,-1,4590,4595,4591,-1,4591,4595,4596,-1,4591,4596,4592,-1,4592,4596,4597,-1,4592,4597,4593,-1,4593,4597,4598,-1,4593,4598,4594,-1,4594,4598,4599,-1,4542,4544,4570,-1,4570,4544,4569,-1,4570,4569,4595,-1,4595,4569,4600,-1,4595,4600,4596,-1,4596,4600,4601,-1,4596,4601,4597,-1,4597,4601,4602,-1,4597,4602,4598,-1,4598,4602,4603,-1,4598,4603,4599,-1,4599,4603,4604,-1,4546,4539,4569,-1,4569,4539,4568,-1,4569,4568,4600,-1,4600,4568,4605,-1,4600,4605,4601,-1,4601,4605,4606,-1,4601,4606,4602,-1,4602,4606,4607,-1,4602,4607,4603,-1,4603,4607,4608,-1,4603,4608,4604,-1,4604,4608,4609,-1,4604,4609,4610,-1,4341,4357,4611,-1,4611,4357,4572,-1,4611,4572,4612,-1,4612,4572,4582,-1,4612,4582,4613,-1,4613,4582,4588,-1,4613,4588,4614,-1,4614,4588,4594,-1,4614,4594,4615,-1,4615,4594,4599,-1,4615,4599,4616,-1,4616,4599,4604,-1,4616,4604,4617,-1,4617,4604,4610,-1,4617,4610,4618,-1,4619,4341,4611,-1,4620,4619,4621,-1,4622,4620,4623,-1,4624,4622,4625,-1,4626,4624,4627,-1,4628,4372,4629,-1,4629,4372,4626,-1,4619,4611,4621,-1,4621,4611,4612,-1,4621,4612,4630,-1,4628,4629,4631,-1,4631,4629,4632,-1,4631,4632,4633,-1,4633,4632,4634,-1,4634,4632,4635,-1,4634,4635,4636,-1,4636,4635,4637,-1,4637,4635,4638,-1,4637,4638,4639,-1,4639,4638,4640,-1,4640,4638,4641,-1,4640,4641,4642,-1,4642,4641,4643,-1,4643,4641,4644,-1,4643,4644,4645,-1,4612,4613,4630,-1,4630,4613,4614,-1,4630,4614,4646,-1,4646,4614,4615,-1,4646,4615,4647,-1,4647,4615,4616,-1,4647,4616,4648,-1,4648,4616,4617,-1,4648,4617,4649,-1,4649,4617,4618,-1,4649,4618,4650,-1,4620,4621,4623,-1,4623,4621,4630,-1,4623,4630,4651,-1,4651,4630,4646,-1,4651,4646,4652,-1,4652,4646,4647,-1,4652,4647,4653,-1,4653,4647,4648,-1,4653,4648,4654,-1,4654,4648,4649,-1,4654,4649,4655,-1,4655,4649,4650,-1,4655,4650,4656,-1,4622,4623,4625,-1,4625,4623,4651,-1,4625,4651,4657,-1,4657,4651,4652,-1,4657,4652,4658,-1,4658,4652,4653,-1,4658,4653,4659,-1,4659,4653,4654,-1,4659,4654,4660,-1,4660,4654,4655,-1,4660,4655,4661,-1,4661,4655,4656,-1,4661,4656,4662,-1,4624,4625,4627,-1,4627,4625,4657,-1,4627,4657,4663,-1,4663,4657,4658,-1,4663,4658,4664,-1,4664,4658,4659,-1,4664,4659,4665,-1,4665,4659,4660,-1,4665,4660,4666,-1,4666,4660,4661,-1,4666,4661,4667,-1,4667,4661,4662,-1,4667,4662,4668,-1,4626,4627,4629,-1,4629,4627,4663,-1,4629,4663,4632,-1,4632,4663,4664,-1,4632,4664,4635,-1,4635,4664,4665,-1,4635,4665,4638,-1,4638,4665,4666,-1,4638,4666,4641,-1,4641,4666,4667,-1,4641,4667,4644,-1,4644,4667,4668,-1,4644,4668,4669,-1,4669,4670,4644,-1,4644,4670,4671,-1,4644,4671,4645,-1,4373,4372,4672,-1,4672,4372,4628,-1,4672,4628,4673,-1,4673,4628,4631,-1,4673,4631,4674,-1,4674,4631,4633,-1,4639,4675,4637,-1,4637,4675,4676,-1,4637,4676,4636,-1,4636,4676,4677,-1,4636,4677,4634,-1,4634,4677,4678,-1,4634,4678,4633,-1,4633,4678,4679,-1,4633,4679,4674,-1,4640,4680,4639,-1,4639,4680,4681,-1,4639,4681,4675,-1,4682,4683,4645,-1,4645,4683,4684,-1,4645,4684,4643,-1,4643,4684,4685,-1,4643,4685,4642,-1,4642,4685,4686,-1,4642,4686,4640,-1,4640,4686,4687,-1,4640,4687,4680,-1,4645,4671,4682,-1,4682,4671,4670,-1,4682,4670,4688,-1,4676,4675,4689,-1,4681,4680,4690,-1,4684,4683,4691,-1,4682,4688,4692,-1,4541,4548,4693,-1,4545,4543,4694,-1,4554,4552,4695,-1,4561,4559,4696,-1,4673,4674,4697,-1,4376,4375,4697,-1,4697,4375,4374,-1,4374,4373,4697,-1,4697,4373,4672,-1,4697,4672,4673,-1,4376,4697,4377,-1,4377,4697,4698,-1,4377,4698,4378,-1,4378,4698,4379,-1,4379,4698,4699,-1,4379,4699,4380,-1,4380,4699,4381,-1,4381,4699,4700,-1,4381,4700,4382,-1,4382,4700,4383,-1,4383,4700,4701,-1,4383,4701,4384,-1,4384,4701,4385,-1,4385,4701,4702,-1,4385,4702,4386,-1,4703,4340,4702,-1,4702,4340,4339,-1,4702,4339,4386,-1,4704,4343,4703,-1,4703,4343,4344,-1,4703,4344,4340,-1,4705,4345,4704,-1,4704,4345,4342,-1,4704,4342,4343,-1,4706,4347,4705,-1,4705,4347,4346,-1,4705,4346,4345,-1,4707,4349,4706,-1,4706,4349,4348,-1,4706,4348,4347,-1,4708,4358,4707,-1,4707,4358,4350,-1,4707,4350,4349,-1,4557,4567,4362,-1,4362,4567,4566,-1,4362,4566,4363,-1,4362,4353,4557,-1,4557,4353,4352,-1,4557,4352,4708,-1,4708,4352,4351,-1,4708,4351,4358,-1,4561,4696,4563,-1,4709,4550,4564,-1,4554,4695,4555,-1,4545,4694,4547,-1,4687,4686,4710,-1,4710,4686,4685,-1,4711,4679,4678,-1,4676,4689,4677,-1,4540,4541,4712,-1,4712,4541,4693,-1,4712,4693,4713,-1,4713,4693,4714,-1,4713,4714,4715,-1,4715,4714,4716,-1,4715,4716,4717,-1,4717,4716,4718,-1,4717,4718,4719,-1,4719,4718,4720,-1,4719,4720,4721,-1,4721,4720,4722,-1,4683,4682,4691,-1,4691,4682,4692,-1,4691,4692,4723,-1,4723,4692,4724,-1,4723,4724,4725,-1,4725,4724,4726,-1,4725,4726,4727,-1,4727,4726,4728,-1,4727,4728,4729,-1,4729,4728,4730,-1,4729,4730,4731,-1,4731,4730,4732,-1,4731,4732,4722,-1,4722,4732,4733,-1,4722,4733,4721,-1,4548,4547,4693,-1,4693,4547,4694,-1,4693,4694,4714,-1,4714,4694,4734,-1,4714,4734,4716,-1,4716,4734,4735,-1,4716,4735,4718,-1,4718,4735,4736,-1,4718,4736,4720,-1,4720,4736,4737,-1,4720,4737,4722,-1,4722,4737,4738,-1,4722,4738,4731,-1,4731,4738,4739,-1,4731,4739,4729,-1,4729,4739,4740,-1,4729,4740,4727,-1,4727,4740,4741,-1,4727,4741,4725,-1,4725,4741,4742,-1,4725,4742,4723,-1,4723,4742,4743,-1,4723,4743,4691,-1,4691,4743,4710,-1,4691,4710,4684,-1,4684,4710,4685,-1,4543,4555,4694,-1,4694,4555,4695,-1,4694,4695,4734,-1,4734,4695,4744,-1,4734,4744,4735,-1,4735,4744,4745,-1,4735,4745,4736,-1,4736,4745,4746,-1,4736,4746,4737,-1,4737,4746,4747,-1,4737,4747,4738,-1,4738,4747,4748,-1,4738,4748,4739,-1,4739,4748,4749,-1,4739,4749,4740,-1,4740,4749,4750,-1,4740,4750,4741,-1,4741,4750,4751,-1,4741,4751,4742,-1,4742,4751,4752,-1,4742,4752,4743,-1,4743,4752,4753,-1,4743,4753,4710,-1,4710,4753,4690,-1,4710,4690,4687,-1,4687,4690,4680,-1,4552,4550,4695,-1,4695,4550,4709,-1,4695,4709,4744,-1,4744,4709,4754,-1,4744,4754,4745,-1,4745,4754,4755,-1,4745,4755,4746,-1,4746,4755,4756,-1,4746,4756,4747,-1,4747,4756,4757,-1,4747,4757,4748,-1,4748,4757,4758,-1,4748,4758,4749,-1,4749,4758,4759,-1,4749,4759,4750,-1,4750,4759,4760,-1,4750,4760,4751,-1,4751,4760,4761,-1,4751,4761,4752,-1,4752,4761,4762,-1,4752,4762,4753,-1,4753,4762,4763,-1,4753,4763,4690,-1,4690,4763,4689,-1,4690,4689,4681,-1,4681,4689,4675,-1,4564,4563,4709,-1,4709,4563,4696,-1,4709,4696,4754,-1,4754,4696,4764,-1,4754,4764,4755,-1,4755,4764,4765,-1,4755,4765,4756,-1,4756,4765,4766,-1,4756,4766,4757,-1,4757,4766,4767,-1,4757,4767,4758,-1,4758,4767,4768,-1,4758,4768,4759,-1,4759,4768,4769,-1,4759,4769,4760,-1,4760,4769,4770,-1,4760,4770,4761,-1,4761,4770,4771,-1,4761,4771,4762,-1,4762,4771,4772,-1,4762,4772,4763,-1,4763,4772,4773,-1,4763,4773,4689,-1,4689,4773,4711,-1,4689,4711,4677,-1,4677,4711,4678,-1,4559,4557,4696,-1,4696,4557,4708,-1,4696,4708,4764,-1,4764,4708,4707,-1,4764,4707,4765,-1,4765,4707,4706,-1,4765,4706,4766,-1,4766,4706,4705,-1,4766,4705,4767,-1,4767,4705,4704,-1,4767,4704,4768,-1,4768,4704,4703,-1,4768,4703,4769,-1,4769,4703,4702,-1,4769,4702,4770,-1,4770,4702,4701,-1,4770,4701,4771,-1,4771,4701,4700,-1,4771,4700,4772,-1,4772,4700,4699,-1,4772,4699,4773,-1,4773,4699,4698,-1,4773,4698,4711,-1,4711,4698,4697,-1,4711,4697,4679,-1,4679,4697,4674,-1,4536,4535,4774,-1,4775,4537,4536,-1,4536,4774,4775,-1,4775,4774,4776,-1,4775,4776,4777,-1,4777,4776,4778,-1,4777,4778,4779,-1,4779,4778,4780,-1,4779,4780,4781,-1,4781,4780,4782,-1,4781,4782,4783,-1,4783,4782,4784,-1,4783,4784,4785,-1,4785,4784,4786,-1,4785,4786,4787,-1,3628,4429,3629,-1,3629,4429,4431,-1,3629,4431,4433,-1,4510,4532,4399,-1,4399,4532,4537,-1,4399,4537,4400,-1,4537,4775,4400,-1,4400,4775,4777,-1,4400,4777,4779,-1,4779,4781,4400,-1,4400,4781,4783,-1,4400,4783,4441,-1,4441,4783,4785,-1,4433,4434,3629,-1,3629,4434,4436,-1,3629,4436,4438,-1,3858,3630,4788,-1,4788,3630,3629,-1,4788,3629,4787,-1,4787,3629,4438,-1,4787,4438,4785,-1,4785,4438,4440,-1,4785,4440,4441,-1,4510,4511,4532,-1,4532,4511,4512,-1,4532,4512,4531,-1,4512,4513,4531,-1,4531,4513,4514,-1,4531,4514,4527,-1,4527,4514,4515,-1,4527,4515,4526,-1,4526,4515,4509,-1,4526,4509,4522,-1,4509,4508,4522,-1,4522,4508,4507,-1,4522,4507,4516,-1,4516,4507,4506,-1,4516,4506,4505,-1,4789,3631,4790,-1,4790,3631,3816,-1,4789,4791,3631,-1,3631,4791,4792,-1,3631,4792,4793,-1,4793,4794,3631,-1,3631,4794,4795,-1,3631,4795,4410,-1,4410,4411,3631,-1,3631,4411,4412,-1,3631,4412,4418,-1,4505,4471,4516,-1,4516,4471,4470,-1,4516,4470,4517,-1,4517,4470,4410,-1,4517,4410,4796,-1,4796,4410,4795,-1,4418,4417,3631,-1,3631,4417,4415,-1,3631,4415,4423,-1,4427,4425,3628,-1,3628,4425,4424,-1,3628,4424,4429,-1,4423,4422,3631,-1,3631,4422,4420,-1,3631,4420,3628,-1,3628,4420,4428,-1,3628,4428,4427,-1,4789,4797,4798,-1,4799,4520,4518,-1,4789,4798,4791,-1,4791,4798,4800,-1,4791,4800,4792,-1,4792,4800,4801,-1,4792,4801,4793,-1,4793,4801,4802,-1,4793,4802,4794,-1,4794,4802,4803,-1,4794,4803,4795,-1,4795,4803,4799,-1,4795,4799,4796,-1,4796,4799,4518,-1,4796,4518,4517,-1,4804,3823,3822,-1,4670,4669,4521,-1,4670,4521,4688,-1,4733,4732,3824,-1,3824,4732,4730,-1,3824,4730,3822,-1,4521,4520,4688,-1,4688,4520,4799,-1,4688,4799,4692,-1,4692,4799,4803,-1,4692,4803,4724,-1,4724,4803,4802,-1,4724,4802,4801,-1,4730,4728,3822,-1,3822,4728,4726,-1,3822,4726,4724,-1,4801,4800,4724,-1,4724,4800,4798,-1,4724,4798,3822,-1,3822,4798,4797,-1,3822,4797,4804,-1,4669,4668,4521,-1,4521,4668,4662,-1,4521,4662,4524,-1,4784,4782,3824,-1,4784,3824,4786,-1,4786,3824,3825,-1,4786,3825,4805,-1,4805,3825,3827,-1,4805,3827,3855,-1,4782,4780,4540,-1,4540,4780,4778,-1,4540,4778,4776,-1,4662,4656,4524,-1,4524,4656,4650,-1,4524,4650,4525,-1,4525,4650,4618,-1,4525,4618,4528,-1,4528,4618,4610,-1,4528,4610,4529,-1,4606,4605,4534,-1,4610,4609,4529,-1,4529,4609,4608,-1,4529,4608,4534,-1,4534,4608,4607,-1,4534,4607,4606,-1,4605,4568,4534,-1,4534,4568,4538,-1,4534,4538,4535,-1,4535,4538,4540,-1,4535,4540,4774,-1,4774,4540,4776,-1,4540,4712,4782,-1,4782,4712,4713,-1,4782,4713,3824,-1,3824,4713,4715,-1,3824,4715,4717,-1,4717,4719,3824,-1,3824,4719,4721,-1,3824,4721,4733,-1,3816,3823,4804,-1,3816,4804,4790,-1,4790,4804,4797,-1,4790,4797,4789,-1,4787,4786,4805,-1,4787,4805,4788,-1,4788,4805,3855,-1,4788,3855,3858,-1,
        ]
    }
}
Shape{
    appearance Appearance {
        material  Material 	{
            diffuseColor 0.2235294117647059 0.2235294117647059 0.2235294117647059
            specularColor 0.11372549019607843 0.11372549019607843 0.11372549019607843
            ambientIntensity 0.2235
            transparency 0.0
            shininess 0.5
        }
    }
    geometry IndexedFaceSet {
        ccw TRUE
        solid FALSE
        coord DEF co Coordinate {
            point [
                -2.9331 -2.0186 -0.4783, -2.9331 -2.0186 0.0728, -2.8547 -1.9223 -0.4783, -2.8513 -1.9191 0.0728, -2.7473 -1.8433 0.0728, -2.75 -1.8448 -0.4783, -2.851 -1.9196 -0.4783, -2.6277 -1.7959 -0.4783, -2.6292 -1.7961 -0.4783, -2.7472 -1.8436 -0.4783, -2.6277 -1.7957 0.0728, -2.5 -1.7795 0.0728, -2.5 -1.7795 -0.4783, -2.3723 -1.7957 0.0728, -2.3723 -1.7959 -0.4783, -2.3708 -1.7961 -0.4783, -2.2527 -1.8433 0.0728, -2.2528 -1.8436 -0.4783, -2.25 -1.8448 -0.4783, -2.1487 -1.9191 0.0728, -2.149 -1.9196 -0.4783, -2.1453 -1.9223 -0.4783, -2.0669 -2.0186 0.0728, -2.0669 -2.0186 -0.4783, -2.0669 -2.5641 -0.4783, -2.0669 -2.5641 0.0728, -2.1453 -2.6603 -0.4783, -2.1487 -2.6635 0.0728, -2.2527 -2.7394 0.0728, -2.25 -2.7379 -0.4783, -2.149 -2.6631 -0.4783, -2.3723 -2.7868 -0.4783, -2.3708 -2.7866 -0.4783, -2.2528 -2.7391 -0.4783, -2.3723 -2.787 0.0728, -2.5 -2.8031 0.0728, -2.5 -2.8031 -0.4783, -2.6277 -2.787 0.0728, -2.6277 -2.7868 -0.4783, -2.6292 -2.7866 -0.4783, -2.7473 -2.7394 0.0728, -2.7472 -2.7391 -0.4783, -2.75 -2.7379 -0.4783, -2.8513 -2.6635 0.0728, -2.851 -2.6631 -0.4783, -2.8547 -2.6603 -0.4783, -2.9331 -2.5641 0.0728, -2.9331 -2.5641 -0.4783, 2.0669 -2.0186 -0.4783, 2.0669 -2.0186 0.0728, 2.1453 -1.9223 -0.4783, 2.1487 -1.9191 0.0728, 2.2527 -1.8433 0.0728, 2.25 -1.8448 -0.4783, 2.149 -1.9196 -0.4783, 2.3723 -1.7959 -0.4783, 2.3708 -1.7961 -0.4783, 2.2528 -1.8436 -0.4783, 2.3723 -1.7957 0.0728, 2.5 -1.7795 0.0728, 2.5 -1.7795 -0.4783, 2.6277 -1.7957 0.0728, 2.6277 -1.7959 -0.4783, 2.6292 -1.7961 -0.4783, 2.7473 -1.8433 0.0728, 2.7472 -1.8436 -0.4783, 2.75 -1.8448 -0.4783, 2.8513 -1.9191 0.0728, 2.851 -1.9196 -0.4783, 2.8547 -1.9223 -0.4783, 2.9331 -2.0186 0.0728, 2.9331 -2.0186 -0.4783, 2.9331 -2.5641 -0.4783, 2.9331 -2.5641 0.0728, 2.8547 -2.6603 -0.4783, 2.8513 -2.6635 0.0728, 2.7473 -2.7394 0.0728, 2.75 -2.7379 -0.4783, 2.851 -2.6631 -0.4783, 2.6277 -2.7868 -0.4783, 2.6292 -2.7866 -0.4783, 2.7472 -2.7391 -0.4783, 2.6277 -2.787 0.0728, 2.5 -2.8031 0.0728, 2.5 -2.8031 -0.4783, 2.3723 -2.787 0.0728, 2.3723 -2.7868 -0.4783, 2.3708 -2.7866 -0.4783, 2.2527 -2.7394 0.0728, 2.2528 -2.7391 -0.4783, 2.25 -2.7379 -0.4783, 2.1487 -2.6635 0.0728, 2.149 -2.6631 -0.4783, 2.1453 -2.6603 -0.4783, 2.0669 -2.5641 0.0728, 2.0669 -2.5641 -0.4783, 2.8716 -2.1732 -1.1083, 2.1284 -2.1732 -1.1083, 2.8439 -2.1076 -1.1083, 2.1561 -2.1076 -1.1083, 2.2096 -2.0311 -1.1083, 2.2798 -1.9695 -1.1083, 2.3626 -1.9264 -1.1083, 2.7904 -2.0311 -1.1083, 2.4533 -1.9042 -1.1083, 2.5467 -1.9042 -1.1083, 2.6374 -1.9264 -1.1083, 2.7202 -1.9695 -1.1083, 2.1284 -2.4094 -1.1083, 2.8716 -2.4094 -1.1083, 2.1561 -2.4751 -1.1083, 2.8439 -2.4751 -1.1083, 2.7904 -2.5516 -1.1083, 2.7202 -2.6131 -1.1083, 2.2096 -2.5516 -1.1083, 2.6374 -2.6563 -1.1083, 2.5467 -2.6785 -1.1083, 2.4533 -2.6785 -1.1083, 2.3626 -2.6563 -1.1083, 2.2798 -2.6131 -1.1083, -2.1284 -2.1732 -1.1083, -2.8716 -2.1732 -1.1083, -2.1561 -2.1076 -1.1083, -2.8439 -2.1076 -1.1083, -2.7904 -2.0311 -1.1083, -2.7202 -1.9695 -1.1083, -2.6374 -1.9264 -1.1083, -2.5467 -1.9042 -1.1083, -2.4533 -1.9042 -1.1083, -2.2096 -2.0311 -1.1083, -2.3626 -1.9264 -1.1083, -2.2798 -1.9695 -1.1083, -2.8439 -2.4751 -1.1083, -2.8716 -2.4094 -1.1083, -2.1284 -2.4094 -1.1083, -2.1561 -2.4751 -1.1083, -2.2096 -2.5516 -1.1083, -2.2798 -2.6131 -1.1083, -2.3626 -2.6563 -1.1083, -2.7202 -2.6131 -1.1083, -2.7904 -2.5516 -1.1083, -2.4533 -2.6785 -1.1083, -2.5467 -2.6785 -1.1083, -2.6374 -2.6563 -1.1083, -2.9331 -2.1732 -0.9463, -2.0669 -2.1732 -0.9463, -2.0669 -2.1124 -0.8922, -2.0669 -2.06 -0.8306, -2.0669 -1.9769 -0.7092, -2.0669 -1.9022 -0.5787, -2.9331 -1.9032 -0.5819, -2.9331 -1.8898 -0.5571, -2.9092 -1.8656 -0.5571, -2.9331 -2.1122 -0.8919, -2.9331 -2.06 -0.8306, -2.9331 -1.977 -0.7094, -2.8309 -1.8075 -0.5571, -2.7885 -1.7761 -0.5571, -2.7063 -1.743 -0.5571, -2.6491 -1.7199 -0.5571, -2.5701 -1.7098 -0.5571, -2.5 -1.7008 -0.5571, -2.4299 -1.7098 -0.5571, -2.3509 -1.7199 -0.5571, -2.0669 -1.8898 -0.5571, -2.0908 -1.8656 -0.5571, -2.1691 -1.8075 -0.5571, -2.2115 -1.7761 -0.5571, -2.2937 -1.743 -0.5571, -2.0669 -2.6794 -0.5819, -2.0669 -2.6928 -0.5571, -2.0908 -2.7171 -0.5571, -2.0669 -2.4094 -0.9463, -2.0669 -2.4705 -0.8919, -2.0669 -2.5227 -0.8306, -2.0669 -2.6056 -0.7094, -2.9331 -2.4094 -0.9463, -2.9331 -2.4703 -0.8922, -2.9331 -2.5227 -0.8306, -2.9331 -2.6057 -0.7092, -2.9331 -2.6804 -0.5787, -2.1691 -2.7752 -0.5571, -2.2115 -2.8066 -0.5571, -2.2937 -2.8397 -0.5571, -2.3509 -2.8628 -0.5571, -2.4299 -2.8729 -0.5571, -2.5 -2.8819 -0.5571, -2.5701 -2.8729 -0.5571, -2.6491 -2.8628 -0.5571, -2.9331 -2.6928 -0.5571, -2.9092 -2.7171 -0.5571, -2.8309 -2.7752 -0.5571, -2.7885 -2.8066 -0.5571, -2.7063 -2.8397 -0.5571, 2.0669 -2.1732 -0.9463, 2.9331 -2.1732 -0.9463, 2.9331 -2.1124 -0.8922, 2.9331 -2.06 -0.8306, 2.9331 -1.9769 -0.7092, 2.9331 -1.9022 -0.5787, 2.0669 -1.9032 -0.5819, 2.0669 -1.8898 -0.5571, 2.0908 -1.8656 -0.5571, 2.0669 -2.1122 -0.8919, 2.0669 -2.06 -0.8306, 2.0669 -1.977 -0.7094, 2.1691 -1.8075 -0.5571, 2.2115 -1.7761 -0.5571, 2.2937 -1.743 -0.5571, 2.3509 -1.7199 -0.5571, 2.4299 -1.7098 -0.5571, 2.5 -1.7008 -0.5571, 2.5701 -1.7098 -0.5571, 2.6491 -1.7199 -0.5571, 2.9331 -1.8898 -0.5571, 2.9092 -1.8656 -0.5571, 2.8309 -1.8075 -0.5571, 2.7885 -1.7761 -0.5571, 2.7063 -1.743 -0.5571, 2.9331 -2.6794 -0.5819, 2.9331 -2.6928 -0.5571, 2.9092 -2.7171 -0.5571, 2.9331 -2.4094 -0.9463, 2.9331 -2.4705 -0.8919, 2.9331 -2.5227 -0.8306, 2.9331 -2.6056 -0.7094, 2.0669 -2.4094 -0.9463, 2.0669 -2.4703 -0.8922, 2.0669 -2.5227 -0.8306, 2.0669 -2.6057 -0.7092, 2.0669 -2.6804 -0.5787, 2.8309 -2.7752 -0.5571, 2.7885 -2.8066 -0.5571, 2.7063 -2.8397 -0.5571, 2.6491 -2.8628 -0.5571, 2.5701 -2.8729 -0.5571, 2.5 -2.8819 -0.5571, 2.4299 -2.8729 -0.5571, 2.3509 -2.8628 -0.5571, 2.0669 -2.6928 -0.5571, 2.0908 -2.7171 -0.5571, 2.1691 -2.7752 -0.5571, 2.2115 -2.8066 -0.5571, 2.2937 -2.8397 -0.5571, -3.0925 -2.4137 0.0728, -3.0925 -3.1142 0.0728, -3.0925 -3.1142 0.2146, -3.0925 -2.1217 0.0728, -3.0925 -1.5 0.0728, -3.0925 -1.5 0.1319, -3.0925 -4.2165 2.6526, -3.0925 -3.6653 0.2146, -3.0925 -4.2165 0.2146, -3.0925 1.6693 5.0413, -3.0925 1.6693 2.561, -3.0925 0.8524 2.561, -3.0925 -1.2736 5.0413, -3.0925 0.0354 2.561, -3.0925 0.0354 0.1319, -3.0925 -4.2165 5.0413, -3.0925 -1.2982 5.0413, -3.0925 -1.2736 0.1319, -3.0925 -0.7224 0.1319, 3.0925 -4.2165 2.6526, 3.0925 -4.2165 0.2146, 3.0925 -3.6653 0.2146, 3.0925 -1.5 0.0728, 3.0925 -1.5 0.1319, 3.0925 -2.1217 0.0728, 3.0925 -3.1142 0.2146, 3.0925 -2.4137 0.0728, 3.0925 -3.1142 0.0728, 3.0925 -1.2982 5.0413, 3.0925 -4.2165 5.0413, 3.0925 -1.2736 0.1319, 3.0925 -1.2736 5.0413, 3.0925 -0.7224 0.1319, 3.0925 1.6693 2.561, 3.0925 1.6693 5.0413, 3.0925 0.8524 2.561, 3.0925 0.0354 2.561, 3.0925 0.0354 0.1319, -1.3302 0.4983 2.1421, -1.4005 0.4786 2.1886, -1.3205 0.4908 2.1597, -1.3155 0.4824 2.1795, -1.3437 0.5045 2.1274, -1.3589 0.509 2.1169, -1.3769 0.5122 2.1093, -1.4055 0.4433 2.2717, -1.3829 0.4444 2.2691, -1.3634 0.4473 2.2622, -1.3447 0.4525 2.2501, -1.3308 0.4587 2.2354, -1.3209 0.466 2.2181, -1.3155 0.4749 2.1972, -1.4808 0.459 2.2346, -1.4105 0.4788 2.1881, -1.4906 0.4665 2.217, -1.4956 0.4749 2.1972, -1.4673 0.4528 2.2493, -1.4522 0.4483 2.2598, -1.4342 0.4451 2.2674, -1.4055 0.5141 2.105, -1.4281 0.5129 2.1076, -1.4476 0.51 2.1146, -1.4663 0.5049 2.1266, -1.4802 0.4987 2.1413, -1.4901 0.4913 2.1586, -1.4956 0.4824 2.1795, -1.3956 0.5138 2.1055, -1.4154 0.4435 2.2712, -0.527 0.4983 2.1421, -0.5974 0.4786 2.1886, -0.5173 0.4908 2.1597, -0.5123 0.4824 2.1795, -0.5406 0.5045 2.1274, -0.5557 0.509 2.1169, -0.5737 0.5122 2.1093, -0.6024 0.4433 2.2717, -0.5797 0.4444 2.2691, -0.5603 0.4473 2.2622, -0.5416 0.4525 2.2501, -0.5276 0.4587 2.2354, -0.5178 0.466 2.2181, -0.5123 0.4749 2.1972, -0.6777 0.459 2.2346, -0.6073 0.4788 2.1881, -0.6874 0.4665 2.217, -0.6924 0.4749 2.1972, -0.6642 0.4528 2.2493, -0.649 0.4483 2.2598, -0.631 0.4451 2.2674, -0.6024 0.5141 2.105, -0.625 0.5129 2.1076, -0.6445 0.51 2.1146, -0.6632 0.5049 2.1266, -0.6771 0.4987 2.1413, -0.6869 0.4913 2.1586, -0.6924 0.4824 2.1795, -0.5924 0.5138 2.1055, -0.6123 0.4435 2.2712, 1.0793 0.4983 2.1421, 1.0089 0.4786 2.1886, 1.089 0.4908 2.1597, 1.094 0.4824 2.1795, 1.0657 0.5045 2.1274, 1.0506 0.509 2.1169, 1.0326 0.5122 2.1093, 1.0039 0.4433 2.2717, 1.0266 0.4444 2.2691, 1.046 0.4473 2.2622, 1.0647 0.4525 2.2501, 1.0787 0.4587 2.2354, 1.0885 0.466 2.2181, 1.094 0.4749 2.1972, 0.9286 0.459 2.2346, 0.999 0.4788 2.1881, 0.9189 0.4665 2.217, 0.9139 0.4749 2.1972, 0.9421 0.4528 2.2493, 0.9573 0.4483 2.2598, 0.9753 0.4451 2.2674, 1.0039 0.5141 2.105, 0.9813 0.5129 2.1076, 0.9618 0.51 2.1146, 0.9431 0.5049 2.1266, 0.9292 0.4987 2.1413, 0.9194 0.4913 2.1586, 0.9139 0.4824 2.1795, 1.0139 0.5138 2.1055, 0.994 0.4435 2.2712, 1.4808 0.4983 2.1421, 1.4105 0.4786 2.1886, 1.4906 0.4908 2.1597, 1.4956 0.4824 2.1795, 1.4673 0.5045 2.1274, 1.4522 0.509 2.1169, 1.4342 0.5122 2.1093, 1.4055 0.4433 2.2717, 1.4281 0.4444 2.2691, 1.4476 0.4473 2.2622, 1.4663 0.4525 2.2501, 1.4802 0.4587 2.2354, 1.4901 0.466 2.2181, 1.4956 0.4749 2.1972, 1.3302 0.459 2.2346, 1.4005 0.4788 2.1881, 1.3205 0.4665 2.217, 1.3155 0.4749 2.1972, 1.3437 0.4528 2.2493, 1.3589 0.4483 2.2598, 1.3769 0.4451 2.2674, 1.4055 0.5141 2.105, 1.3829 0.5129 2.1076, 1.3634 0.51 2.1146, 1.3447 0.5049 2.1266, 1.3308 0.4987 2.1413, 1.3209 0.4913 2.1586, 1.3155 0.4824 2.1795, 1.4154 0.5138 2.1055, 1.3956 0.4435 2.2712, -0.1255 0.4983 2.1421, -0.1958 0.4786 2.1886, -0.1157 0.4908 2.1597, -0.1107 0.4824 2.1795, -0.139 0.5045 2.1274, -0.1541 0.509 2.1169, -0.1721 0.5122 2.1093, -0.2008 0.4433 2.2717, -0.1782 0.4444 2.2691, -0.1587 0.4473 2.2622, -0.14 0.4525 2.2501, -0.1261 0.4587 2.2354, -0.1162 0.466 2.2181, -0.1107 0.4749 2.1972, -0.2761 0.459 2.2346, -0.2058 0.4788 2.1881, -0.2858 0.4665 2.217, -0.2908 0.4749 2.1972, -0.2626 0.4528 2.2493, -0.2474 0.4483 2.2598, -0.2294 0.4451 2.2674, -0.2008 0.5141 2.105, -0.2234 0.5129 2.1076, -0.2429 0.51 2.1146, -0.2616 0.5049 2.1266, -0.2755 0.4987 2.1413, -0.2854 0.4913 2.1586, -0.2908 0.4824 2.1795, -0.1908 0.5138 2.1055, -0.2107 0.4435 2.2712, 0.6777 0.4983 2.1421, 0.6073 0.4786 2.1886, 0.6874 0.4908 2.1597, 0.6924 0.4824 2.1795, 0.6642 0.5045 2.1274, 0.649 0.509 2.1169, 0.631 0.5122 2.1093, 0.6024 0.4433 2.2717, 0.625 0.4444 2.2691, 0.6445 0.4473 2.2622, 0.6632 0.4525 2.2501, 0.6771 0.4587 2.2354, 0.6869 0.466 2.2181, 0.6924 0.4749 2.1972, 0.527 0.459 2.2346, 0.5974 0.4788 2.1881, 0.5173 0.4665 2.217, 0.5123 0.4749 2.1972, 0.5406 0.4528 2.2493, 0.5557 0.4483 2.2598, 0.5737 0.4451 2.2674, 0.6024 0.5141 2.105, 0.5797 0.5129 2.1076, 0.5603 0.51 2.1146, 0.5416 0.5049 2.1266, 0.5276 0.4987 2.1413, 0.5178 0.4913 2.1586, 0.5123 0.4824 2.1795, 0.6123 0.5138 2.1055, 0.5924 0.4435 2.2712, -0.9286 0.4983 2.1421, -0.999 0.4786 2.1886, -0.9189 0.4908 2.1597, -0.9139 0.4824 2.1795, -0.9421 0.5045 2.1274, -0.9573 0.509 2.1169, -0.9753 0.5122 2.1093, -1.0039 0.4433 2.2717, -0.9813 0.4444 2.2691, -0.9618 0.4473 2.2622, -0.9431 0.4525 2.2501, -0.9292 0.4587 2.2354, -0.9194 0.466 2.2181, -0.9139 0.4749 2.1972, -1.0793 0.459 2.2346, -1.0089 0.4788 2.1881, -1.089 0.4665 2.217, -1.094 0.4749 2.1972, -1.0657 0.4528 2.2493, -1.0506 0.4483 2.2598, -1.0326 0.4451 2.2674, -1.0039 0.5141 2.105, -1.0266 0.5129 2.1076, -1.046 0.51 2.1146, -1.0647 0.5049 2.1266, -1.0787 0.4987 2.1413, -1.0885 0.4913 2.1586, -1.094 0.4824 2.1795, -0.994 0.5138 2.1055, -1.0139 0.4435 2.2712, 0.2761 0.4983 2.1421, 0.2058 0.4786 2.1886, 0.2858 0.4908 2.1597, 0.2908 0.4824 2.1795, 0.2626 0.5045 2.1274, 0.2474 0.509 2.1169, 0.2294 0.5122 2.1093, 0.2008 0.4433 2.2717, 0.2234 0.4444 2.2691, 0.2429 0.4473 2.2622, 0.2616 0.4525 2.2501, 0.2755 0.4587 2.2354, 0.2854 0.466 2.2181, 0.2908 0.4749 2.1972, 0.1255 0.459 2.2346, 0.1958 0.4788 2.1881, 0.1157 0.4665 2.217, 0.1107 0.4749 2.1972, 0.139 0.4528 2.2493, 0.1541 0.4483 2.2598, 0.1721 0.4451 2.2674, 0.2008 0.5141 2.105, 0.1782 0.5129 2.1076, 0.1587 0.51 2.1146, 0.14 0.5049 2.1266, 0.1261 0.4987 2.1413, 0.1162 0.4913 2.1586, 0.1107 0.4824 2.1795, 0.2107 0.5138 2.1055, 0.1908 0.4435 2.2712, 1.5167 1.0 3.1531, 1.4719 1.0 3.1531, 1.6301 1.0 2.976, 1.6077 1.0 2.9409, 1.7491 1.0 2.7201, 1.7939 1.0 2.7201, 1.6301 1.0 2.9059, 1.6526 1.0 2.9409, 1.7884 1.0 3.1531, 1.7435 1.0 3.1531, 1.5112 1.0 2.7201, 1.4663 1.0 2.7201, -2.3445 -0.5551 1.7539, -2.3445 -0.5551 2.935, -2.5108 -0.5551 2.935, -2.5108 -0.5551 1.7539, -2.6772 -0.5551 2.935, -2.6772 -0.5551 1.7539, -1.5236 0.2717 2.2854, -1.563 0.2717 2.4823, -1.6063 0.2717 2.4823, -1.689 0.2717 2.2854, -1.689 0.2717 1.065, -1.6063 0.2717 1.065, -1.6496 0.2717 2.4823, -1.5236 0.2717 1.065, -1.122 0.2717 2.2854, -1.1614 0.2717 2.4823, -1.2047 0.2717 2.4823, -1.122 0.2717 1.065, -1.248 0.2717 2.4823, -1.2874 0.2717 2.2854, -1.2047 0.2717 1.065, -1.2874 0.2717 1.065, -0.7205 0.2717 2.2854, -0.7598 0.2717 2.4823, -0.8031 0.2717 2.4823, -0.8858 0.2717 2.2854, -0.8858 0.2717 1.065, -0.8031 0.2717 1.065, -0.8465 0.2717 2.4823, -0.7205 0.2717 1.065, -0.3189 0.2717 2.2854, -0.3583 0.2717 2.4823, -0.4016 0.2717 2.4823, -0.4843 0.2717 2.2854, -0.4843 0.2717 1.065, -0.4016 0.2717 1.065, -0.4449 0.2717 2.4823, -0.3189 0.2717 1.065, 0.0827 0.2717 2.2854, 0.0433 0.2717 2.4823, 0.0 0.2717 2.4823, -0.0827 0.2717 2.2854, -0.0827 0.2717 1.065, 0.0 0.2717 1.065, -0.0433 0.2717 2.4823, 0.0827 0.2717 1.065, 0.4843 0.2717 2.2854, 0.4449 0.2717 2.4823, 0.4016 0.2717 2.4823, 0.3189 0.2717 2.2854, 0.3189 0.2717 1.065, 0.4016 0.2717 1.065, 0.3583 0.2717 2.4823, 0.4843 0.2717 1.065, 0.8858 0.2717 2.2854, 0.8465 0.2717 2.4823, 0.8031 0.2717 2.4823, 0.7205 0.2717 2.2854, 0.7205 0.2717 1.065, 0.8031 0.2717 1.065, 0.7598 0.2717 2.4823, 0.8858 0.2717 1.065, 1.2874 0.2717 2.2854, 1.248 0.2717 2.4823, 1.2047 0.2717 2.4823, 1.122 0.2717 2.2854, 1.122 0.2717 1.065, 1.2047 0.2717 1.065, 1.1614 0.2717 2.4823, 1.2874 0.2717 1.065, 1.689 0.2717 2.2854, 1.6496 0.2717 2.4823, 1.6063 0.2717 2.4823, 1.689 0.2717 1.065, 1.563 0.2717 2.4823, 1.5236 0.2717 2.2854, 1.6063 0.2717 1.065, 1.5236 0.2717 1.065
            ]
        }
        coordIndex [
            0,1,2,-1,2,1,3,-1,4,5,3,-1,3,5,6,-1,3,6,2,-1,7,8,4,-1,4,8,9,-1,4,9,5,-1,4,10,7,-1,7,10,11,-1,7,11,12,-1,12,11,13,-1,12,13,14,-1,14,13,15,-1,15,13,16,-1,15,16,17,-1,17,16,18,-1,18,16,19,-1,18,19,20,-1,20,19,21,-1,21,19,22,-1,21,22,23,-1,24,25,26,-1,26,25,27,-1,28,29,27,-1,27,29,30,-1,27,30,26,-1,31,32,28,-1,28,32,33,-1,28,33,29,-1,28,34,31,-1,31,34,35,-1,31,35,36,-1,36,35,37,-1,36,37,38,-1,38,37,39,-1,39,37,40,-1,39,40,41,-1,41,40,42,-1,42,40,43,-1,42,43,44,-1,44,43,45,-1,45,43,46,-1,45,46,47,-1,48,49,50,-1,50,49,51,-1,52,53,51,-1,51,53,54,-1,51,54,50,-1,55,56,52,-1,52,56,57,-1,52,57,53,-1,52,58,55,-1,55,58,59,-1,55,59,60,-1,60,59,61,-1,60,61,62,-1,62,61,63,-1,63,61,64,-1,63,64,65,-1,65,64,66,-1,66,64,67,-1,66,67,68,-1,68,67,69,-1,69,67,70,-1,69,70,71,-1,72,73,74,-1,74,73,75,-1,76,77,75,-1,75,77,78,-1,75,78,74,-1,79,80,76,-1,76,80,81,-1,76,81,77,-1,76,82,79,-1,79,82,83,-1,79,83,84,-1,84,83,85,-1,84,85,86,-1,86,85,87,-1,87,85,88,-1,87,88,89,-1,89,88,90,-1,90,88,91,-1,90,91,92,-1,92,91,93,-1,93,91,94,-1,93,94,95,-1,96,97,98,-1,98,97,99,-1,98,99,100,-1,100,101,98,-1,98,101,102,-1,98,102,103,-1,103,102,104,-1,104,105,103,-1,103,105,106,-1,103,106,107,-1,108,109,110,-1,110,109,111,-1,111,112,110,-1,110,112,113,-1,110,113,114,-1,114,113,115,-1,114,115,116,-1,116,117,114,-1,114,117,118,-1,114,118,119,-1,120,121,122,-1,122,121,123,-1,123,124,122,-1,122,124,125,-1,122,125,126,-1,126,127,122,-1,122,127,128,-1,122,128,129,-1,129,128,130,-1,129,130,131,-1,132,133,134,-1,134,135,132,-1,132,135,136,-1,132,136,137,-1,138,139,137,-1,137,139,140,-1,137,140,132,-1,138,141,139,-1,139,141,142,-1,139,142,143,-1,123,121,144,-1,145,120,146,-1,146,120,122,-1,146,122,147,-1,147,122,148,-1,148,122,129,-1,148,129,149,-1,150,151,124,-1,124,151,152,-1,124,152,125,-1,144,153,123,-1,123,153,154,-1,123,154,124,-1,124,154,155,-1,124,155,150,-1,152,156,125,-1,125,156,157,-1,125,157,126,-1,157,158,126,-1,126,158,159,-1,126,159,127,-1,159,160,127,-1,127,160,161,-1,127,161,128,-1,161,162,128,-1,128,162,163,-1,128,163,130,-1,164,149,165,-1,165,149,129,-1,165,129,166,-1,166,129,131,-1,166,131,167,-1,167,131,130,-1,167,130,168,-1,168,130,163,-1,169,170,136,-1,136,170,171,-1,136,171,137,-1,135,134,172,-1,172,173,135,-1,135,173,174,-1,135,174,136,-1,136,174,175,-1,136,175,169,-1,176,133,177,-1,177,133,132,-1,177,132,178,-1,178,132,179,-1,179,132,140,-1,179,140,180,-1,171,181,137,-1,137,181,182,-1,137,182,138,-1,182,183,138,-1,138,183,184,-1,138,184,141,-1,184,185,141,-1,141,185,186,-1,141,186,142,-1,186,187,142,-1,142,187,188,-1,142,188,143,-1,189,180,190,-1,190,180,140,-1,190,140,191,-1,191,140,139,-1,191,139,192,-1,192,139,143,-1,192,143,193,-1,193,143,188,-1,99,97,194,-1,195,96,196,-1,196,96,98,-1,196,98,197,-1,197,98,198,-1,198,98,103,-1,198,103,199,-1,200,201,100,-1,100,201,202,-1,100,202,101,-1,194,203,99,-1,99,203,204,-1,99,204,100,-1,100,204,205,-1,100,205,200,-1,202,206,101,-1,101,206,207,-1,101,207,102,-1,207,208,102,-1,102,208,209,-1,102,209,104,-1,209,210,104,-1,104,210,211,-1,104,211,105,-1,211,212,105,-1,105,212,213,-1,105,213,106,-1,214,199,215,-1,215,199,103,-1,215,103,216,-1,216,103,107,-1,216,107,217,-1,217,107,106,-1,217,106,218,-1,218,106,213,-1,219,220,112,-1,112,220,221,-1,112,221,113,-1,111,109,222,-1,222,223,111,-1,111,223,224,-1,111,224,112,-1,112,224,225,-1,112,225,219,-1,226,108,227,-1,227,108,110,-1,227,110,228,-1,228,110,229,-1,229,110,114,-1,229,114,230,-1,221,231,113,-1,113,231,232,-1,113,232,115,-1,232,233,115,-1,115,233,234,-1,115,234,116,-1,234,235,116,-1,116,235,236,-1,116,236,117,-1,236,237,117,-1,117,237,238,-1,117,238,118,-1,239,230,240,-1,240,230,114,-1,240,114,241,-1,241,114,119,-1,241,119,242,-1,242,119,118,-1,242,118,243,-1,243,118,238,-1,152,151,0,-1,23,164,21,-1,21,164,165,-1,21,165,20,-1,20,165,166,-1,20,166,18,-1,18,166,167,-1,18,167,17,-1,17,167,168,-1,17,168,15,-1,15,168,163,-1,15,163,14,-1,14,163,162,-1,14,162,12,-1,162,161,12,-1,12,161,160,-1,12,160,7,-1,7,160,159,-1,7,159,8,-1,8,159,158,-1,8,158,9,-1,9,158,157,-1,9,157,5,-1,5,157,156,-1,5,156,6,-1,6,156,152,-1,6,152,2,-1,2,152,0,-1,171,170,24,-1,47,189,45,-1,45,189,190,-1,45,190,44,-1,44,190,191,-1,44,191,42,-1,42,191,192,-1,42,192,41,-1,41,192,193,-1,41,193,39,-1,39,193,188,-1,39,188,38,-1,38,188,187,-1,38,187,36,-1,187,186,36,-1,36,186,185,-1,36,185,31,-1,31,185,184,-1,31,184,32,-1,32,184,183,-1,32,183,33,-1,33,183,182,-1,33,182,29,-1,29,182,181,-1,29,181,30,-1,30,181,171,-1,30,171,26,-1,26,171,24,-1,202,201,48,-1,71,214,69,-1,69,214,215,-1,69,215,68,-1,68,215,216,-1,68,216,66,-1,66,216,217,-1,66,217,65,-1,65,217,218,-1,65,218,63,-1,63,218,213,-1,63,213,62,-1,62,213,212,-1,62,212,60,-1,212,211,60,-1,60,211,210,-1,60,210,55,-1,55,210,209,-1,55,209,56,-1,56,209,208,-1,56,208,57,-1,57,208,207,-1,57,207,53,-1,53,207,206,-1,53,206,54,-1,54,206,202,-1,54,202,50,-1,50,202,48,-1,221,220,72,-1,95,239,93,-1,93,239,240,-1,93,240,92,-1,92,240,241,-1,92,241,90,-1,90,241,242,-1,90,242,89,-1,89,242,243,-1,89,243,87,-1,87,243,238,-1,87,238,86,-1,86,238,237,-1,86,237,84,-1,237,236,84,-1,84,236,235,-1,84,235,79,-1,79,235,234,-1,79,234,80,-1,80,234,233,-1,80,233,81,-1,81,233,232,-1,81,232,77,-1,77,232,231,-1,77,231,78,-1,78,231,221,-1,78,221,74,-1,74,221,72,-1,244,245,246,-1,244,246,247,-1,248,247,249,-1,249,247,246,-1,249,246,250,-1,250,246,251,-1,250,251,252,-1,253,254,255,-1,253,255,256,-1,256,255,257,-1,256,257,258,-1,250,259,249,-1,249,259,260,-1,249,260,261,-1,261,260,256,-1,261,256,262,-1,262,256,258,-1,263,264,265,-1,266,267,268,-1,268,267,269,-1,268,269,270,-1,270,269,271,-1,272,273,263,-1,265,269,263,-1,263,269,267,-1,263,267,272,-1,272,267,274,-1,272,274,275,-1,275,274,276,-1,277,278,279,-1,279,278,275,-1,279,275,280,-1,280,275,276,-1,280,276,281,-1,282,283,284,-1,284,283,285,-1,282,286,283,-1,283,286,287,-1,283,287,288,-1,283,289,290,-1,290,291,283,-1,283,291,292,-1,283,292,293,-1,293,294,283,-1,283,294,295,-1,283,295,285,-1,296,297,298,-1,298,297,299,-1,296,300,297,-1,297,300,301,-1,297,301,302,-1,297,303,304,-1,304,305,297,-1,297,305,306,-1,297,306,307,-1,307,308,297,-1,297,308,309,-1,297,309,299,-1,288,310,283,-1,283,310,303,-1,283,303,289,-1,289,303,297,-1,289,297,311,-1,311,297,302,-1,312,313,314,-1,314,313,315,-1,312,316,313,-1,313,316,317,-1,313,317,318,-1,313,319,320,-1,320,321,313,-1,313,321,322,-1,313,322,323,-1,323,324,313,-1,313,324,325,-1,313,325,315,-1,326,327,328,-1,328,327,329,-1,326,330,327,-1,327,330,331,-1,327,331,332,-1,327,333,334,-1,334,335,327,-1,327,335,336,-1,327,336,337,-1,337,338,327,-1,327,338,339,-1,327,339,329,-1,318,340,313,-1,313,340,333,-1,313,333,319,-1,319,333,327,-1,319,327,341,-1,341,327,332,-1,342,343,344,-1,344,343,345,-1,342,346,343,-1,343,346,347,-1,343,347,348,-1,343,349,350,-1,350,351,343,-1,343,351,352,-1,343,352,353,-1,353,354,343,-1,343,354,355,-1,343,355,345,-1,356,357,358,-1,358,357,359,-1,356,360,357,-1,357,360,361,-1,357,361,362,-1,357,363,364,-1,364,365,357,-1,357,365,366,-1,357,366,367,-1,367,368,357,-1,357,368,369,-1,357,369,359,-1,348,370,343,-1,343,370,363,-1,343,363,349,-1,349,363,357,-1,349,357,371,-1,371,357,362,-1,372,373,374,-1,374,373,375,-1,372,376,373,-1,373,376,377,-1,373,377,378,-1,373,379,380,-1,380,381,373,-1,373,381,382,-1,373,382,383,-1,383,384,373,-1,373,384,385,-1,373,385,375,-1,386,387,388,-1,388,387,389,-1,386,390,387,-1,387,390,391,-1,387,391,392,-1,387,393,394,-1,394,395,387,-1,387,395,396,-1,387,396,397,-1,397,398,387,-1,387,398,399,-1,387,399,389,-1,378,400,373,-1,373,400,393,-1,373,393,379,-1,379,393,387,-1,379,387,401,-1,401,387,392,-1,402,403,404,-1,404,403,405,-1,402,406,403,-1,403,406,407,-1,403,407,408,-1,403,409,410,-1,410,411,403,-1,403,411,412,-1,403,412,413,-1,413,414,403,-1,403,414,415,-1,403,415,405,-1,416,417,418,-1,418,417,419,-1,416,420,417,-1,417,420,421,-1,417,421,422,-1,417,423,424,-1,424,425,417,-1,417,425,426,-1,417,426,427,-1,427,428,417,-1,417,428,429,-1,417,429,419,-1,408,430,403,-1,403,430,423,-1,403,423,409,-1,409,423,417,-1,409,417,431,-1,431,417,422,-1,432,433,434,-1,434,433,435,-1,432,436,433,-1,433,436,437,-1,433,437,438,-1,433,439,440,-1,440,441,433,-1,433,441,442,-1,433,442,443,-1,443,444,433,-1,433,444,445,-1,433,445,435,-1,446,447,448,-1,448,447,449,-1,446,450,447,-1,447,450,451,-1,447,451,452,-1,447,453,454,-1,454,455,447,-1,447,455,456,-1,447,456,457,-1,457,458,447,-1,447,458,459,-1,447,459,449,-1,438,460,433,-1,433,460,453,-1,433,453,439,-1,439,453,447,-1,439,447,461,-1,461,447,452,-1,462,463,464,-1,464,463,465,-1,462,466,463,-1,463,466,467,-1,463,467,468,-1,463,469,470,-1,470,471,463,-1,463,471,472,-1,463,472,473,-1,473,474,463,-1,463,474,475,-1,463,475,465,-1,476,477,478,-1,478,477,479,-1,476,480,477,-1,477,480,481,-1,477,481,482,-1,477,483,484,-1,484,485,477,-1,477,485,486,-1,477,486,487,-1,487,488,477,-1,477,488,489,-1,477,489,479,-1,468,490,463,-1,463,490,483,-1,463,483,469,-1,469,483,477,-1,469,477,491,-1,491,477,482,-1,492,493,494,-1,494,493,495,-1,492,496,493,-1,493,496,497,-1,493,497,498,-1,493,499,500,-1,500,501,493,-1,493,501,502,-1,493,502,503,-1,503,504,493,-1,493,504,505,-1,493,505,495,-1,506,507,508,-1,508,507,509,-1,506,510,507,-1,507,510,511,-1,507,511,512,-1,507,513,514,-1,514,515,507,-1,507,515,516,-1,507,516,517,-1,517,518,507,-1,507,518,519,-1,507,519,509,-1,498,520,493,-1,493,520,513,-1,493,513,499,-1,499,513,507,-1,499,507,521,-1,521,507,512,-1,522,523,524,-1,524,523,525,-1,526,527,528,-1,528,527,529,-1,530,531,529,-1,529,531,524,-1,529,524,528,-1,528,524,525,-1,528,525,532,-1,532,525,533,-1,534,535,536,-1,534,536,537,-1,537,536,538,-1,537,538,539,-1,540,541,542,-1,543,544,545,-1,542,546,543,-1,543,545,542,-1,542,545,547,-1,542,547,540,-1,548,549,550,-1,548,550,551,-1,550,552,553,-1,551,550,554,-1,554,550,553,-1,554,553,555,-1,556,557,558,-1,559,560,561,-1,558,562,559,-1,559,561,558,-1,558,561,563,-1,558,563,556,-1,564,565,566,-1,567,568,569,-1,566,570,567,-1,567,569,566,-1,566,569,571,-1,566,571,564,-1,572,573,574,-1,575,576,577,-1,574,578,575,-1,575,577,574,-1,574,577,579,-1,574,579,572,-1,580,581,582,-1,583,584,585,-1,582,586,583,-1,583,585,582,-1,582,585,587,-1,582,587,580,-1,588,589,590,-1,591,592,593,-1,590,594,591,-1,591,593,590,-1,590,593,595,-1,590,595,588,-1,596,597,598,-1,599,600,601,-1,598,602,599,-1,599,601,598,-1,598,601,603,-1,598,603,596,-1,604,605,606,-1,604,606,607,-1,606,608,609,-1,607,606,610,-1,610,606,609,-1,610,609,611,-1,
        ]
    }
}
Shape{
    appearance Appearance {
        material  Material 	{
            diffuseColor 0.9686274509803922 0.8784313725490196 0.6
            specularColor 0.6784313725490196 0.615686274509804 0.4196078431372549
            ambientIntensity 0.8737
            transparency 0.0
            shininess 0.5
        }
    }
    geometry IndexedFaceSet {
        ccw TRUE
        solid FALSE
        coord DEF co Coordinate {
            point [
                -1.4915 -2.1914 1.065, -1.4956 0.4749 2.1972, -1.4956 0.4824 2.1795, -1.4055 -2.3996 1.065, -1.4055 0.4433 2.2717, -1.414 -2.3986 1.065, -1.4154 0.4435 2.2712, -1.4154 -2.398 1.065, -1.4499 -2.3699 1.065, -1.4342 0.4451 2.2674, -1.4521 -2.3657 1.065, -1.4522 0.4483 2.2598, -1.4673 0.4528 2.2493, -1.4349 -2.387 1.065, -1.4342 -2.3876 1.065, -1.4236 -2.3949 1.065, -1.4793 -2.2922 1.065, -1.4689 -2.3334 1.065, -1.4672 -2.3366 1.065, -1.4808 0.459 2.2346, -1.4906 0.4665 2.217, -1.4906 -2.2474 1.065, -1.4906 -2.2473 1.065, -1.4887 -2.0876 1.065, -1.493 -2.1081 1.065, -1.4924 -2.1434 1.065, -1.4901 0.4913 2.1586, -1.4802 0.4987 2.1413, -1.4789 -2.0401 1.065, -1.4663 0.5049 2.1266, -1.4476 0.51 2.1146, -1.4475 -1.9637 1.065, -1.4536 -1.9714 1.065, -1.4659 -1.9985 1.065, -1.4738 -2.0155 1.065, -1.4164 -1.9378 1.065, -1.4259 -1.9421 1.065, -1.4281 0.5129 2.1076, -1.4281 -1.9438 1.065, -1.4388 -1.9524 1.065, -1.4055 0.5141 2.105, -1.4055 -1.9361 1.065, -1.4077 -1.9362 1.065, -1.359 -1.97 1.065, -1.3589 0.509 2.1169, -1.3437 0.5045 2.1274, -1.3956 0.5138 2.1055, -1.3956 -1.9377 1.065, -1.3971 -1.9371 1.065, -1.3611 -1.9659 1.065, -1.3761 -1.9487 1.065, -1.3769 0.5122 2.1093, -1.3769 -1.9482 1.065, -1.3874 -1.9408 1.065, -1.3205 0.4908 2.1597, -1.3318 -2.0435 1.065, -1.3302 0.4983 2.1421, -1.3421 -2.0024 1.065, -1.3438 -1.9992 1.065, -1.3155 0.4749 2.1972, -1.3195 -2.1443 1.065, -1.3155 0.4824 2.1795, -1.3204 -2.0884 1.065, -1.3205 -2.0883 1.065, -1.3308 0.4587 2.2354, -1.3223 -2.2481 1.065, -1.3209 0.466 2.2181, -1.318 -2.2276 1.065, -1.3186 -2.1924 1.065, -1.3447 0.4525 2.2501, -1.3373 -2.3202 1.065, -1.3322 -2.2956 1.065, -1.3634 0.4473 2.2622, -1.3575 -2.3643 1.065, -1.3451 -2.3373 1.065, -1.3829 0.4444 2.2691, -1.3722 -2.3834 1.065, -1.3635 -2.3721 1.065, -1.4033 -2.3995 1.065, -1.3947 -2.3979 1.065, -1.3851 -2.3937 1.065, -1.3829 -2.3919 1.065, -0.6884 -2.1914 1.065, -0.6924 0.4749 2.1972, -0.6924 0.4824 2.1795, -0.6024 -2.3996 1.065, -0.6024 0.4433 2.2717, -0.6108 -2.3986 1.065, -0.6123 0.4435 2.2712, -0.6123 -2.398 1.065, -0.6467 -2.3699 1.065, -0.631 0.4451 2.2674, -0.6489 -2.3657 1.065, -0.649 0.4483 2.2598, -0.6642 0.4528 2.2493, -0.6318 -2.387 1.065, -0.631 -2.3876 1.065, -0.6205 -2.3949 1.065, -0.6761 -2.2922 1.065, -0.6657 -2.3334 1.065, -0.6641 -2.3366 1.065, -0.6777 0.459 2.2346, -0.6874 0.4665 2.217, -0.6874 -2.2474 1.065, -0.6874 -2.2473 1.065, -0.6856 -2.0876 1.065, -0.6899 -2.1081 1.065, -0.6892 -2.1434 1.065, -0.6869 0.4913 2.1586, -0.6771 0.4987 2.1413, -0.6757 -2.0401 1.065, -0.6632 0.5049 2.1266, -0.6445 0.51 2.1146, -0.6444 -1.9637 1.065, -0.6504 -1.9714 1.065, -0.6628 -1.9985 1.065, -0.6706 -2.0155 1.065, -0.6132 -1.9378 1.065, -0.6228 -1.9421 1.065, -0.625 0.5129 2.1076, -0.625 -1.9438 1.065, -0.6357 -1.9524 1.065, -0.6024 0.5141 2.105, -0.6024 -1.9361 1.065, -0.6046 -1.9362 1.065, -0.5558 -1.97 1.065, -0.5557 0.509 2.1169, -0.5406 0.5045 2.1274, -0.5924 0.5138 2.1055, -0.5924 -1.9377 1.065, -0.5939 -1.9371 1.065, -0.558 -1.9659 1.065, -0.5729 -1.9487 1.065, -0.5737 0.5122 2.1093, -0.5737 -1.9482 1.065, -0.5843 -1.9408 1.065, -0.5173 0.4908 2.1597, -0.5286 -2.0435 1.065, -0.527 0.4983 2.1421, -0.539 -2.0024 1.065, -0.5406 -1.9992 1.065, -0.5123 0.4749 2.1972, -0.5163 -2.1443 1.065, -0.5123 0.4824 2.1795, -0.5173 -2.0884 1.065, -0.5173 -2.0883 1.065, -0.5276 0.4587 2.2354, -0.5191 -2.2481 1.065, -0.5178 0.466 2.2181, -0.5149 -2.2276 1.065, -0.5155 -2.1924 1.065, -0.5416 0.4525 2.2501, -0.5341 -2.3202 1.065, -0.529 -2.2956 1.065, -0.5603 0.4473 2.2622, -0.5543 -2.3643 1.065, -0.5419 -2.3373 1.065, -0.5797 0.4444 2.2691, -0.5691 -2.3834 1.065, -0.5603 -2.3721 1.065, -0.6002 -2.3995 1.065, -0.5915 -2.3979 1.065, -0.582 -2.3937 1.065, -0.5798 -2.3919 1.065, 0.9179 -2.1914 1.065, 0.9139 0.4749 2.1972, 0.9139 0.4824 2.1795, 1.0039 -2.3996 1.065, 1.0039 0.4433 2.2717, 0.9955 -2.3986 1.065, 0.994 0.4435 2.2712, 0.994 -2.398 1.065, 0.9596 -2.3699 1.065, 0.9753 0.4451 2.2674, 0.9574 -2.3657 1.065, 0.9573 0.4483 2.2598, 0.9421 0.4528 2.2493, 0.9745 -2.387 1.065, 0.9753 -2.3876 1.065, 0.9858 -2.3949 1.065, 0.9302 -2.2922 1.065, 0.9406 -2.3334 1.065, 0.9422 -2.3366 1.065, 0.9286 0.459 2.2346, 0.9189 0.4665 2.217, 0.9189 -2.2474 1.065, 0.9189 -2.2473 1.065, 0.9207 -2.0876 1.065, 0.9164 -2.1081 1.065, 0.9171 -2.1434 1.065, 0.9194 0.4913 2.1586, 0.9292 0.4987 2.1413, 0.9306 -2.0401 1.065, 0.9431 0.5049 2.1266, 0.9618 0.51 2.1146, 0.9619 -1.9637 1.065, 0.9559 -1.9714 1.065, 0.9435 -1.9985 1.065, 0.9357 -2.0155 1.065, 0.9931 -1.9378 1.065, 0.9835 -1.9421 1.065, 0.9813 0.5129 2.1076, 0.9813 -1.9438 1.065, 0.9706 -1.9524 1.065, 1.0039 0.5141 2.105, 1.0039 -1.9361 1.065, 1.0017 -1.9362 1.065, 1.0505 -1.97 1.065, 1.0506 0.509 2.1169, 1.0657 0.5045 2.1274, 1.0139 0.5138 2.1055, 1.0139 -1.9377 1.065, 1.0124 -1.9371 1.065, 1.0483 -1.9659 1.065, 1.0334 -1.9487 1.065, 1.0326 0.5122 2.1093, 1.0326 -1.9482 1.065, 1.022 -1.9408 1.065, 1.089 0.4908 2.1597, 1.0777 -2.0435 1.065, 1.0793 0.4983 2.1421, 1.0673 -2.0024 1.065, 1.0657 -1.9992 1.065, 1.094 0.4749 2.1972, 1.09 -2.1443 1.065, 1.094 0.4824 2.1795, 1.089 -2.0884 1.065, 1.089 -2.0883 1.065, 1.0787 0.4587 2.2354, 1.0872 -2.2481 1.065, 1.0885 0.466 2.2181, 1.0914 -2.2276 1.065, 1.0908 -2.1924 1.065, 1.0647 0.4525 2.2501, 1.0722 -2.3202 1.065, 1.0773 -2.2956 1.065, 1.046 0.4473 2.2622, 1.052 -2.3643 1.065, 1.0644 -2.3373 1.065, 1.0266 0.4444 2.2691, 1.0372 -2.3834 1.065, 1.046 -2.3721 1.065, 1.0061 -2.3995 1.065, 1.0148 -2.3979 1.065, 1.0243 -2.3937 1.065, 1.0265 -2.3919 1.065, 1.4521 -1.97 1.065, 1.4522 0.509 2.1169, 1.4673 0.5045 2.1274, 1.4154 0.5138 2.1055, 1.4154 -1.9377 1.065, 1.4055 0.5141 2.105, 1.414 -1.9371 1.065, 1.4055 -1.9361 1.065, 1.4499 -1.9659 1.065, 1.4349 -1.9487 1.065, 1.4342 0.5122 2.1093, 1.4342 -1.9482 1.065, 1.4236 -1.9408 1.065, 1.4906 0.4908 2.1597, 1.4793 -2.0435 1.065, 1.4808 0.4983 2.1421, 1.4689 -2.0024 1.065, 1.4672 -1.9992 1.065, 1.4956 0.4749 2.1972, 1.4915 -2.1443 1.065, 1.4956 0.4824 2.1795, 1.4906 -2.0884 1.065, 1.4906 -2.0883 1.065, 1.4802 0.4587 2.2354, 1.4887 -2.2481 1.065, 1.4901 0.466 2.2181, 1.493 -2.2276 1.065, 1.4924 -2.1924 1.065, 1.4663 0.4525 2.2501, 1.4738 -2.3202 1.065, 1.4789 -2.2956 1.065, 1.4476 0.4473 2.2622, 1.4536 -2.3643 1.065, 1.4659 -2.3373 1.065, 1.4281 0.4444 2.2691, 1.4388 -2.3834 1.065, 1.4475 -2.3721 1.065, 1.4055 0.4433 2.2717, 1.4055 -2.3996 1.065, 1.4077 -2.3995 1.065, 1.4164 -2.3979 1.065, 1.4259 -2.3937 1.065, 1.4281 -2.3919 1.065, 1.3195 -2.1914 1.065, 1.3155 0.4749 2.1972, 1.3155 0.4824 2.1795, 1.3971 -2.3986 1.065, 1.3956 0.4435 2.2712, 1.3956 -2.398 1.065, 1.3611 -2.3699 1.065, 1.3769 0.4451 2.2674, 1.359 -2.3657 1.065, 1.3589 0.4483 2.2598, 1.3437 0.4528 2.2493, 1.3761 -2.387 1.065, 1.3769 -2.3876 1.065, 1.3874 -2.3949 1.065, 1.3318 -2.2922 1.065, 1.3421 -2.3334 1.065, 1.3438 -2.3366 1.065, 1.3302 0.459 2.2346, 1.3205 0.4665 2.217, 1.3205 -2.2474 1.065, 1.3204 -2.2473 1.065, 1.3223 -2.0876 1.065, 1.318 -2.1081 1.065, 1.3186 -2.1434 1.065, 1.3209 0.4913 2.1586, 1.3308 0.4987 2.1413, 1.3322 -2.0401 1.065, 1.3447 0.5049 2.1266, 1.3634 0.51 2.1146, 1.3635 -1.9637 1.065, 1.3575 -1.9714 1.065, 1.3451 -1.9985 1.065, 1.3373 -2.0155 1.065, 1.3947 -1.9378 1.065, 1.3851 -1.9421 1.065, 1.3829 0.5129 2.1076, 1.3829 -1.9438 1.065, 1.3722 -1.9524 1.065, 1.4033 -1.9362 1.065, -0.1542 -1.97 1.065, -0.1541 0.509 2.1169, -0.139 0.5045 2.1274, -0.1908 0.5138 2.1055, -0.1909 -1.9377 1.065, -0.2008 0.5141 2.105, -0.1923 -1.9371 1.065, -0.2008 -1.9361 1.065, -0.1564 -1.9659 1.065, -0.1714 -1.9487 1.065, -0.1721 0.5122 2.1093, -0.1721 -1.9482 1.065, -0.1827 -1.9408 1.065, -0.1157 0.4908 2.1597, -0.127 -2.0435 1.065, -0.1255 0.4983 2.1421, -0.1374 -2.0024 1.065, -0.1391 -1.9992 1.065, -0.1107 0.4749 2.1972, -0.1147 -2.1443 1.065, -0.1107 0.4824 2.1795, -0.1157 -2.0884 1.065, -0.1157 -2.0883 1.065, -0.1261 0.4587 2.2354, -0.1176 -2.2481 1.065, -0.1162 0.466 2.2181, -0.1133 -2.2276 1.065, -0.1139 -2.1924 1.065, -0.14 0.4525 2.2501, -0.1325 -2.3202 1.065, -0.1274 -2.2956 1.065, -0.1587 0.4473 2.2622, -0.1527 -2.3643 1.065, -0.1404 -2.3373 1.065, -0.1782 0.4444 2.2691, -0.1675 -2.3834 1.065, -0.1588 -2.3721 1.065, -0.2008 0.4433 2.2717, -0.2008 -2.3996 1.065, -0.1986 -2.3995 1.065, -0.1899 -2.3979 1.065, -0.1804 -2.3937 1.065, -0.1782 -2.3919 1.065, -0.2868 -2.1914 1.065, -0.2908 0.4749 2.1972, -0.2908 0.4824 2.1795, -0.2092 -2.3986 1.065, -0.2107 0.4435 2.2712, -0.2107 -2.398 1.065, -0.2452 -2.3699 1.065, -0.2294 0.4451 2.2674, -0.2473 -2.3657 1.065, -0.2474 0.4483 2.2598, -0.2626 0.4528 2.2493, -0.2302 -2.387 1.065, -0.2294 -2.3876 1.065, -0.2189 -2.3949 1.065, -0.2745 -2.2922 1.065, -0.2642 -2.3334 1.065, -0.2625 -2.3366 1.065, -0.2761 0.459 2.2346, -0.2858 0.4665 2.217, -0.2858 -2.2474 1.065, -0.2859 -2.2473 1.065, -0.284 -2.0876 1.065, -0.2883 -2.1081 1.065, -0.2877 -2.1434 1.065, -0.2854 0.4913 2.1586, -0.2755 0.4987 2.1413, -0.2741 -2.0401 1.065, -0.2616 0.5049 2.1266, -0.2429 0.51 2.1146, -0.2428 -1.9637 1.065, -0.2488 -1.9714 1.065, -0.2612 -1.9985 1.065, -0.269 -2.0155 1.065, -0.2116 -1.9378 1.065, -0.2212 -1.9421 1.065, -0.2234 0.5129 2.1076, -0.2234 -1.9438 1.065, -0.2341 -1.9524 1.065, -0.203 -1.9362 1.065, 0.5163 -2.1914 1.065, 0.5123 0.4749 2.1972, 0.5123 0.4824 2.1795, 0.6024 -2.3996 1.065, 0.6024 0.4433 2.2717, 0.5939 -2.3986 1.065, 0.5924 0.4435 2.2712, 0.5924 -2.398 1.065, 0.558 -2.3699 1.065, 0.5737 0.4451 2.2674, 0.5558 -2.3657 1.065, 0.5557 0.4483 2.2598, 0.5406 0.4528 2.2493, 0.5729 -2.387 1.065, 0.5737 -2.3876 1.065, 0.5843 -2.3949 1.065, 0.5286 -2.2922 1.065, 0.539 -2.3334 1.065, 0.5406 -2.3366 1.065, 0.527 0.459 2.2346, 0.5173 0.4665 2.217, 0.5173 -2.2474 1.065, 0.5173 -2.2473 1.065, 0.5191 -2.0876 1.065, 0.5149 -2.1081 1.065, 0.5155 -2.1434 1.065, 0.5178 0.4913 2.1586, 0.5276 0.4987 2.1413, 0.529 -2.0401 1.065, 0.5416 0.5049 2.1266, 0.5603 0.51 2.1146, 0.5603 -1.9637 1.065, 0.5543 -1.9714 1.065, 0.5419 -1.9985 1.065, 0.5341 -2.0155 1.065, 0.5915 -1.9378 1.065, 0.582 -1.9421 1.065, 0.5797 0.5129 2.1076, 0.5798 -1.9438 1.065, 0.5691 -1.9524 1.065, 0.6024 0.5141 2.105, 0.6024 -1.9361 1.065, 0.6002 -1.9362 1.065, 0.6489 -1.97 1.065, 0.649 0.509 2.1169, 0.6642 0.5045 2.1274, 0.6123 0.5138 2.1055, 0.6123 -1.9377 1.065, 0.6108 -1.9371 1.065, 0.6467 -1.9659 1.065, 0.6318 -1.9487 1.065, 0.631 0.5122 2.1093, 0.631 -1.9482 1.065, 0.6205 -1.9408 1.065, 0.6874 0.4908 2.1597, 0.6761 -2.0435 1.065, 0.6777 0.4983 2.1421, 0.6657 -2.0024 1.065, 0.6641 -1.9992 1.065, 0.6924 0.4749 2.1972, 0.6884 -2.1443 1.065, 0.6924 0.4824 2.1795, 0.6874 -2.0884 1.065, 0.6874 -2.0883 1.065, 0.6771 0.4587 2.2354, 0.6856 -2.2481 1.065, 0.6869 0.466 2.2181, 0.6899 -2.2276 1.065, 0.6892 -2.1924 1.065, 0.6632 0.4525 2.2501, 0.6706 -2.3202 1.065, 0.6757 -2.2956 1.065, 0.6445 0.4473 2.2622, 0.6504 -2.3643 1.065, 0.6628 -2.3373 1.065, 0.625 0.4444 2.2691, 0.6357 -2.3834 1.065, 0.6444 -2.3721 1.065, 0.6046 -2.3995 1.065, 0.6132 -2.3979 1.065, 0.6228 -2.3937 1.065, 0.625 -2.3919 1.065, -1.09 -2.1914 1.065, -1.094 0.4749 2.1972, -1.094 0.4824 2.1795, -1.0039 -2.3996 1.065, -1.0039 0.4433 2.2717, -1.0124 -2.3986 1.065, -1.0139 0.4435 2.2712, -1.0139 -2.398 1.065, -1.0483 -2.3699 1.065, -1.0326 0.4451 2.2674, -1.0505 -2.3657 1.065, -1.0506 0.4483 2.2598, -1.0657 0.4528 2.2493, -1.0334 -2.387 1.065, -1.0326 -2.3876 1.065, -1.022 -2.3949 1.065, -1.0777 -2.2922 1.065, -1.0673 -2.3334 1.065, -1.0657 -2.3366 1.065, -1.0793 0.459 2.2346, -1.089 0.4665 2.217, -1.089 -2.2474 1.065, -1.089 -2.2473 1.065, -1.0872 -2.0876 1.065, -1.0914 -2.1081 1.065, -1.0908 -2.1434 1.065, -1.0885 0.4913 2.1586, -1.0787 0.4987 2.1413, -1.0773 -2.0401 1.065, -1.0647 0.5049 2.1266, -1.046 0.51 2.1146, -1.046 -1.9637 1.065, -1.052 -1.9714 1.065, -1.0644 -1.9985 1.065, -1.0722 -2.0155 1.065, -1.0148 -1.9378 1.065, -1.0243 -1.9421 1.065, -1.0266 0.5129 2.1076, -1.0265 -1.9438 1.065, -1.0372 -1.9524 1.065, -1.0039 0.5141 2.105, -1.0039 -1.9361 1.065, -1.0061 -1.9362 1.065, -0.9574 -1.97 1.065, -0.9573 0.509 2.1169, -0.9421 0.5045 2.1274, -0.994 0.5138 2.1055, -0.994 -1.9377 1.065, -0.9955 -1.9371 1.065, -0.9596 -1.9659 1.065, -0.9745 -1.9487 1.065, -0.9753 0.5122 2.1093, -0.9753 -1.9482 1.065, -0.9858 -1.9408 1.065, -0.9189 0.4908 2.1597, -0.9302 -2.0435 1.065, -0.9286 0.4983 2.1421, -0.9406 -2.0024 1.065, -0.9422 -1.9992 1.065, -0.9139 0.4749 2.1972, -0.9179 -2.1443 1.065, -0.9139 0.4824 2.1795, -0.9189 -2.0884 1.065, -0.9189 -2.0883 1.065, -0.9292 0.4587 2.2354, -0.9207 -2.2481 1.065, -0.9194 0.466 2.2181, -0.9164 -2.2276 1.065, -0.9171 -2.1924 1.065, -0.9431 0.4525 2.2501, -0.9357 -2.3202 1.065, -0.9306 -2.2956 1.065, -0.9618 0.4473 2.2622, -0.9559 -2.3643 1.065, -0.9435 -2.3373 1.065, -0.9813 0.4444 2.2691, -0.9706 -2.3834 1.065, -0.9619 -2.3721 1.065, -1.0017 -2.3995 1.065, -0.9931 -2.3979 1.065, -0.9835 -2.3937 1.065, -0.9813 -2.3919 1.065, 0.2473 -1.97 1.065, 0.2474 0.509 2.1169, 0.2626 0.5045 2.1274, 0.2107 0.5138 2.1055, 0.2107 -1.9377 1.065, 0.2008 0.5141 2.105, 0.2092 -1.9371 1.065, 0.2008 -1.9361 1.065, 0.2452 -1.9659 1.065, 0.2302 -1.9487 1.065, 0.2294 0.5122 2.1093, 0.2294 -1.9482 1.065, 0.2189 -1.9408 1.065, 0.2858 0.4908 2.1597, 0.2745 -2.0435 1.065, 0.2761 0.4983 2.1421, 0.2642 -2.0024 1.065, 0.2625 -1.9992 1.065, 0.2908 0.4749 2.1972, 0.2868 -2.1443 1.065, 0.2908 0.4824 2.1795, 0.2859 -2.0884 1.065, 0.2858 -2.0883 1.065, 0.2755 0.4587 2.2354, 0.284 -2.2481 1.065, 0.2854 0.466 2.2181, 0.2883 -2.2276 1.065, 0.2877 -2.1924 1.065, 0.2616 0.4525 2.2501, 0.269 -2.3202 1.065, 0.2741 -2.2956 1.065, 0.2429 0.4473 2.2622, 0.2488 -2.3643 1.065, 0.2612 -2.3373 1.065, 0.2234 0.4444 2.2691, 0.2341 -2.3834 1.065, 0.2428 -2.3721 1.065, 0.2008 0.4433 2.2717, 0.2008 -2.3996 1.065, 0.203 -2.3995 1.065, 0.2116 -2.3979 1.065, 0.2212 -2.3937 1.065, 0.2234 -2.3919 1.065, 0.1147 -2.1914 1.065, 0.1107 0.4749 2.1972, 0.1107 0.4824 2.1795, 0.1923 -2.3986 1.065, 0.1908 0.4435 2.2712, 0.1909 -2.398 1.065, 0.1564 -2.3699 1.065, 0.1721 0.4451 2.2674, 0.1542 -2.3657 1.065, 0.1541 0.4483 2.2598, 0.139 0.4528 2.2493, 0.1714 -2.387 1.065, 0.1721 -2.3876 1.065, 0.1827 -2.3949 1.065, 0.127 -2.2922 1.065, 0.1374 -2.3334 1.065, 0.1391 -2.3366 1.065, 0.1255 0.459 2.2346, 0.1157 0.4665 2.217, 0.1157 -2.2474 1.065, 0.1157 -2.2473 1.065, 0.1176 -2.0876 1.065, 0.1133 -2.1081 1.065, 0.1139 -2.1434 1.065, 0.1162 0.4913 2.1586, 0.1261 0.4987 2.1413, 0.1274 -2.0401 1.065, 0.14 0.5049 2.1266, 0.1587 0.51 2.1146, 0.1588 -1.9637 1.065, 0.1527 -1.9714 1.065, 0.1404 -1.9985 1.065, 0.1325 -2.0155 1.065, 0.1899 -1.9378 1.065, 0.1804 -1.9421 1.065, 0.1782 0.5129 2.1076, 0.1782 -1.9438 1.065, 0.1675 -1.9524 1.065, 0.1986 -1.9362 1.065
            ]
        }
        coordIndex [
            0,1,2,-1,3,4,5,-1,5,4,6,-1,5,6,7,-1,8,9,10,-1,10,9,11,-1,10,11,12,-1,8,13,9,-1,9,13,14,-1,9,14,6,-1,6,14,15,-1,6,15,7,-1,16,17,12,-1,12,17,18,-1,12,18,10,-1,12,19,16,-1,16,19,20,-1,16,20,21,-1,1,0,20,-1,20,0,22,-1,20,22,21,-1,23,24,2,-1,2,24,25,-1,2,25,0,-1,2,26,23,-1,23,26,27,-1,23,27,28,-1,29,30,31,-1,31,32,29,-1,29,32,33,-1,29,33,27,-1,27,33,34,-1,27,34,28,-1,35,36,37,-1,37,36,38,-1,37,38,30,-1,30,38,39,-1,30,39,31,-1,40,41,37,-1,37,41,42,-1,37,42,35,-1,43,44,45,-1,46,47,40,-1,40,47,48,-1,40,48,41,-1,43,49,44,-1,44,49,50,-1,44,50,51,-1,51,50,52,-1,51,52,46,-1,46,52,53,-1,46,53,47,-1,54,55,56,-1,56,55,57,-1,56,57,45,-1,45,57,58,-1,45,58,43,-1,59,60,61,-1,61,60,62,-1,61,62,54,-1,54,62,63,-1,54,63,55,-1,64,65,66,-1,66,65,67,-1,66,67,59,-1,59,67,68,-1,59,68,60,-1,69,70,64,-1,64,70,71,-1,64,71,65,-1,72,73,69,-1,69,73,74,-1,69,74,70,-1,75,76,72,-1,72,76,77,-1,72,77,73,-1,4,3,78,-1,78,79,4,-1,4,79,80,-1,4,80,75,-1,75,80,81,-1,75,81,76,-1,82,83,84,-1,85,86,87,-1,87,86,88,-1,87,88,89,-1,90,91,92,-1,92,91,93,-1,92,93,94,-1,90,95,91,-1,91,95,96,-1,91,96,88,-1,88,96,97,-1,88,97,89,-1,98,99,94,-1,94,99,100,-1,94,100,92,-1,94,101,98,-1,98,101,102,-1,98,102,103,-1,83,82,102,-1,102,82,104,-1,102,104,103,-1,105,106,84,-1,84,106,107,-1,84,107,82,-1,84,108,105,-1,105,108,109,-1,105,109,110,-1,111,112,113,-1,113,114,111,-1,111,114,115,-1,111,115,109,-1,109,115,116,-1,109,116,110,-1,117,118,119,-1,119,118,120,-1,119,120,112,-1,112,120,121,-1,112,121,113,-1,122,123,119,-1,119,123,124,-1,119,124,117,-1,125,126,127,-1,128,129,122,-1,122,129,130,-1,122,130,123,-1,125,131,126,-1,126,131,132,-1,126,132,133,-1,133,132,134,-1,133,134,128,-1,128,134,135,-1,128,135,129,-1,136,137,138,-1,138,137,139,-1,138,139,127,-1,127,139,140,-1,127,140,125,-1,141,142,143,-1,143,142,144,-1,143,144,136,-1,136,144,145,-1,136,145,137,-1,146,147,148,-1,148,147,149,-1,148,149,141,-1,141,149,150,-1,141,150,142,-1,151,152,146,-1,146,152,153,-1,146,153,147,-1,154,155,151,-1,151,155,156,-1,151,156,152,-1,157,158,154,-1,154,158,159,-1,154,159,155,-1,86,85,160,-1,160,161,86,-1,86,161,162,-1,86,162,157,-1,157,162,163,-1,157,163,158,-1,164,165,166,-1,167,168,169,-1,169,168,170,-1,169,170,171,-1,172,173,174,-1,174,173,175,-1,174,175,176,-1,172,177,173,-1,173,177,178,-1,173,178,170,-1,170,178,179,-1,170,179,171,-1,180,181,176,-1,176,181,182,-1,176,182,174,-1,176,183,180,-1,180,183,184,-1,180,184,185,-1,165,164,184,-1,184,164,186,-1,184,186,185,-1,187,188,166,-1,166,188,189,-1,166,189,164,-1,166,190,187,-1,187,190,191,-1,187,191,192,-1,193,194,195,-1,195,196,193,-1,193,196,197,-1,193,197,191,-1,191,197,198,-1,191,198,192,-1,199,200,201,-1,201,200,202,-1,201,202,194,-1,194,202,203,-1,194,203,195,-1,204,205,201,-1,201,205,206,-1,201,206,199,-1,207,208,209,-1,210,211,204,-1,204,211,212,-1,204,212,205,-1,207,213,208,-1,208,213,214,-1,208,214,215,-1,215,214,216,-1,215,216,210,-1,210,216,217,-1,210,217,211,-1,218,219,220,-1,220,219,221,-1,220,221,209,-1,209,221,222,-1,209,222,207,-1,223,224,225,-1,225,224,226,-1,225,226,218,-1,218,226,227,-1,218,227,219,-1,228,229,230,-1,230,229,231,-1,230,231,223,-1,223,231,232,-1,223,232,224,-1,233,234,228,-1,228,234,235,-1,228,235,229,-1,236,237,233,-1,233,237,238,-1,233,238,234,-1,239,240,236,-1,236,240,241,-1,236,241,237,-1,168,167,242,-1,242,243,168,-1,168,243,244,-1,168,244,239,-1,239,244,245,-1,239,245,240,-1,246,247,248,-1,249,250,251,-1,251,250,252,-1,251,252,253,-1,246,254,247,-1,247,254,255,-1,247,255,256,-1,256,255,257,-1,256,257,249,-1,249,257,258,-1,249,258,250,-1,259,260,261,-1,261,260,262,-1,261,262,248,-1,248,262,263,-1,248,263,246,-1,264,265,266,-1,266,265,267,-1,266,267,259,-1,259,267,268,-1,259,268,260,-1,269,270,271,-1,271,270,272,-1,271,272,264,-1,264,272,273,-1,264,273,265,-1,274,275,269,-1,269,275,276,-1,269,276,270,-1,277,278,274,-1,274,278,279,-1,274,279,275,-1,280,281,277,-1,277,281,282,-1,277,282,278,-1,283,284,285,-1,285,286,283,-1,283,286,287,-1,283,287,280,-1,280,287,288,-1,280,288,281,-1,289,290,291,-1,284,283,292,-1,292,283,293,-1,292,293,294,-1,295,296,297,-1,297,296,298,-1,297,298,299,-1,295,300,296,-1,296,300,301,-1,296,301,293,-1,293,301,302,-1,293,302,294,-1,303,304,299,-1,299,304,305,-1,299,305,297,-1,299,306,303,-1,303,306,307,-1,303,307,308,-1,290,289,307,-1,307,289,309,-1,307,309,308,-1,310,311,291,-1,291,311,312,-1,291,312,289,-1,291,313,310,-1,310,313,314,-1,310,314,315,-1,316,317,318,-1,318,319,316,-1,316,319,320,-1,316,320,314,-1,314,320,321,-1,314,321,315,-1,322,323,324,-1,324,323,325,-1,324,325,317,-1,317,325,326,-1,317,326,318,-1,251,253,324,-1,324,253,327,-1,324,327,322,-1,328,329,330,-1,331,332,333,-1,333,332,334,-1,333,334,335,-1,328,336,329,-1,329,336,337,-1,329,337,338,-1,338,337,339,-1,338,339,331,-1,331,339,340,-1,331,340,332,-1,341,342,343,-1,343,342,344,-1,343,344,330,-1,330,344,345,-1,330,345,328,-1,346,347,348,-1,348,347,349,-1,348,349,341,-1,341,349,350,-1,341,350,342,-1,351,352,353,-1,353,352,354,-1,353,354,346,-1,346,354,355,-1,346,355,347,-1,356,357,351,-1,351,357,358,-1,351,358,352,-1,359,360,356,-1,356,360,361,-1,356,361,357,-1,362,363,359,-1,359,363,364,-1,359,364,360,-1,365,366,367,-1,367,368,365,-1,365,368,369,-1,365,369,362,-1,362,369,370,-1,362,370,363,-1,371,372,373,-1,366,365,374,-1,374,365,375,-1,374,375,376,-1,377,378,379,-1,379,378,380,-1,379,380,381,-1,377,382,378,-1,378,382,383,-1,378,383,375,-1,375,383,384,-1,375,384,376,-1,385,386,381,-1,381,386,387,-1,381,387,379,-1,381,388,385,-1,385,388,389,-1,385,389,390,-1,372,371,389,-1,389,371,391,-1,389,391,390,-1,392,393,373,-1,373,393,394,-1,373,394,371,-1,373,395,392,-1,392,395,396,-1,392,396,397,-1,398,399,400,-1,400,401,398,-1,398,401,402,-1,398,402,396,-1,396,402,403,-1,396,403,397,-1,404,405,406,-1,406,405,407,-1,406,407,399,-1,399,407,408,-1,399,408,400,-1,333,335,406,-1,406,335,409,-1,406,409,404,-1,410,411,412,-1,413,414,415,-1,415,414,416,-1,415,416,417,-1,418,419,420,-1,420,419,421,-1,420,421,422,-1,418,423,419,-1,419,423,424,-1,419,424,416,-1,416,424,425,-1,416,425,417,-1,426,427,422,-1,422,427,428,-1,422,428,420,-1,422,429,426,-1,426,429,430,-1,426,430,431,-1,411,410,430,-1,430,410,432,-1,430,432,431,-1,433,434,412,-1,412,434,435,-1,412,435,410,-1,412,436,433,-1,433,436,437,-1,433,437,438,-1,439,440,441,-1,441,442,439,-1,439,442,443,-1,439,443,437,-1,437,443,444,-1,437,444,438,-1,445,446,447,-1,447,446,448,-1,447,448,440,-1,440,448,449,-1,440,449,441,-1,450,451,447,-1,447,451,452,-1,447,452,445,-1,453,454,455,-1,456,457,450,-1,450,457,458,-1,450,458,451,-1,453,459,454,-1,454,459,460,-1,454,460,461,-1,461,460,462,-1,461,462,456,-1,456,462,463,-1,456,463,457,-1,464,465,466,-1,466,465,467,-1,466,467,455,-1,455,467,468,-1,455,468,453,-1,469,470,471,-1,471,470,472,-1,471,472,464,-1,464,472,473,-1,464,473,465,-1,474,475,476,-1,476,475,477,-1,476,477,469,-1,469,477,478,-1,469,478,470,-1,479,480,474,-1,474,480,481,-1,474,481,475,-1,482,483,479,-1,479,483,484,-1,479,484,480,-1,485,486,482,-1,482,486,487,-1,482,487,483,-1,414,413,488,-1,488,489,414,-1,414,489,490,-1,414,490,485,-1,485,490,491,-1,485,491,486,-1,492,493,494,-1,495,496,497,-1,497,496,498,-1,497,498,499,-1,500,501,502,-1,502,501,503,-1,502,503,504,-1,500,505,501,-1,501,505,506,-1,501,506,498,-1,498,506,507,-1,498,507,499,-1,508,509,504,-1,504,509,510,-1,504,510,502,-1,504,511,508,-1,508,511,512,-1,508,512,513,-1,493,492,512,-1,512,492,514,-1,512,514,513,-1,515,516,494,-1,494,516,517,-1,494,517,492,-1,494,518,515,-1,515,518,519,-1,515,519,520,-1,521,522,523,-1,523,524,521,-1,521,524,525,-1,521,525,519,-1,519,525,526,-1,519,526,520,-1,527,528,529,-1,529,528,530,-1,529,530,522,-1,522,530,531,-1,522,531,523,-1,532,533,529,-1,529,533,534,-1,529,534,527,-1,535,536,537,-1,538,539,532,-1,532,539,540,-1,532,540,533,-1,535,541,536,-1,536,541,542,-1,536,542,543,-1,543,542,544,-1,543,544,538,-1,538,544,545,-1,538,545,539,-1,546,547,548,-1,548,547,549,-1,548,549,537,-1,537,549,550,-1,537,550,535,-1,551,552,553,-1,553,552,554,-1,553,554,546,-1,546,554,555,-1,546,555,547,-1,556,557,558,-1,558,557,559,-1,558,559,551,-1,551,559,560,-1,551,560,552,-1,561,562,556,-1,556,562,563,-1,556,563,557,-1,564,565,561,-1,561,565,566,-1,561,566,562,-1,567,568,564,-1,564,568,569,-1,564,569,565,-1,496,495,570,-1,570,571,496,-1,496,571,572,-1,496,572,567,-1,567,572,573,-1,567,573,568,-1,574,575,576,-1,577,578,579,-1,579,578,580,-1,579,580,581,-1,574,582,575,-1,575,582,583,-1,575,583,584,-1,584,583,585,-1,584,585,577,-1,577,585,586,-1,577,586,578,-1,587,588,589,-1,589,588,590,-1,589,590,576,-1,576,590,591,-1,576,591,574,-1,592,593,594,-1,594,593,595,-1,594,595,587,-1,587,595,596,-1,587,596,588,-1,597,598,599,-1,599,598,600,-1,599,600,592,-1,592,600,601,-1,592,601,593,-1,602,603,597,-1,597,603,604,-1,597,604,598,-1,605,606,602,-1,602,606,607,-1,602,607,603,-1,608,609,605,-1,605,609,610,-1,605,610,606,-1,611,612,613,-1,613,614,611,-1,611,614,615,-1,611,615,608,-1,608,615,616,-1,608,616,609,-1,617,618,619,-1,612,611,620,-1,620,611,621,-1,620,621,622,-1,623,624,625,-1,625,624,626,-1,625,626,627,-1,623,628,624,-1,624,628,629,-1,624,629,621,-1,621,629,630,-1,621,630,622,-1,631,632,627,-1,627,632,633,-1,627,633,625,-1,627,634,631,-1,631,634,635,-1,631,635,636,-1,618,617,635,-1,635,617,637,-1,635,637,636,-1,638,639,619,-1,619,639,640,-1,619,640,617,-1,619,641,638,-1,638,641,642,-1,638,642,643,-1,644,645,646,-1,646,647,644,-1,644,647,648,-1,644,648,642,-1,642,648,649,-1,642,649,643,-1,650,651,652,-1,652,651,653,-1,652,653,645,-1,645,653,654,-1,645,654,646,-1,579,581,652,-1,652,581,655,-1,652,655,650,-1,
        ]
    }
}
Shape{
    appearance Appearance {
        material  Material 	{
            diffuseColor 0.2235294117647059 0.2235294117647059 0.2235294117647059
            specularColor 0.11372549019607843 0.11372549019607843 0.11372549019607843
            ambientIntensity 0.2235
            transparency 0.0
            shininess 0.5
        }
    }
    geometry IndexedFaceSet {
        ccw TRUE
        solid FALSE
        coord DEF co Coordinate {
            point [
                2.6772 -0.5551 1.7539, 2.6772 -0.5551 2.935, 2.5108 -0.5551 2.935, 2.5108 -0.5551 1.7539, 2.3445 -0.5551 2.935, 2.3445 -0.5551 1.7539, 1.689 0.2717 2.2854, 1.689 0.2717 1.065, 1.689 0.6457 1.065, 1.689 0.6457 2.2854, 1.689 1.0197 1.065, 1.689 1.0197 2.2854, 1.6496 0.2717 2.4823, 1.6496 0.6457 2.4823, 1.6496 1.0197 2.4823, 1.6063 0.2717 2.4823, 1.563 0.6457 2.4823, 1.563 0.2717 2.4823, 1.563 1.0197 2.4823, 1.5236 0.2717 2.2854, 1.5236 0.6457 2.2854, 1.5236 1.0197 2.2854, 1.5236 0.2717 1.065, 1.5236 0.6457 1.065, 1.5236 1.0197 1.065, 1.2874 0.2717 2.2854, 1.2874 0.2717 1.065, 1.2874 0.6457 1.065, 1.2874 0.6457 2.2854, 1.2874 1.0197 1.065, 1.2874 1.0197 2.2854, 1.248 0.2717 2.4823, 1.248 0.6457 2.4823, 1.248 1.0197 2.4823, 1.2047 0.2717 2.4823, 1.1614 0.6457 2.4823, 1.1614 0.2717 2.4823, 1.1614 1.0197 2.4823, 1.122 0.2717 2.2854, 1.122 0.6457 2.2854, 1.122 1.0197 2.2854, 1.122 0.2717 1.065, 1.122 0.6457 1.065, 1.122 1.0197 1.065, 0.8858 0.2717 2.2854, 0.8858 0.2717 1.065, 0.8858 0.6457 1.065, 0.8858 0.6457 2.2854, 0.8858 1.0197 1.065, 0.8858 1.0197 2.2854, 0.8465 0.2717 2.4823, 0.8465 0.6457 2.4823, 0.8465 1.0197 2.4823, 0.8031 0.2717 2.4823, 0.7598 0.6457 2.4823, 0.7598 0.2717 2.4823, 0.7598 1.0197 2.4823, 0.7205 0.2717 2.2854, 0.7205 0.6457 2.2854, 0.7205 1.0197 2.2854, 0.7205 0.2717 1.065, 0.7205 0.6457 1.065, 0.7205 1.0197 1.065, 0.4843 0.2717 2.2854, 0.4843 0.2717 1.065, 0.4843 0.6457 1.065, 0.4843 0.6457 2.2854, 0.4843 1.0197 1.065, 0.4843 1.0197 2.2854, 0.4449 0.2717 2.4823, 0.4449 0.6457 2.4823, 0.4449 1.0197 2.4823, 0.4016 0.2717 2.4823, 0.3583 0.6457 2.4823, 0.3583 0.2717 2.4823, 0.3583 1.0197 2.4823, 0.3189 0.2717 2.2854, 0.3189 0.6457 2.2854, 0.3189 1.0197 2.2854, 0.3189 0.2717 1.065, 0.3189 0.6457 1.065, 0.3189 1.0197 1.065, 0.0827 0.2717 2.2854, 0.0827 0.2717 1.065, 0.0827 0.6457 1.065, 0.0827 0.6457 2.2854, 0.0827 1.0197 1.065, 0.0827 1.0197 2.2854, 0.0433 0.2717 2.4823, 0.0433 0.6457 2.4823, 0.0433 1.0197 2.4823, 0.0 0.2717 2.4823, -0.0433 0.6457 2.4823, -0.0433 0.2717 2.4823, 0.0 1.0197 2.4823, -0.0433 1.0197 2.4823, -0.0827 0.2717 2.2854, -0.0827 0.6457 2.2854, -0.0827 1.0197 2.2854, -0.0827 0.2717 1.065, -0.0827 0.6457 1.065, -0.0827 1.0197 1.065, -0.3189 0.2717 2.2854, -0.3189 0.2717 1.065, -0.3189 0.6457 1.065, -0.3189 0.6457 2.2854, -0.3189 1.0197 1.065, -0.3189 1.0197 2.2854, -0.3583 0.2717 2.4823, -0.3583 0.6457 2.4823, -0.3583 1.0197 2.4823, -0.4016 0.2717 2.4823, -0.4449 0.6457 2.4823, -0.4449 0.2717 2.4823, -0.4449 1.0197 2.4823, -0.4843 0.2717 2.2854, -0.4843 0.6457 2.2854, -0.4843 1.0197 2.2854, -0.4843 0.2717 1.065, -0.4843 0.6457 1.065, -0.4843 1.0197 1.065, -0.7205 0.2717 2.2854, -0.7205 0.2717 1.065, -0.7205 0.6457 1.065, -0.7205 0.6457 2.2854, -0.7205 1.0197 1.065, -0.7205 1.0197 2.2854, -0.7598 0.2717 2.4823, -0.7598 0.6457 2.4823, -0.7598 1.0197 2.4823, -0.8031 0.2717 2.4823, -0.8465 0.6457 2.4823, -0.8465 0.2717 2.4823, -0.8465 1.0197 2.4823, -0.8858 0.2717 2.2854, -0.8858 0.6457 2.2854, -0.8858 1.0197 2.2854, -0.8858 0.2717 1.065, -0.8858 0.6457 1.065, -0.8858 1.0197 1.065, -1.122 0.2717 2.2854, -1.122 0.2717 1.065, -1.122 0.6457 1.065, -1.122 0.6457 2.2854, -1.122 1.0197 1.065, -1.122 1.0197 2.2854, -1.1614 0.2717 2.4823, -1.1614 0.6457 2.4823, -1.1614 1.0197 2.4823, -1.2047 0.2717 2.4823, -1.248 0.6457 2.4823, -1.248 0.2717 2.4823, -1.248 1.0197 2.4823, -1.2874 0.2717 2.2854, -1.2874 0.6457 2.2854, -1.2874 1.0197 2.2854, -1.2874 0.2717 1.065, -1.2874 0.6457 1.065, -1.2874 1.0197 1.065, -1.5236 0.2717 2.2854, -1.5236 0.2717 1.065, -1.5236 0.6457 1.065, -1.5236 0.6457 2.2854, -1.5236 1.0197 1.065, -1.5236 1.0197 2.2854, -1.563 0.2717 2.4823, -1.563 0.6457 2.4823, -1.563 1.0197 2.4823, -1.6063 0.2717 2.4823, -1.6496 0.6457 2.4823, -1.6496 0.2717 2.4823, -1.6496 1.0197 2.4823, -1.689 0.2717 2.2854, -1.689 0.6457 2.2854, -1.689 1.0197 2.2854, -1.689 0.2717 1.065, -1.689 0.6457 1.065, -1.689 1.0197 1.065, 1.5112 1.0 2.7201, 1.4663 1.0 2.7201, 1.4663 1.0098 2.7201, 1.5112 1.0098 2.7201, 1.4663 1.0197 2.7201, 1.5112 1.0197 2.7201, 1.6301 1.0 2.9059, 1.6301 1.0098 2.9059, 1.6301 1.0197 2.9059, 1.7491 1.0 2.7201, 1.7491 1.0098 2.7201, 1.7491 1.0197 2.7201, 1.7939 1.0 2.7201, 1.7939 1.0098 2.7201, 1.7939 1.0197 2.7201, 1.6526 1.0 2.9409, 1.6526 1.0098 2.9409, 1.6526 1.0197 2.9409, 1.7884 1.0 3.1531, 1.7884 1.0098 3.1531, 1.7884 1.0197 3.1531, 1.7435 1.0 3.1531, 1.7435 1.0098 3.1531, 1.7435 1.0197 3.1531, 1.6301 1.0 2.976, 1.6301 1.0098 2.976, 1.6301 1.0197 2.976, 1.5167 1.0 3.1531, 1.5167 1.0098 3.1531, 1.5167 1.0197 3.1531, 1.4719 1.0 3.1531, 1.4719 1.0098 3.1531, 1.4719 1.0197 3.1531, 1.6077 1.0 2.9409, 1.6077 1.0098 2.9409, 1.6077 1.0197 2.9409, -2.3445 -0.5551 2.935, -2.3445 -1.5787 2.935, -2.5108 -0.5551 2.935, -2.3445 -2.3661 2.935, -2.6772 -0.5551 2.935, -2.6772 -2.3661 2.935, -2.3445 -4.1772 2.935, -2.6772 -4.1772 2.935, -2.6789 -4.1976 2.9369, -2.3465 -4.198 2.9369, -2.679 -4.1979 2.937, -2.3465 -4.1979 2.9369, -2.3463 -4.1976 2.9368, -2.3521 -4.2187 2.9426, -2.3549 -4.2245 2.9454, -2.6813 -4.2063 2.9393, -2.3549 -4.2245 2.9454, -2.3697 -4.2489 2.9603, -2.6912 -4.2321 2.9491, -2.3615 -4.2383 2.9521, -2.6875 -4.2245 2.9455, -2.6847 -4.2187 2.9427, -2.3697 -4.2489 2.9603, -2.7024 -4.2489 2.9603, -2.6942 -4.2383 2.9521, -2.3779 -4.2595 2.9684, -2.3831 -4.2636 2.9737, -2.7085 -4.2568 2.9665, -2.3832 -4.2637 2.9737, -2.7405 -4.2807 2.9983, -2.7332 -4.2776 2.9911, -2.4077 -4.2807 2.9984, -2.7236 -4.2699 2.9815, -2.4005 -4.2776 2.9911, -2.7158 -4.2636 2.9737, -2.7106 -4.2595 2.9685, -2.7482 -4.2839 3.0059, -2.4078 -4.2807 2.9985, -2.4331 -4.2913 3.024, -2.4334 -4.2914 3.0243, -2.7679 -4.2921 3.0254, -2.7662 -4.2914 3.0238, -2.7953 -4.2953 3.0532, -2.7744 -4.2928 3.0321, -2.4626 -4.2953 3.0532, -2.4349 -4.2921 3.0258, -2.6772 -4.1772 1.7539, -2.6772 -2.3661 1.7539, -2.6772 -0.5551 1.7539, -2.7332 -4.2776 1.6979, -2.6848 -4.2187 1.7464, -2.679 -4.1976 1.7522, -2.6814 -4.2063 1.7498, -2.6791 -4.198 1.7521, -2.6876 -4.2245 1.7436, -2.7086 -4.2568 1.7226, -2.7024 -4.2489 1.7287, -2.6942 -4.2383 1.7369, -2.6912 -4.2321 1.7399, -2.7236 -4.2699 1.7075, -2.7158 -4.2637 1.7153, -2.7106 -4.2595 1.7205, -2.7658 -4.2913 1.665, -2.7481 -4.2839 1.6829, -2.7404 -4.2807 1.6906, -2.7743 -4.2928 1.6565, -2.7676 -4.2921 1.6632, -2.7953 -4.2953 1.6358, -2.5108 -0.5551 1.7539, -2.3445 -0.5551 1.7539, -2.3445 -1.5787 1.7539, -2.3445 -2.3661 1.7539, -2.3445 -4.1772 1.7539, -2.3549 -4.2245 1.7435, -2.3697 -4.2489 1.7287, -2.4626 -4.2953 1.6358, -2.4352 -4.2921 1.6635, -2.4337 -4.2914 1.665, -2.4334 -4.2913 1.6653, -2.4079 -4.2807 1.6906, -2.4078 -4.2807 1.6907, -2.4005 -4.2776 1.6979, -2.3831 -4.2637 1.7153, -2.3831 -4.2636 1.7153, -2.3779 -4.2595 1.7205, -2.3549 -4.2245 1.7435, -2.3697 -4.2489 1.7287, -2.3615 -4.2383 1.7369, -2.352 -4.2187 1.7463, -2.3463 -4.1976 1.7521, -2.3464 -4.1979 1.752, -2.3464 -4.198 1.752, -2.3445 -0.3583 3.3209, -2.3445 -0.3583 3.7539, -2.3445 -1.5787 3.7539, -2.3445 1.0197 1.065, -2.3445 -1.5787 1.065, -2.3445 -4.1772 1.065, -2.3445 -4.1772 3.7539, -2.3445 -2.2677 3.7539, -2.3445 0.3307 3.3209, -2.3445 1.0197 3.3209, -2.3463 -4.1976 1.0632, -2.3465 -4.1979 1.0631, -2.3465 -4.198 1.0631, -2.3615 -4.2383 1.0479, -2.3549 -4.2245 1.0546, -2.3549 -4.2245 1.0546, -2.3521 -4.2187 1.0574, -2.3779 -4.2595 1.0316, -2.3697 -4.2489 1.0397, -2.3697 -4.2489 1.0397, -2.4077 -4.2807 1.0016, -2.4005 -4.2776 1.0089, -2.3832 -4.2637 1.0263, -2.3831 -4.2636 1.0264, -2.4332 -4.2914 0.9759, -2.4331 -4.2913 0.976, -2.4078 -4.2807 1.0016, -2.4626 -4.2953 0.9469, -2.4349 -4.2921 0.9742, -1.5236 -4.2642 1.0267, -1.5236 -4.2953 0.9469, -1.5236 -4.2916 0.9761, -1.5236 -4.2816 1.002, -1.5236 -4.2494 1.0403, -1.5236 -4.2247 1.055, -1.5236 -4.1772 1.065, -1.5236 -4.198 1.0631, -1.5236 -3.0437 0.4154, -1.5236 -3.0437 1.065, -1.5236 -3.6695 1.065, -1.5236 -4.2362 1.0059, -1.5236 -4.2953 0.4154, -1.5236 -3.6695 0.4154, 1.5236 -3.0437 0.4154, 1.5236 -3.0437 1.065, 0.0 -3.0437 1.065, 0.0 -3.0437 0.4154, 0.0 -4.2953 0.4154, 1.5236 -4.2953 0.4154, 1.5236 -3.6695 0.4154, 1.5236 -4.2494 1.0403, 1.5236 -4.2247 1.055, 1.5236 -4.2362 1.0059, 1.5236 -4.198 1.0631, 1.5236 -4.1772 1.065, 1.5236 -4.2953 0.9469, 1.5236 -4.2916 0.9761, 1.5236 -4.2816 1.002, 1.5236 -4.2642 1.0267, 1.5236 -3.6695 1.065, -1.4055 -2.3996 1.065, -1.414 -2.3986 1.065, -1.4154 -2.398 1.065, -1.4236 -2.3949 1.065, -1.4342 -2.3876 1.065, -1.4349 -2.387 1.065, -1.4499 -2.3699 1.065, -1.4521 -2.3657 1.065, -1.4672 -2.3366 1.065, -1.4689 -2.3334 1.065, -1.4793 -2.2922 1.065, -1.4906 -2.2474 1.065, -1.4906 -2.2473 1.065, -1.4915 -2.1914 1.065, -1.4924 -2.1434 1.065, -1.493 -2.1081 1.065, -1.4887 -2.0876 1.065, -1.4789 -2.0401 1.065, -1.4738 -2.0155 1.065, -1.4659 -1.9985 1.065, -1.4536 -1.9714 1.065, -1.4475 -1.9637 1.065, -1.4388 -1.9524 1.065, -1.4281 -1.9438 1.065, -1.4259 -1.9421 1.065, -1.4164 -1.9378 1.065, -1.4077 -1.9362 1.065, -1.4055 -1.9361 1.065, -1.3971 -1.9371 1.065, -1.3874 -1.9408 1.065, -1.0243 -1.9421 1.065, -1.3956 -1.9377 1.065, -1.022 -2.3949 1.065, -1.3851 -2.3937 1.065, -1.0139 -2.398 1.065, -1.0124 -2.3986 1.065, -1.3223 -2.2481 1.065, -1.3322 -2.2956 1.065, -1.089 -2.2473 1.065, -1.3761 -1.9487 1.065, -1.3611 -1.9659 1.065, -1.0372 -1.9524 1.065, -1.359 -1.97 1.065, -1.0334 -2.387 1.065, -1.0483 -2.3699 1.065, -1.3722 -2.3834 1.065, -1.0505 -2.3657 1.065, -1.052 -1.9714 1.065, -1.3421 -2.0024 1.065, -1.0644 -1.9985 1.065, -1.0722 -2.0155 1.065, -1.3438 -1.9992 1.065, -1.046 -1.9637 1.065, -1.089 -2.2474 1.065, -1.3373 -2.3202 1.065, -1.0777 -2.2922 1.065, -1.0673 -2.3334 1.065, -1.3451 -2.3373 1.065, -1.3575 -2.3643 1.065, -1.0657 -2.3366 1.065, -1.3635 -2.3721 1.065, -1.3318 -2.0435 1.065, -1.3205 -2.0883 1.065, -1.0773 -2.0401 1.065, -1.3204 -2.0884 1.065, -1.0872 -2.0876 1.065, -1.0914 -2.1081 1.065, -1.0908 -2.1434 1.065, -1.3195 -2.1443 1.065, -1.09 -2.1914 1.065, -1.3186 -2.1924 1.065, -1.318 -2.2276 1.065, -1.3769 -1.9482 1.065, -1.0265 -1.9438 1.065, -1.0326 -2.3876 1.065, -1.3829 -2.3919 1.065, -0.9559 -2.3643 1.065, -0.6024 -2.3996 1.065, -0.6108 -2.3986 1.065, -1.0148 -1.9378 1.065, -1.0061 -1.9362 1.065, -1.0039 -1.9361 1.065, -0.9955 -1.9371 1.065, -0.6706 -2.0155 1.065, -0.994 -1.9377 1.065, -0.9858 -1.9408 1.065, -0.6123 -2.398 1.065, -0.6205 -2.3949 1.065, -0.631 -2.3876 1.065, -0.9753 -1.9482 1.065, -0.9745 -1.9487 1.065, -0.9596 -1.9659 1.065, -0.6318 -2.387 1.065, -0.6467 -2.3699 1.065, -0.6489 -2.3657 1.065, -0.9574 -1.97 1.065, -0.9422 -1.9992 1.065, -0.9406 -2.0024 1.065, -0.6657 -2.3334 1.065, -0.6761 -2.2922 1.065, -0.9357 -2.3202 1.065, -0.6874 -2.2474 1.065, -0.9306 -2.2956 1.065, -0.6874 -2.2473 1.065, -0.9207 -2.2481 1.065, -0.6641 -2.3366 1.065, -0.9435 -2.3373 1.065, -0.9302 -2.0435 1.065, -0.9189 -2.0883 1.065, -0.6757 -2.0401 1.065, -0.9189 -2.0884 1.065, -0.6856 -2.0876 1.065, -0.6899 -2.1081 1.065, -0.6892 -2.1434 1.065, -0.9179 -2.1443 1.065, -0.6884 -2.1914 1.065, -0.9171 -2.1924 1.065, -0.9164 -2.2276 1.065, -0.6628 -1.9985 1.065, -0.6504 -1.9714 1.065, -0.6444 -1.9637 1.065, -0.6357 -1.9524 1.065, -0.625 -1.9438 1.065, -0.6228 -1.9421 1.065, -0.6132 -1.9378 1.065, -0.6046 -1.9362 1.065, -0.6024 -1.9361 1.065, -0.5843 -1.9408 1.065, -0.2212 -1.9421 1.065, -0.5924 -1.9377 1.065, -0.5939 -1.9371 1.065, -0.2092 -2.3986 1.065, -0.2107 -2.398 1.065, -0.2189 -2.3949 1.065, -0.582 -2.3937 1.065, -0.5191 -2.2481 1.065, -0.529 -2.2956 1.065, -0.2859 -2.2473 1.065, -0.2302 -2.387 1.065, -0.2452 -2.3699 1.065, -0.5691 -2.3834 1.065, -0.2473 -2.3657 1.065, -0.5729 -1.9487 1.065, -0.558 -1.9659 1.065, -0.2341 -1.9524 1.065, -0.5558 -1.97 1.065, -0.2858 -2.2474 1.065, -0.5341 -2.3202 1.065, -0.2745 -2.2922 1.065, -0.2642 -2.3334 1.065, -0.5419 -2.3373 1.065, -0.5543 -2.3643 1.065, -0.2625 -2.3366 1.065, -0.5603 -2.3721 1.065, -0.2488 -1.9714 1.065, -0.539 -2.0024 1.065, -0.2612 -1.9985 1.065, -0.269 -2.0155 1.065, -0.5406 -1.9992 1.065, -0.2428 -1.9637 1.065, -0.5286 -2.0435 1.065, -0.5173 -2.0883 1.065, -0.2741 -2.0401 1.065, -0.5173 -2.0884 1.065, -0.284 -2.0876 1.065, -0.2883 -2.1081 1.065, -0.2877 -2.1434 1.065, -0.5163 -2.1443 1.065, -0.2868 -2.1914 1.065, -0.5155 -2.1924 1.065, -0.5149 -2.2276 1.065, -0.5737 -1.9482 1.065, -0.2234 -1.9438 1.065, -0.2294 -2.3876 1.065, -0.5798 -2.3919 1.065, -0.1909 -1.9377 1.065, -0.1827 -1.9408 1.065, 0.1804 -1.9421 1.065, -0.2116 -1.9378 1.065, -0.203 -1.9362 1.065, -0.2008 -1.9361 1.065, -0.1923 -1.9371 1.065, 0.1909 -2.398 1.065, 0.1827 -2.3949 1.065, -0.1527 -2.3643 1.065, 0.1721 -2.3876 1.065, 0.1714 -2.387 1.065, 0.1564 -2.3699 1.065, 0.1542 -2.3657 1.065, -0.1714 -1.9487 1.065, -0.1564 -1.9659 1.065, 0.1675 -1.9524 1.065, -0.1542 -1.97 1.065, 0.1527 -1.9714 1.065, -0.1374 -2.0024 1.065, 0.1404 -1.9985 1.065, 0.1325 -2.0155 1.065, -0.1391 -1.9992 1.065, 0.1588 -1.9637 1.065, 0.1374 -2.3334 1.065, 0.127 -2.2922 1.065, -0.1325 -2.3202 1.065, 0.1157 -2.2474 1.065, -0.1274 -2.2956 1.065, 0.1157 -2.2473 1.065, -0.1176 -2.2481 1.065, 0.1391 -2.3366 1.065, -0.1404 -2.3373 1.065, -0.127 -2.0435 1.065, -0.1157 -2.0883 1.065, 0.1274 -2.0401 1.065, -0.1157 -2.0884 1.065, 0.1176 -2.0876 1.065, 0.1133 -2.1081 1.065, 0.1139 -2.1434 1.065, -0.1147 -2.1443 1.065, 0.1147 -2.1914 1.065, -0.1139 -2.1924 1.065, -0.1133 -2.2276 1.065, -0.1721 -1.9482 1.065, 0.1782 -1.9438 1.065, 0.1899 -1.9378 1.065, 0.1986 -1.9362 1.065, 0.2008 -1.9361 1.065, 0.2189 -1.9408 1.065, 0.582 -1.9421 1.065, 0.2107 -1.9377 1.065, 0.2092 -1.9371 1.065, 0.2302 -1.9487 1.065, 0.2452 -1.9659 1.065, 0.5691 -1.9524 1.065, 0.2473 -1.97 1.065, 0.5543 -1.9714 1.065, 0.2642 -2.0024 1.065, 0.5419 -1.9985 1.065, 0.5341 -2.0155 1.065, 0.2625 -1.9992 1.065, 0.5603 -1.9637 1.065, 0.269 -2.3202 1.065, 0.5173 -2.2474 1.065, 0.2741 -2.2956 1.065, 0.5173 -2.2473 1.065, 0.284 -2.2481 1.065, 0.2612 -2.3373 1.065, 0.2488 -2.3643 1.065, 0.2428 -2.3721 1.065, 0.2745 -2.0435 1.065, 0.2858 -2.0883 1.065, 0.529 -2.0401 1.065, 0.2859 -2.0884 1.065, 0.5191 -2.0876 1.065, 0.5149 -2.1081 1.065, 0.5155 -2.1434 1.065, 0.2868 -2.1443 1.065, 0.5163 -2.1914 1.065, 0.2877 -2.1924 1.065, 0.2883 -2.2276 1.065, 0.2294 -1.9482 1.065, 0.5798 -1.9438 1.065, 0.2341 -2.3834 1.065, 0.2234 -2.3919 1.065, 0.2212 -2.3937 1.065, 0.6123 -1.9377 1.065, 0.6205 -1.9408 1.065, 0.9835 -1.9421 1.065, 0.5915 -1.9378 1.065, 0.6002 -1.9362 1.065, 0.6024 -1.9361 1.065, 0.6108 -1.9371 1.065, 0.6318 -1.9487 1.065, 0.6467 -1.9659 1.065, 0.9706 -1.9524 1.065, 0.6489 -1.97 1.065, 0.9559 -1.9714 1.065, 0.6657 -2.0024 1.065, 0.9435 -1.9985 1.065, 0.9357 -2.0155 1.065, 0.6641 -1.9992 1.065, 0.9619 -1.9637 1.065, 0.6706 -2.3202 1.065, 0.9189 -2.2474 1.065, 0.6757 -2.2956 1.065, 0.9189 -2.2473 1.065, 0.6856 -2.2481 1.065, 0.6628 -2.3373 1.065, 0.6504 -2.3643 1.065, 0.6444 -2.3721 1.065, 0.6761 -2.0435 1.065, 0.6874 -2.0883 1.065, 0.9306 -2.0401 1.065, 0.6874 -2.0884 1.065, 0.9207 -2.0876 1.065, 0.9164 -2.1081 1.065, 0.9171 -2.1434 1.065, 0.6884 -2.1443 1.065, 0.9179 -2.1914 1.065, 0.6892 -2.1924 1.065, 0.6899 -2.2276 1.065, 0.631 -1.9482 1.065, 0.9813 -1.9438 1.065, 0.6357 -2.3834 1.065, 0.625 -2.3919 1.065, 0.6228 -2.3937 1.065, 0.9931 -1.9378 1.065, 1.0017 -1.9362 1.065, 1.0039 -1.9361 1.065, 1.0124 -1.9371 1.065, 1.3851 -1.9421 1.065, 1.0139 -1.9377 1.065, 1.022 -1.9408 1.065, 1.0334 -1.9487 1.065, 1.0483 -1.9659 1.065, 1.3722 -1.9524 1.065, 1.0505 -1.97 1.065, 1.3575 -1.9714 1.065, 1.0673 -2.0024 1.065, 1.3451 -1.9985 1.065, 1.3373 -2.0155 1.065, 1.0657 -1.9992 1.065, 1.3635 -1.9637 1.065, 1.3186 -2.1434 1.065, 1.318 -2.1081 1.065, 1.089 -2.0884 1.065, 1.0777 -2.0435 1.065, 1.089 -2.0883 1.065, 1.3322 -2.0401 1.065, 1.3223 -2.0876 1.065, 1.09 -2.1443 1.065, 1.0908 -2.1924 1.065, 1.3195 -2.1914 1.065, 1.0914 -2.2276 1.065, 1.0872 -2.2481 1.065, 1.0773 -2.2956 1.065, 1.0722 -2.3202 1.065, 1.0644 -2.3373 1.065, 1.052 -2.3643 1.065, 1.046 -2.3721 1.065, 1.0372 -2.3834 1.065, 1.0326 -1.9482 1.065, 1.3829 -1.9438 1.065, 1.3947 -1.9378 1.065, 2.3445 -1.5787 1.065, 1.4033 -1.9362 1.065, 1.4055 -1.9361 1.065, 1.414 -1.9371 1.065, 1.4154 -1.9377 1.065, 1.4236 -1.9408 1.065, 1.4342 -1.9482 1.065, 1.4349 -1.9487 1.065, 1.4499 -1.9659 1.065, 1.4521 -1.97 1.065, 1.4672 -1.9992 1.065, 1.4689 -2.0024 1.065, 1.4793 -2.0435 1.065, 1.4906 -2.0883 1.065, 1.4906 -2.0884 1.065, 1.4915 -2.1443 1.065, 1.4924 -2.1924 1.065, 1.493 -2.2276 1.065, 1.4738 -2.3202 1.065, 2.3445 -4.1772 1.065, 1.4789 -2.2956 1.065, 1.4887 -2.2481 1.065, 1.4659 -2.3373 1.065, 1.4536 -2.3643 1.065, 1.4475 -2.3721 1.065, 1.4388 -2.3834 1.065, 1.4281 -2.3919 1.065, 1.4259 -2.3937 1.065, -0.5915 -2.3979 1.065, -0.6002 -2.3995 1.065, -0.9619 -2.3721 1.065, -0.9706 -2.3834 1.065, -0.9813 -2.3919 1.065, -0.9835 -2.3937 1.065, -0.9931 -2.3979 1.065, -1.0017 -2.3995 1.065, -1.0039 -2.3996 1.065, -1.3947 -2.3979 1.065, -1.4033 -2.3995 1.065, 1.4055 -2.3996 1.065, 1.3971 -2.3986 1.065, 1.3956 -2.398 1.065, 1.0061 -2.3995 1.065, 1.0039 -2.3996 1.065, 1.3874 -2.3949 1.065, 1.3769 -2.3876 1.065, 1.3761 -2.387 1.065, 1.0148 -2.3979 1.065, 1.3611 -2.3699 1.065, 1.359 -2.3657 1.065, 1.0265 -2.3919 1.065, 1.0243 -2.3937 1.065, 1.3204 -2.2473 1.065, 1.3205 -2.2474 1.065, 1.3438 -2.3366 1.065, 1.3421 -2.3334 1.065, 1.3318 -2.2922 1.065, 1.4164 -2.3979 1.065, 1.4077 -2.3995 1.065, 0.5924 -2.398 1.065, 0.5843 -2.3949 1.065, 0.5737 -2.3876 1.065, 0.5729 -2.387 1.065, 0.558 -2.3699 1.065, 0.2116 -2.3979 1.065, 0.5558 -2.3657 1.065, 0.5406 -2.3366 1.065, 0.539 -2.3334 1.065, 0.5286 -2.2922 1.065, -0.1588 -2.3721 1.065, 0.2008 -2.3996 1.065, 0.1923 -2.3986 1.065, 0.203 -2.3995 1.065, -0.1675 -2.3834 1.065, -0.1782 -2.3919 1.065, -0.1804 -2.3937 1.065, -0.1899 -2.3979 1.065, -0.1986 -2.3995 1.065, -0.2008 -2.3996 1.065, 0.9955 -2.3986 1.065, 0.6024 -2.3996 1.065, 0.5939 -2.3986 1.065, 0.994 -2.398 1.065, 0.9858 -2.3949 1.065, 0.6046 -2.3995 1.065, 0.9753 -2.3876 1.065, 0.9745 -2.387 1.065, 0.6132 -2.3979 1.065, 0.9596 -2.3699 1.065, 0.9574 -2.3657 1.065, 0.9422 -2.3366 1.065, 0.9406 -2.3334 1.065, 0.9302 -2.2922 1.065, 2.3445 1.0197 1.065, 1.6063 0.2717 1.065, 1.2047 0.2717 1.065, 0.8031 0.2717 1.065, 0.4016 0.2717 1.065, 0.0 0.2717 1.065, -0.4016 0.2717 1.065, -0.8031 0.2717 1.065, -1.2047 0.2717 1.065, -1.6063 0.2717 1.065, 2.3549 -4.2245 1.0545, 2.352 -4.2187 1.0573, 2.3464 -4.198 1.063, 2.3464 -4.1979 1.063, 2.3463 -4.1976 1.0631, 2.3549 -4.2245 1.0545, 2.3615 -4.2383 1.0479, 2.3831 -4.2636 1.0263, 2.3779 -4.2595 1.0315, 2.3697 -4.2489 1.0397, 2.3697 -4.2489 1.0397, 2.3831 -4.2637 1.0263, 2.4005 -4.2776 1.0089, 2.4334 -4.2913 0.9764, 2.4079 -4.2807 1.0017, 2.4078 -4.2807 1.0017, 2.4336 -4.2914 0.9762, 2.4352 -4.2921 0.9746, 2.4626 -4.2953 0.9469, 2.4078 -4.2807 1.6905, 2.4331 -4.2913 1.665, 2.4626 -4.2953 1.6358, 2.4349 -4.2921 1.6632, 2.4334 -4.2914 1.6647, 2.4077 -4.2807 1.6906, 2.4005 -4.2776 1.6979, 2.3831 -4.2636 1.7153, 2.3832 -4.2637 1.7153, 2.3697 -4.2489 1.7287, 2.3697 -4.2489 1.7287, 2.3615 -4.2383 1.7369, 2.3549 -4.2245 1.7436, 2.3549 -4.2245 1.7436, 2.3779 -4.2595 1.7205, 2.3465 -4.198 1.7521, 2.3465 -4.1979 1.7521, 2.3521 -4.2187 1.7464, 2.3445 -4.1772 1.7539, 2.3463 -4.1976 1.7522, 2.3445 -1.5787 1.7539, 2.3445 -2.3661 1.7539, 2.6772 -2.3661 1.7539, 2.6772 -4.1772 1.7539, 2.6789 -4.1976 1.7521, 2.679 -4.1979 1.752, 2.6813 -4.2063 1.7497, 2.6912 -4.2321 1.7399, 2.6875 -4.2245 1.7435, 2.6847 -4.2187 1.7463, 2.7024 -4.2489 1.7287, 2.6942 -4.2383 1.7369, 2.7085 -4.2568 1.7225, 2.7405 -4.2807 1.6907, 2.7332 -4.2776 1.6979, 2.7236 -4.2699 1.7075, 2.7158 -4.2636 1.7153, 2.7106 -4.2595 1.7205, 2.7482 -4.2839 1.6831, 2.7679 -4.2921 1.6635, 2.7662 -4.2914 1.6652, 2.7953 -4.2953 1.6358, 2.7744 -4.2928 1.6569, 2.6772 -4.1772 2.935, 2.6772 -2.3661 2.935, 2.7332 -4.2776 2.9911, 2.6848 -4.2187 2.9426, 2.679 -4.1976 2.9368, 2.6814 -4.2063 2.9392, 2.6791 -4.198 2.9369, 2.6876 -4.2245 2.9454, 2.7086 -4.2568 2.9664, 2.7024 -4.2489 2.9603, 2.6942 -4.2383 2.9521, 2.6912 -4.2321 2.9491, 2.7236 -4.2699 2.9815, 2.7158 -4.2637 2.9737, 2.7106 -4.2595 2.9684, 2.7658 -4.2913 3.024, 2.7481 -4.2839 3.0061, 2.7404 -4.2807 2.9984, 2.7743 -4.2928 3.0325, 2.7676 -4.2921 3.0258, 2.7953 -4.2953 3.0532, 2.3445 -1.5787 2.935, 2.3445 -2.3661 2.935, 2.3445 -4.1772 2.935, 2.3549 -4.2245 2.9455, 2.3697 -4.2489 2.9603, 2.4626 -4.2953 3.0532, 2.4352 -4.2921 3.0254, 2.4337 -4.2914 3.0239, 2.4334 -4.2913 3.0236, 2.4079 -4.2807 2.9984, 2.4078 -4.2807 2.9983, 2.4005 -4.2776 2.9911, 2.3831 -4.2637 2.9737, 2.3831 -4.2636 2.9737, 2.3779 -4.2595 2.9685, 2.3549 -4.2245 2.9455, 2.3697 -4.2489 2.9603, 2.3615 -4.2383 2.9521, 2.352 -4.2187 2.9427, 2.3463 -4.1976 2.9369, 2.3464 -4.1979 2.937, 2.3464 -4.198 2.937, 2.3445 1.0197 3.3209, 2.3445 0.3307 3.3209, 2.3445 -0.3583 3.3209, 2.3445 -4.1772 3.7539, 2.3445 -2.2677 3.7539, 2.3445 -1.5787 3.7539, 2.3445 -0.3583 3.7539, 1.7923 -0.3583 3.7539, 1.7923 -0.3583 3.3209, 1.2402 -0.3583 3.7539, 1.2402 -0.3583 3.3209, 1.2402 0.3307 3.3209, 1.2402 1.0197 3.3209, 2.3463 -4.1976 3.7557, 2.3465 -4.1979 3.7558, 2.3465 -4.198 3.7558, 2.3697 -4.2489 3.7792, 2.3615 -4.2383 3.771, 2.3549 -4.2245 3.7643, 2.3549 -4.2245 3.7643, 2.3521 -4.2187 3.7615, 2.3697 -4.2489 3.7792, 2.4077 -4.2807 3.8173, 2.4005 -4.2776 3.81, 2.3832 -4.2637 3.7926, 2.3831 -4.2636 3.7925, 2.3779 -4.2595 3.7873, 2.4332 -4.2914 3.843, 2.4331 -4.2913 3.8429, 2.4078 -4.2807 3.8173, 2.4626 -4.2953 3.8721, 2.4349 -4.2921 3.8447, 1.2402 -1.2539 3.7539, 1.2402 -2.2677 3.7539, 1.2402 -4.1772 3.7539, 1.3583 -4.2953 3.8721, 1.3294 -4.2914 3.8428, 1.3036 -4.2807 3.8173, 1.2419 -4.1976 3.7558, 1.242 -4.1979 3.7559, 1.242 -4.198 3.7559, 1.2477 -4.2187 3.7616, 1.2505 -4.2245 3.7644, 1.2654 -4.2489 3.7792, 1.2654 -4.2489 3.7792, 1.2572 -4.2383 3.771, 1.2505 -4.2245 3.7644, 1.2788 -4.2636 3.7926, 1.2736 -4.2595 3.7874, 1.2788 -4.2637 3.7926, 1.2962 -4.2776 3.81, 1.3035 -4.2807 3.8172, 1.3291 -4.2913 3.8425, 1.3309 -4.2921 3.8443, 1.242 -4.1976 4.4211, 1.2402 -4.1772 4.4193, 1.2421 -4.1979 4.4212, 1.2421 -4.198 4.4212, 1.2506 -4.2245 4.4297, 1.2506 -4.2245 4.4297, 1.2478 -4.2187 4.4268, 1.2654 -4.2489 4.4445, 1.2572 -4.2383 4.4364, 1.2654 -4.2489 4.4445, 1.3034 -4.2807 4.4826, 1.2962 -4.2776 4.4753, 1.2788 -4.2637 4.4579, 1.2788 -4.2636 4.4579, 1.2736 -4.2595 4.4527, 1.3289 -4.2914 4.5084, 1.3288 -4.2913 4.5082, 1.3034 -4.2807 4.4827, 1.3583 -4.2953 4.5374, 1.3306 -4.2921 4.51, 0.7992 -4.1772 4.4193, 0.7992 -3.5964 4.4193, 0.7992 -3.0157 4.4193, 1.0197 -3.0157 4.4193, 1.2402 -3.5964 4.4193, 1.2402 -3.0157 4.4193, 0.8884 -4.2914 4.5082, 0.9173 -4.2953 4.5374, 0.89 -4.2921 4.5097, 0.8965 -4.2928 4.5163, 0.8702 -4.2839 4.4901, 0.8626 -4.2807 4.4826, 0.8552 -4.2776 4.4753, 0.8306 -4.2568 4.4507, 0.8245 -4.2489 4.4446, 0.8378 -4.2636 4.4579, 0.8326 -4.2595 4.4527, 0.8457 -4.2699 4.4658, 0.8133 -4.2321 4.4333, 0.8096 -4.2245 4.4297, 0.8163 -4.2383 4.4363, 0.8034 -4.2063 4.4235, 0.8011 -4.1979 4.4213, 0.8067 -4.2187 4.4269, 0.801 -4.1976 4.4212, 0.7992 -4.1772 4.9037, 0.8001 -4.1919 4.9063, 0.8038 -4.2062 4.9088, 0.8075 -4.2207 4.9114, 0.8136 -4.2318 4.9133, 0.8217 -4.2465 4.9159, 0.8305 -4.2568 4.9192, 0.8455 -4.2701 4.9267, 0.8339 -4.2608 4.9204, 0.8318 -4.2583 4.9196, 0.8702 -4.2843 4.9418, 0.8623 -4.2807 4.9367, 0.8536 -4.2766 4.931, 0.8459 -4.2704 4.9268, 0.8966 -4.2921 4.9597, 0.8821 -4.2899 4.9496, 0.8787 -4.2883 4.9474, 0.8973 -4.2922 4.9602, 0.9173 -4.2953 4.9741, 0.0 -4.2953 4.9741, -0.7992 -4.2953 4.9741, -0.7992 -4.2936 4.9601, -0.7992 -4.2888 4.9471, -0.7992 -4.2815 4.9361, -0.7992 -4.2708 4.9262, -0.7992 -4.2583 4.9193, -0.7992 -4.2465 4.9159, 0.0161 -4.2465 4.9159, -0.8586 -4.2953 4.9849, -0.8586 -4.2787 4.9826, -0.7992 -4.2953 4.9849, -0.8453 -4.2704 4.9815, -0.8435 -4.2693 4.9813, -0.8308 -4.2576 4.9796, -0.8304 -4.257 4.9796, -0.7992 -4.2362 4.9766, -0.8131 -4.2327 4.9762, -0.8129 -4.2322 4.9761, -0.803 -4.2067 4.9725, -0.8029 -4.2064 4.9725, -0.7992 -4.1772 4.9683, -0.8944 -4.293 4.9846, -0.8965 -4.2932 4.9847, -0.9173 -4.2953 4.9849, -0.8698 -4.2851 4.9835, -0.8679 -4.2844 4.9834, -0.7992 -4.2362 4.9141, -0.7992 -4.1772 4.9037, -0.9173 -4.2953 4.5374, -0.8965 -4.2929 4.5168, -0.8896 -4.2921 4.51, -0.8702 -4.2839 4.4905, -0.8625 -4.2807 4.4826, -0.8878 -4.2913 4.5082, -0.8552 -4.2776 4.4753, -0.8457 -4.2699 4.4658, -0.8379 -4.2637 4.4579, -0.8327 -4.2595 4.4527, -0.8306 -4.2568 4.4507, -0.8245 -4.2489 4.4445, -0.8162 -4.2383 4.4364, -0.8133 -4.2321 4.4333, -0.8097 -4.2245 4.4297, -0.8011 -4.1976 4.4211, -0.7992 -4.1772 4.4193, -0.8068 -4.2187 4.4268, -0.8035 -4.2063 4.4234, -0.8012 -4.198 4.4212, -0.7992 -3.6181 4.8051, -0.7992 -3.5964 4.4193, -0.7992 -3.5964 4.8051, -0.7992 -3.0157 4.4193, -0.7992 -3.0157 4.8051, 0.0161 -3.6181 4.8051, 0.7992 -3.6181 4.8051, 0.7992 -3.0157 4.8051, 0.7992 -3.5964 4.8051, 1.2402 -3.0157 4.8051, 1.0197 -3.0157 4.8051, 1.2402 1.6693 4.8051, 1.2402 1.6693 2.7697, 1.2402 1.4921 2.7697, 1.2402 1.1673 3.7539, 1.2402 1.315 3.7539, 1.2402 1.315 2.7697, 1.2402 1.0197 3.7539, 1.2402 -0.9744 4.8051, 1.2402 -1.2539 4.8051, -2.4005 -4.2776 3.81, -2.4078 -4.2807 3.8172, -2.4352 -4.2921 3.8443, -2.4626 -4.2953 3.8721, -2.4336 -4.2914 3.8427, -2.4334 -4.2913 3.8425, -2.4079 -4.2807 3.8172, -2.3831 -4.2637 3.7926, -2.3697 -4.2489 3.7792, -2.3779 -4.2595 3.7874, -2.3831 -4.2636 3.7926, -2.3615 -4.2383 3.771, -2.3549 -4.2245 3.7644, -2.3697 -4.2489 3.7792, -2.3464 -4.198 3.7559, -2.352 -4.2187 3.7616, -2.3549 -4.2245 3.7644, -2.3463 -4.1976 3.7558, -2.3464 -4.1979 3.7559, -1.3292 -4.2914 4.508, -1.3309 -4.2921 4.5097, -1.3583 -4.2953 4.5374, -1.3291 -4.2913 4.5079, -1.3035 -4.2807 4.4826, -1.3035 -4.2807 4.4825, -1.2962 -4.2776 4.4753, -1.2788 -4.2637 4.458, -1.2788 -4.2636 4.4579, -1.2736 -4.2595 4.4527, -1.2654 -4.2489 4.4445, -1.2654 -4.2489 4.4445, -1.2572 -4.2383 4.4363, -1.2505 -4.2245 4.4297, -1.2505 -4.2245 4.4297, -1.2477 -4.2187 4.4269, -1.242 -4.198 4.4213, -1.242 -4.1979 4.4213, -1.2402 -4.1772 4.4193, -1.2419 -4.1976 4.4212, -1.3583 -4.2953 3.8721, -1.3306 -4.2921 3.8447, -1.3034 -4.2807 3.8173, -1.3035 -4.2807 3.8174, -1.3288 -4.2913 3.8429, -1.329 -4.2914 3.8432, -1.2962 -4.2776 3.81, -1.2788 -4.2637 3.7926, -1.2654 -4.2489 3.7792, -1.2654 -4.2489 3.7792, -1.2788 -4.2636 3.7926, -1.2736 -4.2595 3.7873, -1.2572 -4.2383 3.771, -1.2506 -4.2245 3.7643, -1.2506 -4.2245 3.7643, -1.2478 -4.2187 3.7615, -1.2402 -4.1772 3.7539, -1.242 -4.1976 3.7557, -1.2421 -4.1979 3.7558, -1.2421 -4.198 3.7558, -1.2402 -3.5964 4.4193, -1.2402 -3.0157 4.4193, -1.0197 -3.0157 4.4193, -1.0197 -3.0157 4.8051, -1.2402 -3.0157 4.8051, 0.0 1.6693 4.8051, -1.2402 -0.9744 4.8051, -1.2402 -1.2539 4.8051, -1.2402 1.6693 4.8051, 0.0 1.315 2.7697, 0.0 1.6693 2.7697, -1.2402 1.6693 2.7697, -1.2402 1.4921 2.7697, -1.2402 1.315 2.7697, 0.0 1.315 3.7539, -1.2402 1.315 3.7539, -1.2402 1.1673 3.7539, -1.2402 1.0197 3.7539, 0.0 1.0197 3.7539, -1.2402 1.0197 3.3209, -1.7923 -0.3583 3.3209, -1.2402 -0.3583 3.3209, -1.2402 0.3307 3.3209, -1.2402 -0.3583 3.7539, -1.7923 -0.3583 3.7539, -1.2402 -1.2539 3.7539, -1.2402 -2.2677 3.7539, 1.6319 1.6693 2.0033, 1.6319 1.6693 0.1319, 1.5236 1.6693 0.9902, 1.5236 1.6693 0.1319, -1.5591 1.6693 4.0965, -1.5591 1.6693 5.0413, 0.0 1.6693 5.0413, 1.2402 1.6693 2.4469, 0.0 1.6693 2.4469, -1.2402 1.6693 2.4469, -1.5236 1.6693 0.1319, -1.6319 1.6693 0.1319, -1.5236 1.6693 0.9902, -1.6319 1.6693 2.0033, 1.5591 1.6693 5.0413, 1.5591 1.6693 4.0965, 1.6319 1.6693 3.8523, 1.2402 1.6693 1.1083, 0.0 1.6693 1.1083, 0.0 1.6693 0.9902, -1.2402 1.6693 1.1083, -1.6319 1.6693 3.8523, 0.0 -4.2953 0.2933, -3.0138 -4.2953 0.2933, -3.0138 -4.2953 2.6526, -2.9783 -4.2953 3.8996, -3.0138 -4.2953 5.061, -2.9783 -4.2953 4.372, -2.9783 -4.2953 4.8445, -1.9867 -4.2953 5.061, -2.25 -4.2953 4.8445, -1.5217 -4.2953 4.8445, -1.5217 -4.2953 4.372, -1.5217 -4.2953 3.8996, -2.25 -4.2953 3.8996, 1.5217 -4.2953 4.8445, 1.5217 -4.2953 4.372, 1.5217 -4.2953 3.8996, 0.9173 -4.2953 5.061, 0.9173 -4.2953 5.1201, 0.0 -4.2953 5.1201, 2.9783 -4.2953 4.8445, 3.0138 -4.2953 5.061, 2.25 -4.2953 4.8445, 1.9867 -4.2953 5.061, -0.9173 -4.2953 5.061, -0.9173 -4.2953 5.1201, 2.9783 -4.2953 4.372, 2.9783 -4.2953 3.8996, 3.0138 -4.2953 2.6526, 2.25 -4.2953 3.8996, 3.0138 -4.2953 0.2933, -2.255 -3.0551 4.7658, -2.8996 -3.6358 4.7658, -2.5773 -3.0551 4.7658, -2.8996 -3.0551 4.7658, -2.25 -3.0551 4.7658, -1.6004 -3.6358 4.7658, -2.245 -3.0551 4.7658, -1.9227 -3.0551 4.7658, -1.6004 -3.0551 4.7658, -1.6004 -4.2165 4.7658, -2.25 -4.2165 4.7658, -2.8996 -4.2165 4.7658, -2.8996 -4.2165 4.372, -2.8996 -4.2165 3.9783, -2.8996 -3.6358 3.9783, -2.8996 -3.0551 4.372, -2.8996 -3.0551 3.9783, -2.25 -4.2165 3.9783, -1.6004 -4.2165 3.9783, -1.6004 -3.6358 3.9783, -1.6004 -3.0551 3.9783, -1.9227 -3.0551 3.9783, -2.245 -3.0551 3.9783, -2.25 -3.0551 3.9783, -2.255 -3.0551 3.9783, -2.5773 -3.0551 3.9783, -1.6004 -4.2165 4.372, -1.6004 -3.0551 4.372
            ]
        }
        coordIndex [
            0,1,2,-1,0,2,3,-1,3,2,4,-1,3,4,5,-1,6,7,8,-1,6,8,9,-1,9,8,10,-1,9,10,11,-1,12,6,9,-1,12,9,13,-1,13,9,11,-1,13,11,14,-1,15,12,13,-1,16,17,15,-1,15,13,16,-1,16,13,14,-1,16,14,18,-1,19,17,16,-1,19,16,20,-1,20,16,18,-1,20,18,21,-1,22,19,20,-1,22,20,23,-1,23,20,21,-1,23,21,24,-1,25,26,27,-1,25,27,28,-1,28,27,29,-1,28,29,30,-1,31,25,28,-1,31,28,32,-1,32,28,30,-1,32,30,33,-1,34,31,32,-1,35,36,34,-1,34,32,35,-1,35,32,33,-1,35,33,37,-1,38,36,35,-1,38,35,39,-1,39,35,37,-1,39,37,40,-1,41,38,39,-1,41,39,42,-1,42,39,40,-1,42,40,43,-1,44,45,46,-1,44,46,47,-1,47,46,48,-1,47,48,49,-1,50,44,47,-1,50,47,51,-1,51,47,49,-1,51,49,52,-1,53,50,51,-1,54,55,53,-1,53,51,54,-1,54,51,52,-1,54,52,56,-1,57,55,54,-1,57,54,58,-1,58,54,56,-1,58,56,59,-1,60,57,58,-1,60,58,61,-1,61,58,59,-1,61,59,62,-1,63,64,65,-1,63,65,66,-1,66,65,67,-1,66,67,68,-1,69,63,66,-1,69,66,70,-1,70,66,68,-1,70,68,71,-1,72,69,70,-1,73,74,72,-1,72,70,73,-1,73,70,71,-1,73,71,75,-1,76,74,73,-1,76,73,77,-1,77,73,75,-1,77,75,78,-1,79,76,77,-1,79,77,80,-1,80,77,78,-1,80,78,81,-1,82,83,84,-1,82,84,85,-1,85,84,86,-1,85,86,87,-1,88,82,85,-1,88,85,89,-1,89,85,87,-1,89,87,90,-1,91,88,89,-1,92,93,91,-1,89,90,94,-1,91,89,92,-1,92,89,94,-1,92,94,95,-1,96,93,92,-1,96,92,97,-1,97,92,95,-1,97,95,98,-1,99,96,97,-1,99,97,100,-1,100,97,98,-1,100,98,101,-1,102,103,104,-1,102,104,105,-1,105,104,106,-1,105,106,107,-1,108,102,105,-1,108,105,109,-1,109,105,107,-1,109,107,110,-1,111,108,109,-1,112,113,111,-1,111,109,112,-1,112,109,110,-1,112,110,114,-1,115,113,112,-1,115,112,116,-1,116,112,114,-1,116,114,117,-1,118,115,116,-1,118,116,119,-1,119,116,117,-1,119,117,120,-1,121,122,123,-1,121,123,124,-1,124,123,125,-1,124,125,126,-1,127,121,124,-1,127,124,128,-1,128,124,126,-1,128,126,129,-1,130,127,128,-1,131,132,130,-1,130,128,131,-1,131,128,129,-1,131,129,133,-1,134,132,131,-1,134,131,135,-1,135,131,133,-1,135,133,136,-1,137,134,135,-1,137,135,138,-1,138,135,136,-1,138,136,139,-1,140,141,142,-1,140,142,143,-1,143,142,144,-1,143,144,145,-1,146,140,143,-1,146,143,147,-1,147,143,145,-1,147,145,148,-1,149,146,147,-1,150,151,149,-1,149,147,150,-1,150,147,148,-1,150,148,152,-1,153,151,150,-1,153,150,154,-1,154,150,152,-1,154,152,155,-1,156,153,154,-1,156,154,157,-1,157,154,155,-1,157,155,158,-1,159,160,161,-1,159,161,162,-1,162,161,163,-1,162,163,164,-1,165,159,162,-1,165,162,166,-1,166,162,164,-1,166,164,167,-1,168,165,166,-1,169,170,168,-1,168,166,169,-1,169,166,167,-1,169,167,171,-1,172,170,169,-1,172,169,173,-1,173,169,171,-1,173,171,174,-1,175,172,173,-1,175,173,176,-1,176,173,174,-1,176,174,177,-1,178,179,180,-1,178,180,181,-1,181,180,182,-1,181,182,183,-1,184,178,181,-1,184,181,185,-1,185,181,183,-1,185,183,186,-1,187,184,185,-1,187,185,188,-1,188,185,186,-1,188,186,189,-1,190,187,188,-1,190,188,191,-1,191,188,189,-1,191,189,192,-1,193,190,191,-1,193,191,194,-1,194,191,192,-1,194,192,195,-1,196,193,194,-1,196,194,197,-1,197,194,195,-1,197,195,198,-1,199,196,197,-1,199,197,200,-1,200,197,198,-1,200,198,201,-1,202,199,200,-1,202,200,203,-1,203,200,201,-1,203,201,204,-1,205,202,203,-1,205,203,206,-1,206,203,204,-1,206,204,207,-1,208,205,206,-1,208,206,209,-1,209,206,207,-1,209,207,210,-1,211,208,209,-1,211,209,212,-1,212,209,210,-1,212,210,213,-1,179,211,212,-1,179,212,180,-1,180,212,213,-1,180,213,182,-1,214,215,216,-1,216,215,217,-1,216,217,218,-1,218,217,219,-1,219,217,220,-1,219,220,221,-1,222,221,220,-1,223,224,225,-1,225,224,222,-1,225,222,226,-1,226,222,220,-1,223,227,224,-1,224,227,228,-1,224,228,229,-1,229,228,230,-1,231,232,233,-1,233,232,234,-1,233,234,230,-1,230,234,235,-1,230,235,229,-1,236,237,231,-1,231,237,238,-1,231,238,232,-1,236,239,237,-1,237,239,240,-1,237,240,241,-1,241,240,242,-1,243,244,245,-1,245,244,246,-1,245,246,247,-1,247,246,248,-1,247,248,242,-1,242,248,249,-1,242,249,241,-1,243,245,250,-1,250,245,251,-1,250,251,252,-1,253,254,252,-1,252,254,255,-1,252,255,250,-1,256,257,258,-1,258,257,254,-1,258,254,259,-1,259,254,253,-1,221,260,261,-1,221,261,219,-1,219,261,262,-1,219,262,218,-1,243,250,263,-1,234,232,264,-1,260,221,265,-1,265,221,222,-1,266,267,229,-1,229,267,265,-1,229,265,224,-1,224,265,222,-1,264,232,268,-1,266,229,264,-1,264,229,235,-1,264,235,234,-1,269,270,238,-1,238,270,271,-1,238,271,232,-1,232,271,272,-1,232,272,268,-1,273,274,246,-1,246,274,275,-1,246,275,248,-1,238,237,269,-1,269,237,241,-1,269,241,275,-1,275,241,249,-1,275,249,248,-1,273,246,263,-1,263,246,244,-1,263,244,243,-1,276,277,250,-1,250,277,278,-1,250,278,263,-1,255,254,279,-1,255,279,250,-1,250,279,280,-1,250,280,276,-1,254,257,279,-1,279,257,256,-1,279,256,281,-1,282,262,261,-1,283,282,284,-1,284,282,285,-1,282,261,285,-1,285,261,260,-1,285,260,286,-1,264,268,287,-1,271,270,288,-1,276,280,289,-1,289,280,279,-1,289,279,281,-1,289,290,276,-1,276,290,291,-1,276,291,277,-1,277,291,278,-1,291,292,278,-1,278,292,293,-1,278,293,263,-1,263,293,273,-1,273,293,274,-1,274,293,294,-1,274,294,295,-1,295,296,274,-1,274,296,297,-1,274,297,275,-1,275,297,269,-1,269,297,270,-1,270,297,298,-1,270,298,288,-1,287,268,299,-1,271,288,272,-1,272,288,300,-1,272,300,268,-1,268,300,301,-1,268,301,299,-1,264,287,266,-1,266,287,302,-1,266,302,267,-1,286,260,303,-1,303,260,265,-1,303,265,304,-1,304,265,267,-1,304,267,305,-1,305,267,302,-1,306,307,308,-1,214,283,309,-1,309,283,310,-1,286,311,285,-1,285,311,310,-1,285,310,284,-1,284,310,283,-1,312,220,313,-1,313,220,217,-1,313,217,308,-1,308,217,215,-1,308,215,306,-1,306,215,214,-1,306,214,314,-1,314,214,309,-1,314,309,315,-1,316,311,286,-1,305,317,304,-1,304,317,316,-1,304,316,303,-1,303,316,286,-1,299,318,287,-1,287,318,317,-1,287,317,302,-1,302,317,305,-1,300,319,320,-1,300,320,301,-1,301,320,321,-1,301,321,299,-1,299,321,322,-1,299,322,318,-1,298,323,288,-1,288,323,324,-1,288,324,300,-1,300,324,325,-1,300,325,319,-1,326,327,294,-1,294,327,328,-1,294,328,295,-1,295,328,329,-1,295,329,296,-1,296,329,323,-1,296,323,297,-1,297,323,298,-1,330,331,294,-1,294,331,332,-1,294,332,326,-1,289,333,334,-1,289,334,290,-1,294,293,330,-1,330,293,292,-1,330,292,334,-1,334,292,291,-1,334,291,290,-1,329,328,335,-1,334,333,336,-1,337,331,336,-1,336,331,330,-1,336,330,334,-1,335,328,338,-1,328,327,338,-1,338,327,326,-1,338,326,337,-1,337,326,332,-1,337,332,331,-1,319,339,320,-1,320,339,340,-1,320,340,321,-1,319,325,339,-1,339,325,324,-1,339,324,335,-1,335,324,323,-1,335,323,329,-1,341,311,342,-1,342,311,316,-1,316,317,342,-1,342,317,318,-1,342,318,340,-1,340,318,322,-1,340,322,321,-1,343,344,345,-1,346,336,347,-1,335,338,346,-1,346,338,337,-1,346,337,336,-1,342,340,346,-1,346,340,339,-1,346,339,335,-1,342,346,341,-1,341,346,347,-1,341,347,345,-1,345,347,348,-1,345,348,343,-1,349,350,351,-1,349,351,352,-1,352,351,344,-1,352,344,343,-1,353,354,355,-1,353,355,347,-1,355,349,352,-1,347,355,348,-1,348,355,352,-1,348,352,343,-1,350,349,355,-1,356,357,358,-1,358,357,359,-1,358,359,360,-1,358,361,362,-1,362,363,358,-1,358,363,364,-1,358,364,356,-1,361,358,354,-1,354,358,360,-1,354,360,355,-1,355,360,365,-1,355,365,350,-1,344,366,367,-1,344,311,345,-1,345,311,341,-1,344,367,311,-1,311,367,368,-1,311,368,369,-1,369,370,311,-1,311,370,371,-1,311,371,372,-1,372,373,311,-1,311,373,374,-1,311,374,375,-1,375,376,311,-1,311,376,377,-1,311,377,310,-1,310,377,378,-1,310,378,379,-1,379,380,310,-1,310,380,381,-1,310,381,382,-1,382,383,310,-1,310,383,384,-1,310,384,385,-1,385,386,310,-1,310,386,387,-1,310,387,388,-1,388,389,310,-1,310,389,390,-1,310,390,391,-1,391,392,310,-1,310,392,393,-1,310,393,394,-1,395,396,397,-1,397,396,394,-1,398,399,400,-1,400,399,401,-1,402,403,404,-1,405,406,407,-1,407,406,408,-1,409,410,411,-1,411,410,412,-1,413,414,415,-1,415,414,416,-1,408,417,407,-1,407,417,414,-1,407,414,418,-1,418,414,413,-1,404,403,419,-1,419,403,420,-1,419,420,421,-1,421,420,422,-1,422,420,423,-1,422,423,424,-1,412,425,411,-1,411,425,422,-1,411,422,426,-1,426,422,424,-1,414,427,416,-1,416,427,428,-1,416,428,429,-1,429,428,430,-1,429,430,431,-1,431,430,432,-1,432,430,433,-1,433,430,434,-1,433,434,435,-1,435,434,436,-1,435,436,404,-1,404,436,437,-1,404,437,402,-1,395,438,396,-1,396,438,405,-1,396,405,439,-1,439,405,407,-1,398,440,399,-1,399,440,409,-1,399,409,441,-1,441,409,411,-1,442,443,444,-1,394,396,310,-1,310,396,445,-1,310,445,446,-1,446,447,310,-1,310,447,448,-1,310,448,449,-1,449,448,450,-1,449,450,451,-1,444,452,442,-1,442,452,453,-1,442,453,454,-1,451,455,449,-1,449,455,456,-1,449,456,457,-1,454,458,442,-1,442,458,459,-1,442,459,460,-1,457,461,449,-1,449,461,462,-1,449,462,463,-1,464,465,466,-1,466,465,467,-1,466,467,468,-1,468,467,469,-1,468,469,470,-1,460,471,442,-1,442,471,464,-1,442,464,472,-1,472,464,466,-1,463,473,449,-1,449,473,474,-1,449,474,475,-1,475,474,476,-1,475,476,477,-1,477,476,478,-1,478,476,479,-1,479,476,480,-1,479,480,481,-1,481,480,482,-1,481,482,469,-1,469,482,483,-1,469,483,470,-1,449,484,310,-1,310,484,485,-1,310,485,486,-1,486,487,310,-1,310,487,488,-1,310,488,489,-1,489,490,310,-1,310,490,491,-1,310,491,492,-1,493,494,495,-1,495,494,496,-1,497,498,351,-1,351,498,499,-1,351,499,500,-1,501,502,503,-1,504,505,506,-1,506,505,507,-1,508,509,510,-1,510,509,511,-1,503,502,512,-1,512,502,513,-1,512,513,514,-1,514,513,515,-1,515,513,516,-1,515,516,517,-1,507,518,506,-1,506,518,515,-1,506,515,519,-1,519,515,517,-1,520,521,522,-1,522,521,523,-1,511,524,510,-1,510,524,521,-1,510,521,525,-1,525,521,520,-1,521,526,523,-1,523,526,527,-1,523,527,528,-1,528,527,529,-1,528,529,530,-1,530,529,531,-1,531,529,532,-1,532,529,533,-1,532,533,534,-1,534,533,535,-1,534,535,503,-1,503,535,536,-1,503,536,501,-1,493,537,494,-1,494,537,508,-1,494,508,538,-1,538,508,510,-1,499,539,500,-1,500,539,504,-1,500,504,540,-1,540,504,506,-1,541,542,543,-1,544,310,494,-1,494,310,492,-1,494,492,496,-1,544,545,310,-1,310,545,546,-1,310,546,543,-1,543,546,547,-1,543,547,541,-1,548,549,550,-1,550,549,551,-1,551,552,550,-1,550,552,553,-1,550,553,554,-1,555,556,557,-1,557,556,558,-1,559,560,561,-1,561,560,562,-1,558,563,557,-1,557,563,560,-1,557,560,564,-1,564,560,559,-1,565,566,567,-1,567,566,568,-1,567,568,569,-1,569,568,570,-1,569,570,571,-1,554,572,550,-1,550,572,565,-1,550,565,573,-1,573,565,567,-1,560,574,562,-1,562,574,575,-1,562,575,576,-1,576,575,577,-1,576,577,578,-1,578,577,579,-1,579,577,580,-1,580,577,581,-1,580,581,582,-1,582,581,583,-1,582,583,570,-1,570,583,584,-1,570,584,571,-1,542,585,543,-1,543,585,555,-1,543,555,586,-1,586,555,557,-1,543,587,310,-1,310,587,588,-1,310,588,589,-1,590,591,592,-1,592,591,593,-1,594,595,596,-1,596,595,597,-1,598,599,600,-1,600,599,601,-1,597,602,596,-1,596,602,599,-1,596,599,603,-1,603,599,598,-1,604,605,606,-1,606,605,607,-1,606,607,608,-1,604,609,605,-1,605,609,610,-1,605,610,611,-1,599,612,601,-1,601,612,613,-1,601,613,614,-1,614,613,615,-1,614,615,616,-1,616,615,617,-1,617,615,618,-1,618,615,619,-1,618,619,620,-1,620,619,621,-1,620,621,607,-1,607,621,622,-1,607,622,608,-1,590,623,591,-1,591,623,594,-1,591,594,624,-1,624,594,596,-1,611,625,605,-1,605,625,626,-1,605,626,627,-1,628,629,630,-1,631,310,591,-1,591,310,589,-1,591,589,593,-1,631,632,310,-1,310,632,633,-1,310,633,630,-1,630,633,634,-1,630,634,628,-1,635,636,637,-1,637,636,638,-1,639,640,641,-1,641,640,642,-1,638,643,637,-1,637,643,640,-1,637,640,644,-1,644,640,639,-1,645,646,647,-1,647,646,648,-1,647,648,649,-1,645,650,646,-1,646,650,651,-1,646,651,652,-1,640,653,642,-1,642,653,654,-1,642,654,655,-1,655,654,656,-1,655,656,657,-1,657,656,658,-1,658,656,659,-1,659,656,660,-1,659,660,661,-1,661,660,662,-1,661,662,648,-1,648,662,663,-1,648,663,649,-1,629,664,630,-1,630,664,635,-1,630,635,665,-1,665,635,637,-1,652,666,646,-1,646,666,667,-1,646,667,668,-1,630,669,310,-1,310,669,670,-1,310,670,671,-1,671,672,673,-1,673,672,674,-1,673,674,675,-1,676,677,678,-1,678,677,679,-1,680,681,682,-1,682,681,683,-1,679,684,678,-1,678,684,681,-1,678,681,685,-1,685,681,680,-1,686,687,688,-1,681,689,683,-1,683,689,690,-1,683,690,691,-1,691,690,688,-1,691,688,692,-1,692,688,687,-1,688,693,686,-1,686,693,694,-1,686,694,695,-1,695,694,696,-1,695,696,697,-1,697,698,695,-1,695,698,699,-1,695,699,700,-1,700,701,695,-1,695,701,702,-1,695,702,703,-1,675,704,673,-1,673,704,676,-1,673,676,705,-1,705,676,678,-1,671,673,310,-1,310,673,706,-1,310,706,707,-1,707,706,708,-1,707,708,709,-1,709,710,707,-1,707,710,711,-1,707,711,712,-1,712,713,707,-1,707,713,714,-1,707,714,715,-1,715,716,707,-1,707,716,717,-1,707,717,718,-1,718,719,707,-1,707,719,720,-1,707,720,721,-1,721,722,707,-1,707,722,723,-1,707,723,724,-1,725,726,727,-1,727,726,707,-1,727,707,728,-1,728,707,724,-1,725,729,726,-1,726,729,730,-1,726,730,731,-1,731,732,726,-1,726,732,733,-1,726,733,734,-1,500,735,351,-1,351,735,736,-1,351,736,443,-1,442,737,443,-1,443,737,738,-1,443,738,351,-1,351,738,739,-1,739,740,351,-1,351,740,741,-1,351,741,344,-1,344,741,742,-1,344,742,743,-1,401,399,743,-1,743,399,744,-1,743,744,344,-1,344,744,745,-1,344,745,366,-1,746,747,350,-1,350,747,748,-1,749,750,350,-1,748,751,350,-1,350,751,752,-1,350,752,749,-1,749,752,753,-1,749,753,754,-1,754,753,755,-1,754,755,756,-1,703,757,695,-1,695,757,758,-1,695,758,759,-1,759,758,760,-1,756,761,754,-1,754,761,762,-1,754,762,758,-1,758,762,763,-1,758,763,760,-1,734,764,726,-1,726,764,765,-1,726,765,746,-1,766,767,351,-1,351,767,768,-1,768,769,351,-1,351,769,770,-1,351,770,771,-1,771,770,772,-1,772,773,771,-1,771,773,774,-1,771,774,627,-1,627,774,775,-1,627,775,605,-1,776,777,550,-1,550,777,778,-1,550,778,548,-1,771,779,351,-1,351,779,777,-1,351,777,780,-1,780,777,776,-1,780,781,351,-1,351,781,782,-1,351,782,783,-1,783,784,351,-1,351,784,785,-1,351,785,497,-1,750,786,350,-1,350,786,787,-1,350,787,351,-1,351,787,788,-1,351,788,766,-1,786,789,787,-1,787,789,790,-1,787,790,791,-1,790,792,791,-1,791,792,793,-1,791,793,794,-1,794,793,795,-1,794,795,796,-1,796,797,794,-1,794,797,798,-1,794,798,668,-1,668,798,799,-1,668,799,646,-1,746,350,726,-1,726,350,365,-1,726,365,360,-1,800,10,8,-1,800,8,707,-1,22,310,801,-1,801,310,707,-1,801,707,7,-1,7,707,8,-1,24,29,23,-1,23,29,27,-1,23,27,22,-1,22,27,26,-1,22,26,310,-1,310,26,802,-1,310,802,41,-1,43,48,42,-1,42,48,46,-1,42,46,41,-1,41,46,45,-1,41,45,310,-1,310,45,803,-1,310,803,60,-1,62,67,61,-1,61,67,65,-1,61,65,60,-1,60,65,64,-1,60,64,310,-1,310,64,804,-1,310,804,79,-1,81,86,80,-1,80,86,84,-1,80,84,79,-1,79,84,83,-1,79,83,310,-1,310,83,805,-1,310,805,99,-1,101,106,100,-1,100,106,104,-1,100,104,99,-1,99,104,103,-1,99,103,310,-1,310,103,806,-1,310,806,118,-1,120,125,119,-1,119,125,123,-1,119,123,118,-1,118,123,122,-1,118,122,310,-1,310,122,807,-1,310,807,137,-1,139,144,138,-1,138,144,142,-1,138,142,137,-1,137,142,141,-1,137,141,310,-1,310,141,808,-1,310,808,156,-1,158,163,157,-1,157,163,161,-1,157,161,156,-1,156,161,160,-1,156,160,310,-1,160,809,310,-1,310,809,175,-1,310,175,309,-1,309,175,176,-1,309,176,177,-1,810,811,357,-1,357,811,812,-1,357,812,359,-1,359,812,813,-1,359,813,360,-1,360,813,814,-1,360,814,726,-1,810,357,815,-1,815,357,356,-1,815,356,816,-1,817,818,364,-1,364,818,819,-1,364,819,356,-1,356,819,820,-1,356,820,816,-1,817,364,821,-1,821,364,363,-1,821,363,822,-1,823,824,363,-1,363,824,825,-1,363,825,822,-1,823,363,826,-1,826,363,362,-1,826,362,827,-1,827,362,361,-1,827,361,828,-1,822,825,829,-1,829,825,830,-1,827,828,831,-1,827,831,826,-1,826,831,823,-1,823,831,832,-1,823,832,833,-1,830,825,833,-1,833,825,824,-1,833,824,823,-1,822,829,821,-1,821,829,834,-1,821,834,835,-1,819,818,836,-1,835,837,821,-1,821,837,836,-1,821,836,817,-1,817,836,818,-1,816,838,815,-1,815,838,839,-1,839,840,815,-1,815,840,841,-1,815,841,842,-1,836,843,819,-1,819,843,838,-1,819,838,820,-1,820,838,816,-1,844,845,812,-1,844,812,846,-1,846,812,811,-1,846,811,842,-1,842,811,810,-1,842,810,815,-1,847,726,848,-1,848,726,814,-1,848,814,845,-1,845,814,813,-1,845,813,812,-1,5,849,3,-1,3,849,850,-1,3,850,0,-1,0,850,851,-1,851,850,847,-1,851,847,852,-1,853,852,847,-1,844,854,845,-1,845,854,853,-1,845,853,848,-1,848,853,847,-1,841,855,842,-1,842,855,854,-1,842,854,846,-1,846,854,844,-1,839,856,840,-1,840,856,857,-1,840,857,841,-1,841,857,858,-1,841,858,855,-1,838,859,839,-1,839,859,860,-1,839,860,856,-1,838,843,859,-1,859,843,836,-1,859,836,861,-1,861,836,837,-1,862,863,834,-1,834,863,864,-1,834,864,835,-1,835,864,865,-1,835,865,837,-1,837,865,866,-1,837,866,861,-1,862,834,867,-1,867,834,829,-1,867,829,830,-1,833,868,830,-1,830,868,869,-1,830,869,867,-1,870,871,831,-1,831,871,868,-1,831,868,832,-1,832,868,833,-1,852,872,873,-1,852,873,851,-1,851,873,1,-1,851,1,0,-1,862,867,874,-1,857,856,875,-1,872,852,876,-1,876,852,853,-1,877,878,855,-1,855,878,876,-1,855,876,854,-1,854,876,853,-1,875,856,879,-1,877,855,875,-1,875,855,858,-1,875,858,857,-1,880,881,860,-1,860,881,882,-1,860,882,856,-1,856,882,883,-1,856,883,879,-1,884,885,864,-1,864,885,886,-1,864,886,865,-1,860,859,880,-1,880,859,861,-1,880,861,886,-1,886,861,866,-1,886,866,865,-1,884,864,874,-1,874,864,863,-1,874,863,862,-1,887,888,867,-1,867,888,889,-1,867,889,874,-1,869,868,890,-1,869,890,867,-1,867,890,891,-1,867,891,887,-1,868,871,890,-1,890,871,870,-1,890,870,892,-1,2,1,873,-1,4,2,893,-1,893,2,873,-1,893,873,894,-1,894,873,872,-1,894,872,895,-1,875,879,896,-1,882,881,897,-1,887,891,898,-1,898,891,890,-1,898,890,892,-1,898,899,887,-1,887,899,900,-1,887,900,888,-1,888,900,889,-1,900,901,889,-1,889,901,902,-1,889,902,874,-1,874,902,884,-1,884,902,885,-1,885,902,903,-1,885,903,904,-1,904,905,885,-1,885,905,906,-1,885,906,886,-1,886,906,880,-1,880,906,881,-1,881,906,907,-1,881,907,897,-1,896,879,908,-1,882,897,883,-1,883,897,909,-1,883,909,879,-1,879,909,910,-1,879,910,908,-1,875,896,877,-1,877,896,911,-1,877,911,878,-1,895,872,912,-1,912,872,876,-1,912,876,913,-1,913,876,878,-1,913,878,914,-1,914,878,911,-1,915,800,916,-1,916,800,4,-1,916,4,917,-1,917,4,893,-1,895,918,894,-1,894,918,919,-1,894,919,893,-1,893,919,920,-1,893,920,917,-1,917,920,921,-1,707,726,847,-1,847,850,707,-1,707,850,849,-1,707,849,800,-1,800,849,5,-1,800,5,4,-1,917,921,922,-1,917,922,923,-1,923,922,924,-1,923,924,925,-1,923,925,926,-1,923,926,917,-1,917,926,916,-1,916,926,927,-1,916,927,915,-1,928,918,895,-1,914,929,913,-1,913,929,928,-1,913,928,912,-1,912,928,895,-1,908,930,896,-1,896,930,929,-1,896,929,911,-1,911,929,914,-1,931,932,909,-1,909,932,933,-1,909,933,910,-1,910,933,934,-1,910,934,908,-1,908,934,935,-1,908,935,930,-1,906,905,936,-1,906,936,907,-1,931,909,936,-1,936,909,897,-1,936,897,907,-1,937,938,903,-1,903,938,939,-1,903,939,904,-1,904,939,940,-1,904,940,905,-1,905,940,941,-1,905,941,936,-1,942,943,903,-1,903,943,944,-1,903,944,937,-1,898,945,946,-1,898,946,899,-1,903,902,942,-1,942,902,901,-1,942,901,946,-1,946,901,900,-1,946,900,899,-1,947,924,922,-1,947,922,948,-1,948,922,921,-1,948,921,920,-1,920,919,948,-1,948,919,918,-1,948,918,949,-1,946,945,950,-1,944,943,951,-1,938,937,952,-1,949,918,953,-1,953,918,928,-1,953,928,954,-1,928,929,954,-1,954,929,930,-1,954,930,955,-1,955,930,956,-1,956,930,935,-1,956,935,957,-1,957,935,934,-1,957,934,933,-1,932,958,933,-1,933,958,959,-1,959,960,933,-1,933,960,961,-1,933,961,957,-1,936,941,962,-1,932,931,958,-1,958,931,936,-1,958,936,963,-1,963,936,962,-1,941,940,962,-1,962,940,939,-1,962,939,964,-1,964,939,965,-1,938,952,939,-1,939,952,966,-1,939,966,965,-1,944,951,937,-1,937,951,967,-1,937,967,952,-1,946,950,942,-1,942,950,943,-1,943,950,968,-1,943,968,951,-1,969,970,949,-1,955,971,954,-1,954,971,969,-1,954,969,953,-1,953,969,949,-1,955,956,971,-1,971,956,957,-1,971,957,972,-1,972,957,961,-1,959,973,960,-1,960,973,974,-1,960,974,961,-1,961,974,975,-1,961,975,972,-1,958,976,959,-1,959,976,977,-1,959,977,973,-1,964,978,962,-1,962,978,976,-1,962,976,963,-1,963,976,958,-1,979,980,966,-1,966,980,981,-1,966,981,965,-1,965,981,982,-1,965,982,964,-1,964,982,983,-1,964,983,978,-1,984,985,966,-1,966,985,986,-1,966,986,979,-1,950,987,988,-1,950,988,968,-1,966,952,984,-1,984,952,967,-1,984,967,988,-1,988,967,951,-1,988,951,968,-1,970,989,990,-1,990,991,992,-1,970,990,993,-1,993,990,992,-1,993,992,994,-1,986,985,995,-1,988,987,996,-1,988,996,984,-1,995,985,997,-1,984,996,985,-1,985,996,998,-1,985,998,997,-1,986,995,979,-1,979,995,999,-1,979,999,1000,-1,1001,981,1000,-1,1000,981,980,-1,1000,980,979,-1,1002,1003,978,-1,983,1004,978,-1,978,1004,1005,-1,978,1005,1002,-1,1001,1006,981,-1,981,1006,1004,-1,981,1004,982,-1,982,1004,983,-1,1007,1008,973,-1,1007,973,1009,-1,1009,973,977,-1,1009,977,1003,-1,1003,977,976,-1,1003,976,978,-1,1010,1011,972,-1,1010,972,1012,-1,1012,972,975,-1,1012,975,1008,-1,1008,975,974,-1,1008,974,973,-1,989,970,1013,-1,1013,970,969,-1,1013,969,1011,-1,1011,969,971,-1,1011,971,972,-1,989,1013,1014,-1,1014,1013,1011,-1,1014,1011,1015,-1,1015,1011,1010,-1,1015,1010,1016,-1,1010,1012,1016,-1,1016,1012,1008,-1,1016,1008,1017,-1,1017,1008,1007,-1,1017,1007,1018,-1,1007,1009,1018,-1,1018,1009,1003,-1,1018,1003,1019,-1,1019,1003,1002,-1,1019,1002,1020,-1,1021,1022,1006,-1,1006,1022,1023,-1,1006,1023,1004,-1,1004,1023,1020,-1,1004,1020,1005,-1,1005,1020,1002,-1,999,1024,1025,-1,1025,1026,999,-1,999,1026,1027,-1,999,1027,1000,-1,1000,1027,1021,-1,1000,1021,1001,-1,1001,1021,1006,-1,1028,1029,998,-1,998,1029,1030,-1,998,1030,997,-1,997,1030,1024,-1,997,1024,995,-1,995,1024,999,-1,1028,998,1031,-1,1031,998,996,-1,1031,996,1032,-1,1033,1034,1035,-1,1032,1033,1031,-1,1031,1033,1035,-1,1031,1035,1028,-1,1036,1037,1025,-1,1025,1024,1036,-1,1036,1024,1030,-1,1036,1030,1035,-1,1035,1030,1029,-1,1035,1029,1028,-1,1023,1022,1038,-1,1022,1021,1038,-1,1038,1021,1027,-1,1038,1027,1037,-1,1037,1027,1026,-1,1037,1026,1025,-1,1039,1040,1041,-1,1038,1039,1023,-1,1023,1039,1041,-1,1023,1041,1020,-1,1020,1041,1019,-1,1042,1043,1044,-1,1044,1043,1045,-1,1044,1045,1046,-1,1046,1047,1044,-1,1044,1047,1048,-1,1044,1048,1049,-1,1049,1048,1050,-1,1049,1050,1051,-1,1051,1052,1049,-1,1049,1052,1053,-1,1049,1053,1054,-1,1055,1042,1056,-1,1056,1042,1057,-1,1055,1058,1042,-1,1042,1058,1059,-1,1042,1059,1043,-1,1049,1040,1039,-1,1039,1038,1049,-1,1049,1038,1037,-1,1049,1037,1036,-1,1036,1035,1049,-1,1049,1035,1034,-1,1049,1034,1044,-1,1040,1049,1060,-1,1060,1049,1054,-1,1060,1054,1061,-1,1061,1054,1053,-1,1062,1063,1057,-1,1057,1063,1056,-1,1064,1058,1063,-1,1063,1058,1055,-1,1063,1055,1056,-1,1043,1065,1045,-1,1045,1065,1066,-1,1064,1067,1058,-1,1058,1067,1065,-1,1058,1065,1059,-1,1059,1065,1043,-1,1066,1068,1045,-1,1045,1068,1069,-1,1045,1069,1046,-1,1070,1048,1069,-1,1069,1048,1047,-1,1069,1047,1046,-1,1070,1071,1048,-1,1048,1071,1072,-1,1048,1072,1050,-1,1050,1072,1073,-1,1050,1073,1051,-1,1073,1074,1051,-1,1051,1074,1075,-1,1051,1075,1052,-1,1052,1075,1076,-1,1052,1076,1053,-1,1077,1078,1061,-1,1076,1079,1053,-1,1053,1079,1080,-1,1053,1080,1061,-1,1061,1080,1081,-1,1061,1081,1077,-1,1061,1078,1082,-1,1082,1078,1083,-1,1082,1083,1084,-1,1084,1083,1085,-1,1084,1085,1086,-1,1041,1087,1088,-1,1088,1014,1041,-1,1041,1014,1015,-1,1041,1015,1016,-1,1016,1017,1041,-1,1041,1017,1018,-1,1041,1018,1019,-1,1082,1087,1061,-1,1061,1087,1041,-1,1061,1041,1060,-1,1060,1041,1040,-1,991,990,1089,-1,1089,990,1090,-1,989,1014,990,-1,990,1014,1088,-1,990,1088,1090,-1,1091,994,992,-1,1091,992,1092,-1,1092,992,991,-1,1092,991,1089,-1,994,948,993,-1,993,948,949,-1,993,949,970,-1,1093,1094,1095,-1,1096,1093,1097,-1,1097,1093,1095,-1,1097,1095,1098,-1,925,924,926,-1,926,924,1099,-1,926,1099,927,-1,1096,1099,1093,-1,1093,1099,924,-1,1093,924,1100,-1,1100,924,947,-1,1100,947,1101,-1,1101,947,948,-1,1101,948,1091,-1,1091,948,994,-1,1102,1103,251,-1,251,1103,252,-1,1104,1105,258,-1,1104,258,1106,-1,1106,258,1107,-1,1107,258,259,-1,1107,259,253,-1,252,1103,253,-1,253,1103,1108,-1,253,1108,1107,-1,1102,251,1109,-1,1109,251,245,-1,1109,245,247,-1,1110,1111,240,-1,247,242,1109,-1,1109,242,240,-1,1109,240,1112,-1,1112,240,1111,-1,1113,236,1114,-1,1114,236,231,-1,231,233,1114,-1,1114,233,230,-1,1114,230,228,-1,240,239,1110,-1,1110,239,236,-1,1110,236,1115,-1,1115,236,1113,-1,223,225,1116,-1,223,1116,227,-1,227,1116,1117,-1,227,1117,228,-1,228,1117,1118,-1,228,1118,1114,-1,220,312,226,-1,226,312,1119,-1,226,1119,225,-1,225,1119,1120,-1,225,1120,1116,-1,1121,1063,1122,-1,1122,1063,1062,-1,1122,1062,1123,-1,1065,1067,1121,-1,1121,1067,1064,-1,1121,1064,1063,-1,1121,1124,1065,-1,1065,1124,1125,-1,1065,1125,1066,-1,1066,1125,1126,-1,1126,1127,1066,-1,1066,1127,1128,-1,1066,1128,1068,-1,1068,1128,1129,-1,1068,1129,1069,-1,1069,1129,1070,-1,1129,1130,1070,-1,1070,1130,1131,-1,1070,1131,1071,-1,1071,1131,1132,-1,1071,1132,1072,-1,1072,1132,1073,-1,1132,1133,1073,-1,1073,1133,1134,-1,1073,1134,1074,-1,1074,1134,1135,-1,1074,1135,1075,-1,1075,1135,1076,-1,1135,1136,1076,-1,1076,1136,1137,-1,1076,1137,1079,-1,1079,1137,1138,-1,1079,1138,1080,-1,1139,1078,1140,-1,1140,1078,1077,-1,1140,1077,1138,-1,1138,1077,1081,-1,1138,1081,1080,-1,1141,1105,1104,-1,1141,1104,1142,-1,1143,1144,1106,-1,1106,1144,1145,-1,1106,1145,1104,-1,1104,1145,1146,-1,1104,1146,1142,-1,1106,1107,1143,-1,1143,1107,1108,-1,1143,1108,1103,-1,1103,1102,1143,-1,1143,1102,1109,-1,1143,1109,1147,-1,1147,1109,1112,-1,1147,1112,1148,-1,1115,1149,1150,-1,1112,1111,1148,-1,1148,1111,1110,-1,1148,1110,1151,-1,1151,1110,1115,-1,1151,1115,1152,-1,1152,1115,1150,-1,1115,1113,1149,-1,1149,1113,1114,-1,1149,1114,1153,-1,1153,1114,1118,-1,1153,1118,1154,-1,1118,1117,1154,-1,1154,1117,1116,-1,1154,1116,1155,-1,1155,1116,1120,-1,1155,1120,1156,-1,1119,312,1157,-1,1157,1158,1119,-1,1119,1158,1159,-1,1119,1159,1120,-1,1120,1159,1160,-1,1120,1160,1156,-1,1078,1139,1161,-1,1161,1162,1163,-1,1078,1161,1083,-1,1083,1161,1163,-1,1083,1163,1085,-1,1086,1085,1163,-1,1086,1163,1164,-1,1164,1163,1162,-1,1164,1162,1165,-1,1166,1093,1100,-1,1092,1089,1167,-1,1087,1082,1084,-1,1088,1087,1090,-1,1090,1087,1084,-1,1090,1084,1089,-1,1089,1084,1086,-1,1089,1086,1167,-1,1167,1086,1164,-1,1167,1164,1168,-1,1168,1164,1165,-1,1169,1166,1167,-1,1167,1166,1100,-1,1167,1100,1092,-1,1092,1100,1101,-1,1092,1101,1091,-1,1170,1098,1095,-1,1171,1172,1173,-1,1094,1171,1095,-1,1095,1171,1173,-1,1095,1173,1170,-1,1170,1173,1174,-1,1097,1098,1170,-1,1097,1170,1175,-1,1175,1170,1174,-1,1175,1174,1176,-1,1175,1176,1177,-1,1096,1097,1175,-1,1177,1178,1179,-1,1175,1177,1096,-1,1096,1177,1179,-1,1096,1179,1099,-1,75,71,210,-1,86,81,87,-1,87,81,78,-1,87,78,90,-1,67,62,68,-1,68,62,59,-1,68,59,71,-1,71,59,56,-1,71,56,210,-1,210,56,213,-1,927,1099,1179,-1,207,204,201,-1,1179,210,927,-1,927,210,207,-1,927,207,915,-1,915,207,201,-1,915,201,198,-1,198,195,915,-1,915,195,192,-1,915,192,800,-1,52,183,56,-1,56,183,182,-1,56,182,213,-1,183,18,14,-1,30,29,24,-1,48,43,49,-1,49,43,40,-1,49,40,52,-1,52,40,37,-1,52,37,183,-1,183,37,33,-1,183,33,18,-1,18,33,30,-1,18,30,21,-1,21,30,24,-1,186,183,189,-1,189,183,14,-1,189,14,192,-1,192,14,11,-1,192,11,800,-1,800,11,10,-1,106,101,107,-1,107,101,98,-1,107,98,110,-1,78,75,90,-1,90,75,210,-1,90,210,94,-1,94,210,1179,-1,94,1179,95,-1,95,1179,1178,-1,95,1178,1180,-1,152,148,1180,-1,315,309,177,-1,164,163,158,-1,177,174,315,-1,315,174,171,-1,315,171,1180,-1,1180,171,167,-1,1180,167,152,-1,152,167,164,-1,152,164,155,-1,155,164,158,-1,144,139,145,-1,145,139,136,-1,145,136,148,-1,148,136,133,-1,148,133,1180,-1,1180,133,129,-1,98,95,110,-1,110,95,1180,-1,110,1180,114,-1,114,1180,129,-1,114,129,117,-1,117,129,126,-1,117,126,120,-1,120,126,125,-1,1181,306,314,-1,1181,314,1182,-1,1182,314,1183,-1,1183,314,315,-1,1183,315,1180,-1,1182,1184,1185,-1,1182,1185,1181,-1,1181,1185,307,-1,1181,307,306,-1,308,307,1185,-1,308,1185,313,-1,313,1185,1184,-1,313,1184,1186,-1,1186,1187,313,-1,313,1187,1157,-1,313,1157,312,-1,1127,1126,1144,-1,1125,1124,1146,-1,1122,1123,1141,-1,1122,1141,1121,-1,1121,1141,1124,-1,1124,1141,1142,-1,1124,1142,1146,-1,1125,1146,1126,-1,1126,1146,1145,-1,1126,1145,1144,-1,1127,1144,1128,-1,1128,1144,1143,-1,1128,1143,1147,-1,1131,1130,1151,-1,1147,1148,1128,-1,1128,1148,1151,-1,1128,1151,1129,-1,1129,1151,1130,-1,1133,1150,1134,-1,1134,1150,1149,-1,1149,1153,1134,-1,1134,1153,1154,-1,1134,1154,1155,-1,1151,1152,1131,-1,1131,1152,1150,-1,1131,1150,1132,-1,1132,1150,1133,-1,1160,1159,1137,-1,1160,1137,1156,-1,1156,1137,1136,-1,1156,1136,1155,-1,1155,1136,1135,-1,1155,1135,1134,-1,1157,1139,1158,-1,1158,1139,1140,-1,1158,1140,1159,-1,1159,1140,1138,-1,1159,1138,1137,-1,1168,1165,1162,-1,1186,1168,1187,-1,1187,1168,1162,-1,1187,1162,1157,-1,1157,1162,1161,-1,1157,1161,1139,-1,1183,1180,1178,-1,1183,1178,1182,-1,1177,1176,1169,-1,1177,1169,1178,-1,1182,1178,1184,-1,1184,1178,1169,-1,1184,1169,1186,-1,1186,1169,1167,-1,1186,1167,1168,-1,1176,1174,1169,-1,1169,1174,1173,-1,1169,1173,1172,-1,1188,1189,1190,-1,1190,1189,1191,-1,1172,1192,1169,-1,1169,1192,1193,-1,1169,1193,1166,-1,1166,1193,1194,-1,1166,1194,1093,-1,1094,1195,1171,-1,1171,1195,1196,-1,1171,1196,1172,-1,1172,1196,1197,-1,1198,1199,1200,-1,1200,1199,1201,-1,1194,1202,1093,-1,1093,1202,1203,-1,1093,1203,1094,-1,1094,1203,1204,-1,1094,1204,1195,-1,1195,1204,1188,-1,1195,1188,1205,-1,1205,1188,1190,-1,1205,1190,1206,-1,1206,1190,1207,-1,1206,1207,1208,-1,1208,1207,1200,-1,1208,1200,1197,-1,1197,1200,1201,-1,1197,1201,1172,-1,1172,1201,1209,-1,1172,1209,1192,-1,1044,1034,1033,-1,1123,1062,1057,-1,1210,347,1211,-1,1211,347,336,-1,1211,336,333,-1,333,289,1211,-1,1211,289,281,-1,1211,281,1212,-1,256,258,1213,-1,1213,258,1105,-1,281,256,1212,-1,1212,256,1213,-1,1212,1213,1214,-1,1213,1215,1214,-1,1214,1215,1216,-1,1214,1216,1217,-1,1217,1216,1218,-1,1057,1219,1123,-1,1123,1219,1220,-1,1123,1220,1141,-1,1141,1220,1221,-1,1141,1221,1105,-1,1105,1221,1222,-1,1105,1222,1213,-1,1032,996,1223,-1,1223,996,987,-1,1223,987,1224,-1,1224,987,1225,-1,1226,1227,1228,-1,1229,1230,1231,-1,1231,1230,1232,-1,1218,1219,1217,-1,1217,1219,1057,-1,1217,1057,1233,-1,1233,1057,1042,-1,1233,1042,1234,-1,1234,1042,1044,-1,1234,1044,1228,-1,1228,1044,1033,-1,1228,1033,1226,-1,1226,1033,1032,-1,1226,1032,1232,-1,1232,1032,1223,-1,1232,1223,1231,-1,1229,1235,1230,-1,1230,1235,1236,-1,1230,1236,1237,-1,945,898,892,-1,987,950,1225,-1,1225,950,945,-1,1225,945,1238,-1,1238,945,1236,-1,1236,945,892,-1,1236,892,1237,-1,1237,892,870,-1,1237,870,1239,-1,1239,870,831,-1,1239,831,828,-1,828,361,1239,-1,1239,361,354,-1,1239,354,1210,-1,1210,354,353,-1,1210,353,347,-1,1240,1241,1242,-1,1242,1241,1243,-1,1240,1244,1245,-1,1244,1246,1245,-1,1245,1246,1247,-1,1245,1247,1248,-1,1245,1249,1250,-1,1240,1245,1241,-1,1241,1245,1250,-1,1241,1250,1251,-1,1252,1253,1254,-1,1255,1243,1241,-1,1255,1241,1256,-1,1256,1241,1254,-1,1254,1241,1251,-1,1254,1251,1252,-1,1213,1253,1215,-1,1215,1253,1252,-1,1215,1252,1216,-1,1216,1252,1251,-1,1257,1258,1259,-1,1260,1261,1259,-1,1259,1261,1262,-1,1259,1262,1263,-1,1263,1264,1254,-1,1254,1264,1265,-1,1254,1265,1256,-1,1263,1254,1259,-1,1259,1254,1253,-1,1259,1253,1257,-1,1221,1258,1222,-1,1222,1258,1257,-1,1222,1257,1213,-1,1213,1257,1253,-1,1266,1249,1245,-1,1267,1260,1259,-1,1245,1248,1267,-1,1267,1259,1245,-1,1245,1259,1258,-1,1245,1258,1266,-1,1216,1251,1218,-1,1218,1251,1250,-1,1218,1250,1219,-1,1219,1250,1249,-1,1258,1221,1266,-1,1266,1221,1220,-1,1266,1220,1249,-1,1249,1220,1219,-1,
        ]
    }
}
Shape{
    appearance Appearance {
        material  Material 	{
            diffuseColor 0.8509803921568627 0.8509803921568627 0.8509803921568627
            specularColor 0.4235294117647059 0.4235294117647059 0.4235294117647059
            ambientIntensity 0.851
            transparency 0.0
            shininess 0.5
        }
    }
    geometry IndexedFaceSet {
        ccw TRUE
        solid FALSE
        coord DEF co Coordinate {
            point [
                -1.6929 0.7402 4.4705, -1.9094 0.7402 4.4705, -1.6929 -0.8228 4.4705, -1.9094 -0.8228 4.4705, -1.6929 -1.1555 4.4705, -1.9094 -1.1555 4.4705, -1.9094 -3.0512 4.4705, -1.6929 -3.0512 4.4705
            ]
        }
        coordIndex [
            0,1,2,-1,2,1,3,-1,2,3,4,-1,3,5,4,-1,4,5,6,-1,4,6,7,-1,
        ]
    }
}
Shape{
    appearance Appearance {
        material  Material 	{
            diffuseColor 0.2235294117647059 0.2235294117647059 0.2235294117647059
            specularColor 0.11372549019607843 0.11372549019607843 0.11372549019607843
            ambientIntensity 0.2235
            transparency 0.0
            shininess 0.5
        }
    }
    geometry IndexedFaceSet {
        ccw TRUE
        solid FALSE
        coord DEF co Coordinate {
            point [
                -1.9094 0.7402 4.2736, -1.6929 0.7402 4.2736, -1.9094 -0.8228 4.2736, -1.6929 -0.8228 4.2736, -1.9094 -1.1555 4.2736, -1.6929 -1.1555 4.2736, -1.6929 -3.0512 4.2736, -1.9094 -3.0512 4.2736, -2.811 0.7402 4.2736, -2.5945 0.7402 4.2736, -2.811 -0.8228 4.2736, -2.5945 -0.8228 4.2736, -2.811 -1.1555 4.2736, -2.5945 -1.1555 4.2736, -2.5945 -3.0512 4.2736, -2.811 -3.0512 4.2736, -2.25 -3.0551 3.9783, -2.245 -3.0551 3.9783, -2.245 -3.0551 3.998, -2.25 -3.0551 3.998, -2.255 -3.0551 3.998, -2.255 -3.0551 3.9783
            ]
        }
        coordIndex [
            0,1,2,-1,2,1,3,-1,2,3,4,-1,3,5,4,-1,4,5,6,-1,4,6,7,-1,8,9,10,-1,10,9,11,-1,10,11,12,-1,11,13,12,-1,12,13,14,-1,12,14,15,-1,16,17,18,-1,18,19,16,-1,16,19,20,-1,16,20,21,-1,
        ]
    }
}
Shape{
    appearance Appearance {
        material  Material 	{
            diffuseColor 1.0 1.0 0.0
            specularColor 0.5019607843137255 0.5019607843137255 0.0
            ambientIntensity 0.886
            transparency 0.0
            shininess 0.5
        }
    }
    geometry IndexedFaceSet {
        ccw TRUE
        solid FALSE
        coord DEF co Coordinate {
            point [
                -2.8602 -3.0512 4.7461, -2.8602 -3.0512 3.998, -2.8602 -3.4114 3.998, -2.8602 -3.7716 3.998, -2.8602 -3.7716 4.7461, -2.8602 -3.7303 3.998, -2.8602 -3.7303 4.7461, -2.8602 -3.4114 4.7461
            ]
        }
        coordIndex [
            0,1,2,-1,3,4,5,-1,5,4,6,-1,5,6,2,-1,2,6,7,-1,2,7,0,-1,
        ]
    }
}
Shape{
    appearance Appearance {
        material  Material 	{
            diffuseColor 0.2235294117647059 0.2235294117647059 0.2235294117647059
            specularColor 0.11372549019607843 0.11372549019607843 0.11372549019607843
            ambientIntensity 0.2235
            transparency 0.0
            shininess 0.5
        }
    }
    geometry IndexedFaceSet {
        ccw TRUE
        solid FALSE
        coord DEF co Coordinate {
            point [
                -2.5945 -3.0512 4.2736, -2.5727 -3.0512 3.998, -2.811 -3.0512 4.2736, -2.8602 -3.0512 3.998, -2.811 -3.0512 4.4705, -2.8602 -3.0512 4.7461, -2.5945 -3.0512 4.4705, -2.5727 -3.0512 4.7461, -2.2852 -3.0512 4.7461, -2.2852 -3.0512 3.998, -2.255 -3.0551 3.9783, -2.255 -3.0551 3.998, -2.2836 -3.0516 3.9786, -2.2842 -3.0514 3.998, -2.2842 -3.0514 3.9786, -2.3108 -3.0411 3.9794, -2.31 -3.0414 3.9794, -2.3127 -3.04 4.7641, -2.3099 -3.0412 4.7642, -2.3347 -3.0242 3.9807, -2.3346 -3.0239 4.7628, -2.3348 -3.0241 3.9807, -2.3365 -3.0225 4.7627, -2.3389 -3.0193 3.9811, -2.339 -3.0194 4.7625, -2.3551 -2.9996 4.7611, -2.3534 -3.0022 3.9824, -2.3565 -2.9966 4.7609, -2.3563 -2.9965 3.9829, -2.3678 -2.9708 4.7592, -2.3728 -2.9441 4.7572, -2.3728 -2.9441 4.372, -2.3664 -2.976 3.9844, -2.3674 -2.973 4.7593, -2.3676 -2.9708 3.9848, -2.3725 -2.949 3.9865, -2.3728 -2.9441 3.9869, -2.2848 -3.0513 4.7652, -2.2842 -3.0514 4.7461, -2.2842 -3.0514 4.7652, -2.255 -3.0551 4.7461, -2.255 -3.0551 4.7658, -2.25 -3.0551 4.7461, -2.245 -3.0551 4.7461, -2.245 -3.0551 4.7658, -2.25 -3.0551 4.7658, -2.2321 -3.0544 4.7656, -2.2148 -3.0512 4.7461, -2.2148 -3.0512 3.998, -2.1936 -3.0425 3.9793, -2.213 -3.0507 3.9787, -2.22 -3.0524 3.998, -2.2201 -3.0518 3.9786, -2.2202 -3.0516 4.7653, -2.22 -3.0524 4.7461, -2.2043 -3.0479 4.7649, -2.1937 -3.0426 4.7644, -2.1814 -3.0365 4.7638, -2.1862 -3.0394 3.9796, -2.1698 -3.0269 4.7631, -2.1696 -3.027 3.9805, -2.1632 -3.0222 3.9809, -2.1633 -3.0215 4.7627, -2.1629 -3.0219 3.9809, -2.1591 -3.0181 4.7624, -2.1447 -2.9993 3.9826, -2.1442 -2.9982 4.761, -2.1442 -2.9982 3.9827, -2.1433 -2.9969 4.7609, -2.1326 -2.9731 3.9847, -2.1326 -2.9731 4.7593, -2.1325 -2.9726 3.9847, -2.1272 -2.9441 3.9869, -2.1272 -2.9441 4.372, -2.1325 -2.9728 4.7593, -2.1272 -2.9441 4.7572, -2.24 -3.055 3.9784, -2.245 -3.0551 3.998, -2.245 -3.0551 3.9783, -1.9273 -3.0512 4.7461, -1.9273 -3.0512 3.998, -1.6929 -3.0512 4.2736, -1.6398 -3.0512 3.998, -1.9094 -3.0512 4.2736, -1.9094 -3.0512 4.4705, -1.6929 -3.0512 4.4705, -1.6398 -3.0512 4.7461
            ]
        }
        coordIndex [
            0,1,2,-1,2,1,3,-1,2,3,4,-1,4,3,5,-1,4,5,6,-1,6,5,7,-1,6,7,0,-1,0,7,1,-1,1,7,8,-1,1,8,9,-1,10,11,12,-1,12,11,13,-1,12,13,14,-1,15,16,17,-1,17,16,18,-1,15,17,19,-1,19,17,20,-1,19,20,21,-1,21,20,22,-1,21,22,23,-1,22,24,23,-1,23,24,25,-1,23,25,26,-1,26,25,27,-1,26,27,28,-1,29,30,31,-1,28,27,32,-1,32,27,33,-1,32,33,34,-1,34,33,29,-1,34,29,35,-1,35,29,31,-1,35,31,36,-1,14,13,16,-1,16,13,9,-1,16,9,18,-1,18,9,8,-1,18,8,37,-1,37,8,38,-1,37,38,39,-1,39,38,40,-1,39,40,41,-1,42,43,44,-1,44,45,42,-1,42,45,41,-1,42,41,40,-1,46,44,43,-1,47,48,49,-1,49,48,50,-1,50,48,51,-1,50,51,52,-1,46,43,53,-1,53,43,54,-1,53,54,55,-1,55,54,47,-1,55,47,56,-1,56,47,49,-1,56,49,57,-1,57,49,58,-1,57,58,59,-1,58,60,59,-1,59,60,61,-1,59,61,62,-1,62,61,63,-1,62,63,64,-1,64,63,65,-1,64,65,66,-1,66,65,67,-1,66,67,68,-1,68,67,69,-1,68,69,70,-1,71,72,73,-1,69,71,70,-1,70,71,73,-1,70,73,74,-1,74,73,75,-1,52,51,76,-1,76,51,77,-1,76,77,78,-1,47,79,48,-1,48,79,80,-1,81,82,83,-1,83,82,80,-1,83,80,84,-1,84,80,79,-1,84,79,85,-1,85,79,86,-1,85,86,81,-1,81,86,82,-1,
        ]
    }
}
Shape{
    appearance Appearance {
        material  Material 	{
            diffuseColor 1.0 1.0 0.0
            specularColor 0.5019607843137255 0.5019607843137255 0.0
            ambientIntensity 0.886
            transparency 0.0
            shininess 0.5
        }
    }
    geometry IndexedFaceSet {
        ccw TRUE
        solid FALSE
        coord DEF co Coordinate {
            point [
                -1.6398 -3.0512 3.998, -1.6398 -3.0512 4.7461, -1.6398 -3.4114 4.7461, -1.6398 -3.7716 4.7461, -1.6398 -3.7716 3.998, -1.6398 -3.7303 4.7461, -1.6398 -3.7303 3.998, -1.6398 -3.4114 3.998
            ]
        }
        coordIndex [
            0,1,2,-1,3,4,5,-1,5,4,6,-1,5,6,2,-1,2,6,7,-1,2,7,0,-1,
        ]
    }
}
Shape{
    appearance Appearance {
        material  Material 	{
            diffuseColor 0.8509803921568627 0.8509803921568627 0.8509803921568627
            specularColor 0.4235294117647059 0.4235294117647059 0.4235294117647059
            ambientIntensity 0.851
            transparency 0.0
            shininess 0.5
        }
    }
    geometry IndexedFaceSet {
        ccw TRUE
        solid FALSE
        coord DEF co Coordinate {
            point [
                -2.5945 0.7402 4.4705, -2.811 0.7402 4.4705, -2.5945 -0.8228 4.4705, -2.811 -0.8228 4.4705, -2.5945 -1.1555 4.4705, -2.811 -1.1555 4.4705, -2.811 -3.0512 4.4705, -2.5945 -3.0512 4.4705
            ]
        }
        coordIndex [
            0,1,2,-1,2,1,3,-1,2,3,4,-1,3,5,4,-1,4,5,6,-1,4,6,7,-1,
        ]
    }
}
Shape{
    appearance Appearance {
        material  Material 	{
            diffuseColor 0.2235294117647059 0.2235294117647059 0.2235294117647059
            specularColor 0.11372549019607843 0.11372549019607843 0.11372549019607843
            ambientIntensity 0.2235
            transparency 0.0
            shininess 0.5
        }
    }
    geometry IndexedFaceSet {
        ccw TRUE
        solid FALSE
        coord DEF co Coordinate {
            point [
                -2.7894 1.1929 1.5335, -2.6122 1.1929 1.5335, -2.6122 1.1831 1.5335, -2.6122 1.1732 1.5335, -2.7008 1.1732 1.5335, -2.7894 1.1831 1.5335, -2.7894 1.1732 1.5335, -2.6122 1.1732 1.1398, -2.7008 1.1732 1.1398, -2.7894 1.1732 1.1398, -1.7106 1.1732 1.5335, -1.7106 1.1732 1.1398, -1.7992 1.1732 1.1398, -1.7992 1.1732 1.5335, -1.8878 1.1732 1.1398, -1.8878 1.1732 1.5335, -1.8878 1.1831 1.5335, -1.8878 1.1929 1.5335, -1.7106 1.1929 1.5335, -1.7106 1.1831 1.5335
            ]
        }
        coordIndex [
            0,1,2,-1,2,3,4,-1,0,2,5,-1,5,2,4,-1,5,4,6,-1,3,7,8,-1,3,8,4,-1,4,8,9,-1,4,9,6,-1,10,11,12,-1,10,12,13,-1,13,12,14,-1,13,14,15,-1,13,15,16,-1,17,18,19,-1,10,13,19,-1,19,13,16,-1,19,16,17,-1,
        ]
    }
}
Shape{
    appearance Appearance {
        material  Material 	{
            diffuseColor 0.8509803921568627 0.8509803921568627 0.8509803921568627
            specularColor 0.4235294117647059 0.4235294117647059 0.4235294117647059
            ambientIntensity 0.851
            transparency 0.0
            shininess 0.5
        }
    }
    geometry IndexedFaceSet {
        ccw TRUE
        solid FALSE
        coord DEF co Coordinate {
            point [
                -2.811 0.7402 4.4705, -2.5945 0.7402 4.4705, -2.5945 0.8963 4.4526, -2.5945 1.3604 4.0815, -2.5945 1.4055 3.9604, -2.7028 1.4055 3.9604, -2.811 0.8963 4.4526, -2.5945 1.0347 4.4043, -2.811 1.0347 4.4043, -2.5945 1.1714 4.3188, -2.811 1.1714 4.3188, -2.5945 1.2775 4.2127, -2.811 1.2775 4.2127, -2.811 1.3604 4.0815, -2.811 1.4055 3.9604, -1.9094 0.7402 4.4705, -1.6929 0.7402 4.4705, -1.6929 0.8963 4.4526, -1.6929 1.3604 4.0815, -1.6929 1.4055 3.9604, -1.8012 1.4055 3.9604, -1.9094 0.8963 4.4526, -1.6929 1.0347 4.4043, -1.9094 1.0347 4.4043, -1.6929 1.1714 4.3188, -1.9094 1.1714 4.3188, -1.6929 1.2775 4.2127, -1.9094 1.2775 4.2127, -1.9094 1.3604 4.0815, -1.9094 1.4055 3.9604
            ]
        }
        coordIndex [
            0,1,2,-1,3,4,5,-1,0,2,6,-1,6,2,7,-1,6,7,8,-1,8,7,9,-1,8,9,10,-1,10,9,11,-1,10,11,12,-1,12,11,3,-1,12,3,13,-1,13,3,5,-1,13,5,14,-1,15,16,17,-1,18,19,20,-1,15,17,21,-1,21,17,22,-1,21,22,23,-1,23,22,24,-1,23,24,25,-1,25,24,26,-1,25,26,27,-1,27,26,18,-1,27,18,28,-1,28,18,20,-1,28,20,29,-1,
        ]
    }
}
Shape{
    appearance Appearance {
        material  Material 	{
            diffuseColor 0.2235294117647059 0.2235294117647059 0.2235294117647059
            specularColor 0.11372549019607843 0.11372549019607843 0.11372549019607843
            ambientIntensity 0.2235
            transparency 0.0
            shininess 0.5
        }
    }
    geometry IndexedFaceSet {
        ccw TRUE
        solid FALSE
        coord DEF co Coordinate {
            point [
                -1.8012 1.2323 3.7815, -1.6929 1.2323 3.7815, -1.6929 1.2246 3.8683, -1.9094 1.2246 3.8683, -1.9094 1.2323 3.7815, -1.6929 1.1906 3.9797, -1.9094 1.1906 3.9797, -1.6929 1.1296 4.0824, -1.9094 1.1296 4.0824, -1.6929 1.073 4.144, -1.9094 1.073 4.144, -1.6929 0.9698 4.2168, -1.9094 0.9698 4.2168, -1.6929 0.8621 4.2583, -1.9094 0.8621 4.2583, -1.6929 0.7402 4.2736, -1.9094 0.7402 4.2736
            ]
        }
        coordIndex [
            0,1,2,-1,3,4,0,-1,0,2,3,-1,3,2,5,-1,3,5,6,-1,6,5,7,-1,6,7,8,-1,8,7,9,-1,8,9,10,-1,10,9,11,-1,10,11,12,-1,12,11,13,-1,12,13,14,-1,14,13,15,-1,14,15,16,-1,
        ]
    }
}
Shape{
    appearance Appearance {
        material  Material 	{
            diffuseColor 0.8509803921568627 0.8509803921568627 0.8509803921568627
            specularColor 0.4235294117647059 0.4235294117647059 0.4235294117647059
            ambientIntensity 0.851
            transparency 0.0
            shininess 0.5
        }
    }
    geometry IndexedFaceSet {
        ccw TRUE
        solid FALSE
        coord DEF co Coordinate {
            point [
                -1.6929 1.2323 1.5335, -1.6929 1.4055 1.5335, -1.6929 1.2323 3.7815, -1.6929 1.4055 3.9604, -1.6929 -3.0512 4.4705, -1.6929 -3.0512 4.2736, -1.6929 -1.1555 4.4705, -1.6929 -1.1555 4.2736, -1.6929 -0.8228 4.4705, -1.6929 -0.8228 4.2736, -1.6929 0.7402 4.4705, -1.6929 0.7402 4.2736, -1.6929 0.8963 4.4526, -1.6929 0.8621 4.2583, -1.6929 1.0347 4.4043, -1.6929 0.9698 4.2168, -1.6929 1.1714 4.3188, -1.6929 1.073 4.144, -1.6929 1.2775 4.2127, -1.6929 1.1296 4.0824, -1.6929 1.3604 4.0815, -1.6929 1.1906 3.9797, -1.6929 1.2246 3.8683
            ]
        }
        coordIndex [
            0,1,2,-1,2,1,3,-1,4,5,6,-1,6,5,7,-1,6,7,8,-1,8,7,9,-1,8,9,10,-1,10,9,11,-1,10,11,12,-1,12,11,13,-1,12,13,14,-1,14,13,15,-1,14,15,16,-1,16,15,17,-1,16,17,18,-1,18,17,19,-1,18,19,20,-1,20,19,21,-1,20,21,3,-1,3,21,22,-1,3,22,2,-1,
        ]
    }
}
Shape{
    appearance Appearance {
        material  Material 	{
            diffuseColor 0.2235294117647059 0.2235294117647059 0.2235294117647059
            specularColor 0.11372549019607843 0.11372549019607843 0.11372549019607843
            ambientIntensity 0.2235
            transparency 0.0
            shininess 0.5
        }
    }
    geometry IndexedFaceSet {
        ccw TRUE
        solid FALSE
        coord DEF co Coordinate {
            point [
                -1.7106 1.2323 1.5335, -1.7106 1.2323 1.1398, -1.7106 1.2028 1.1398, -1.7106 1.1732 1.1398, -1.7106 1.1732 1.5335, -1.7106 1.1831 1.1398, -1.7106 1.1831 1.5335, -1.7106 1.1929 1.1398, -1.7106 1.1929 1.5335, -1.7106 1.2028 1.5335, -1.6929 1.4055 0.5492, -1.6929 1.4055 1.1398, -1.6929 1.3189 1.1398, -1.6929 1.3189 0.5492, -1.6929 1.2323 1.1398, -1.6929 1.2323 0.5492, -1.7106 1.2323 0.5492, -1.7106 1.2323 0.1555, -1.7106 1.2028 0.1555, -1.7106 1.1732 0.5492, -1.7106 1.1831 0.5492, -1.7106 1.1732 0.1555, -1.7106 1.1929 0.5492, -1.7106 1.2028 0.5492, -1.7992 1.1732 0.1555, -1.8012 1.2323 0.1555, -1.8878 1.2323 0.1555, -1.8878 1.2028 0.1555, -1.8878 1.1732 0.1555, -1.7992 1.1732 0.5492, -1.8878 1.1732 0.5492, -1.8878 1.1929 0.5492, -1.8878 1.1831 0.5492, -1.7992 1.1732 1.1398, -1.8878 1.1929 1.1398, -1.8878 1.1831 1.1398, -1.8878 1.1732 1.1398, -2.7008 1.1732 1.1398, -2.6122 1.1732 1.1398, -2.6122 1.1831 1.1398, -2.6122 1.1929 1.1398, -2.7894 1.1929 1.1398, -2.7894 1.1831 1.1398, -2.7894 1.1732 1.1398, -2.7894 1.1929 0.5492, -2.6122 1.1929 0.5492, -2.6122 1.1831 0.5492, -2.6122 1.1732 0.5492, -2.7008 1.1732 0.5492, -2.7894 1.1831 0.5492, -2.7894 1.1732 0.5492, -2.6122 1.1732 0.1555, -2.7008 1.1732 0.1555, -2.7894 1.1732 0.1555, -2.7028 1.2323 3.7815, -2.5945 1.2323 3.7815, -2.5945 1.2246 3.8683, -2.811 1.2246 3.8683, -2.811 1.2323 3.7815, -2.5945 1.1906 3.9797, -2.811 1.1906 3.9797, -2.5945 1.1296 4.0824, -2.811 1.1296 4.0824, -2.5945 1.073 4.144, -2.811 1.073 4.144, -2.5945 0.9698 4.2168, -2.811 0.9698 4.2168, -2.5945 0.8621 4.2583, -2.811 0.8621 4.2583, -2.5945 0.7402 4.2736, -2.811 0.7402 4.2736, -2.6122 1.2028 0.1555, -2.7028 1.2323 0.1555, -2.7894 1.2323 0.1555, -2.7894 1.2028 0.1555, -2.6122 1.2323 0.1555, -2.7894 1.2323 0.5492, -2.7894 1.2028 0.5492, -2.811 1.4055 1.1398, -2.811 1.4055 0.5492, -2.811 1.3189 0.5492, -2.811 1.3189 1.1398, -2.811 1.2323 0.5492, -2.811 1.2323 1.1398, -2.811 1.4055 3.9604, -2.811 1.4055 1.5335, -2.811 1.2323 1.5335, -2.811 1.3604 4.0815, -2.811 1.2775 4.2127, -2.811 1.1714 4.3188, -2.811 1.0347 4.4043, -2.811 0.8963 4.4526, -2.811 0.7402 4.4705, -2.811 -0.8228 4.4705, -2.811 -0.8228 4.2736, -2.811 -1.1555 4.4705, -2.811 -1.1555 4.2736, -2.811 -3.0512 4.4705, -2.811 -3.0512 4.2736, -2.7894 1.2323 1.1398, -2.7894 1.2323 1.5335, -2.7894 1.2028 1.5335, -2.7894 1.1732 1.5335, -2.7894 1.1831 1.5335, -2.7894 1.1929 1.5335, -2.7894 1.2028 1.1398, -2.8996 -3.0551 3.9783, -2.8189 0.5276 4.2539, -2.8996 -3.0551 4.372, -2.8189 0.5276 4.372, -2.8996 -3.0551 4.7658, -2.8189 0.5276 4.4902, -2.3728 -2.9441 4.7572, -2.3678 -2.9708 4.7592, -2.5773 -3.0551 4.7658, -2.3674 -2.973 4.7593, -2.3565 -2.9966 4.7609, -2.3551 -2.9996 4.7611, -2.339 -3.0194 4.7625, -2.3365 -3.0225 4.7627, -2.3346 -3.0239 4.7628, -2.3127 -3.04 4.7641, -2.3099 -3.0412 4.7642, -2.2848 -3.0513 4.7652, -2.2842 -3.0514 4.7652, -2.255 -3.0551 4.7658, -2.5827 0.5276 4.4902, -2.5773 0.4383 4.497, -2.5827 0.5276 4.372, -2.5773 0.4383 4.2471, -2.3728 -2.9441 3.9869, -2.3728 -2.9441 4.372, -2.5827 0.5276 4.2539, -2.255 -3.0551 3.9783, -2.2836 -3.0516 3.9786, -2.5773 -3.0551 3.9783, -2.2842 -3.0514 3.9786, -2.31 -3.0414 3.9794, -2.3108 -3.0411 3.9794, -2.3347 -3.0242 3.9807, -2.3348 -3.0241 3.9807, -2.3389 -3.0193 3.9811, -2.3534 -3.0022 3.9824, -2.3563 -2.9965 3.9829, -2.3664 -2.976 3.9844, -2.3676 -2.9708 3.9848, -2.3725 -2.949 3.9865, -1.6811 0.5276 4.2539, -1.6004 -3.0551 3.9783, -1.6811 0.5276 4.372, -1.6004 -3.0551 4.372, -1.6811 0.5276 4.4902, -1.6004 -3.0551 4.7658, -1.9173 0.5276 4.2539, -1.9227 0.4383 4.2471, -1.9227 -3.0551 3.9783, -2.1272 -2.9441 3.9869, -2.1325 -2.9726 3.9847, -2.1326 -2.9731 3.9847, -2.1442 -2.9982 3.9827, -2.1447 -2.9993 3.9826, -2.1629 -3.0219 3.9809, -2.1632 -3.0222 3.9809, -2.1696 -3.027 3.9805, -2.1862 -3.0394 3.9796, -2.1936 -3.0425 3.9793, -2.213 -3.0507 3.9787, -2.2201 -3.0518 3.9786, -2.24 -3.055 3.9784, -2.245 -3.0551 3.9783, -1.9173 0.5276 4.372, -1.9173 0.5276 4.4902, -1.9227 0.4383 4.497, -2.1272 -2.9441 4.372, -2.1272 -2.9441 4.7572, -2.245 -3.0551 4.7658, -2.2321 -3.0544 4.7656, -1.9227 -3.0551 4.7658, -2.2202 -3.0516 4.7653, -2.2043 -3.0479 4.7649, -2.1937 -3.0426 4.7644, -2.1814 -3.0365 4.7638, -2.1698 -3.0269 4.7631, -2.1633 -3.0215 4.7627, -2.1591 -3.0181 4.7624, -2.1442 -2.9982 4.761, -2.1433 -2.9969 4.7609, -2.1326 -2.9731 4.7593, -2.1325 -2.9728 4.7593, 2.8996 -3.0551 4.7658, 2.8189 0.5276 4.4902, 2.8996 -3.0551 4.372, 2.8189 0.5276 4.372, 2.8996 -3.0551 3.9783, 2.8189 0.5276 4.2539, 1.6811 0.5276 4.4902, 1.6004 -3.0551 4.7658, 1.6811 0.5276 4.372, 1.6004 -3.0551 4.372, 1.6811 0.5276 4.2539, 1.6004 -3.0551 3.9783, 1.9227 0.4383 4.2471, 1.9173 0.5276 4.2539, 2.245 -3.0551 3.9783, 2.2175 -3.0518 3.9786, 1.9227 -3.0551 3.9783, 2.2168 -3.0516 3.9786, 2.191 -3.042 3.9794, 2.1908 -3.0419 3.9794, 2.1672 -3.0258 3.9806, 2.166 -3.0247 3.9807, 2.1631 -3.022 3.9809, 2.1605 -3.0188 3.9811, 2.1442 -2.9984 3.9827, 2.1431 -2.9961 3.9829, 2.1326 -2.9732 3.9847, 2.132 -2.9702 3.9849, 2.1272 -2.9441 3.9869, 1.9227 0.4383 4.497, 1.9173 0.5276 4.4902, 1.9173 0.5276 4.372, 2.1272 -2.9441 4.7572, 2.1272 -2.9441 4.372, 1.9227 -3.0551 4.7658, 2.1317 -2.9702 4.7592, 2.1317 -2.9703 4.7592, 2.1428 -2.9962 4.7612, 2.1429 -2.9963 4.7612, 2.1602 -3.0191 4.763, 2.1602 -3.0192 4.763, 2.1654 -3.0242 4.7634, 2.166 -3.0247 4.7634, 2.1901 -3.0415 4.7647, 2.1908 -3.0418 4.7647, 2.2159 -3.0515 4.7655, 2.2168 -3.0516 4.7655, 2.245 -3.0551 4.7658, 1.6004 -3.6358 4.7658, 2.25 -3.0551 4.7658, 2.255 -3.0551 4.7658, 2.8996 -3.6358 4.7658, 2.5773 -3.0551 4.7658, 2.8996 -4.2165 4.7658, 2.25 -4.2165 4.7658, 1.6004 -4.2165 4.7658, 2.8996 -3.6358 3.9783, 2.8996 -4.2165 3.9783, 2.8996 -4.2165 4.372, 2.9783 -4.2953 3.8996, 2.9783 -4.2953 4.372, 2.9783 -4.2953 4.8445, 2.25 -4.2165 3.9783, 2.5773 -3.0551 3.9783, 2.255 -3.0551 3.9783, 2.25 -3.0551 3.9783, 1.6004 -3.6358 3.9783, 1.6004 -4.2165 3.9783, 2.25 -4.2953 3.8996, 1.5217 -4.2953 3.8996, 2.25 -4.2953 4.8445, 1.5217 -4.2953 4.8445, 1.6004 -4.2165 4.372, 1.5217 -4.2953 4.372, 2.5827 0.5276 4.4902, 2.5773 0.4383 4.497, 2.2825 -3.0518 4.7655, 2.2832 -3.0516 4.7655, 2.309 -3.042 4.7647, 2.3092 -3.0419 4.7647, 2.3328 -3.0258 4.7635, 2.334 -3.0247 4.7634, 2.3369 -3.022 4.7632, 2.3395 -3.0188 4.763, 2.3558 -2.9984 4.7614, 2.3569 -2.9961 4.7612, 2.3674 -2.9732 4.7594, 2.368 -2.9702 4.7592, 2.3728 -2.9441 4.7572, 2.5773 0.4383 4.2471, 2.5827 0.5276 4.2539, 2.5827 0.5276 4.372, 2.3728 -2.9441 3.9869, 2.3728 -2.9441 4.372, 2.3683 -2.9702 3.9849, 2.3683 -2.9703 3.9849, 2.3572 -2.9962 3.9829, 2.3571 -2.9963 3.9829, 2.3398 -3.0191 3.9811, 2.3398 -3.0192 3.9811, 2.3346 -3.0242 3.9807, 2.334 -3.0247 3.9807, 2.3099 -3.0415 3.9794, 2.3092 -3.0418 3.9794, 2.2841 -3.0515 3.9786, 2.2832 -3.0516 3.9786, 2.7894 1.1732 1.5335, 2.7894 1.1732 1.1398, 2.7008 1.1732 1.1398, 2.7008 1.1732 1.5335, 2.6122 1.1732 1.1398, 2.6122 1.1732 1.5335, 2.6122 1.1929 1.5335, 2.7894 1.1929 1.5335, 2.7894 1.1831 1.5335, 2.6122 1.1831 1.5335, 1.7992 1.1732 1.5335, 1.7106 1.1732 1.5335, 1.7106 1.1831 1.5335, 1.7106 1.1929 1.5335, 1.8878 1.1929 1.5335, 1.8878 1.1831 1.5335, 1.8878 1.1732 1.5335, 1.8878 1.1732 1.1398, 1.7992 1.1732 1.1398, 1.7106 1.1732 1.1398, 1.6909 0.7402 4.2736, 1.9075 0.7402 4.2736, 1.6909 -0.8228 4.2736, 1.9075 -0.8228 4.2736, 1.6909 -1.1555 4.2736, 1.9075 -1.1555 4.2736, 1.9075 -3.0512 4.2736, 1.6909 -3.0512 4.2736
            ]
        }
        coordIndex [
            0,1,2,-1,3,4,5,-1,5,4,6,-1,5,6,7,-1,7,6,8,-1,7,8,2,-1,2,8,9,-1,2,9,0,-1,10,11,12,-1,10,12,13,-1,13,12,14,-1,13,14,15,-1,16,17,18,-1,19,20,21,-1,21,20,22,-1,21,22,18,-1,18,22,23,-1,18,23,16,-1,24,21,18,-1,25,26,27,-1,25,27,17,-1,17,27,18,-1,18,27,28,-1,18,28,24,-1,19,21,24,-1,19,24,29,-1,29,24,28,-1,29,28,30,-1,31,22,20,-1,20,19,29,-1,31,20,32,-1,32,20,29,-1,32,29,30,-1,33,3,5,-1,7,34,35,-1,36,33,35,-1,35,33,5,-1,35,5,7,-1,37,38,39,-1,40,41,42,-1,43,37,42,-1,42,37,39,-1,42,39,40,-1,44,45,46,-1,46,47,48,-1,44,46,49,-1,49,46,48,-1,49,48,50,-1,47,51,52,-1,47,52,48,-1,48,52,53,-1,48,53,50,-1,54,55,56,-1,57,58,54,-1,54,56,57,-1,57,56,59,-1,57,59,60,-1,60,59,61,-1,60,61,62,-1,62,61,63,-1,62,63,64,-1,64,63,65,-1,64,65,66,-1,66,65,67,-1,66,67,68,-1,68,67,69,-1,68,69,70,-1,52,51,71,-1,72,73,74,-1,72,74,75,-1,75,74,71,-1,71,74,53,-1,71,53,52,-1,76,77,73,-1,73,77,74,-1,50,53,49,-1,49,53,74,-1,49,74,44,-1,44,74,77,-1,78,79,80,-1,78,80,81,-1,81,80,82,-1,81,82,83,-1,84,85,86,-1,86,58,84,-1,84,58,57,-1,84,57,87,-1,87,57,60,-1,87,60,88,-1,88,60,62,-1,88,62,89,-1,89,62,64,-1,89,64,90,-1,90,64,66,-1,90,66,91,-1,91,66,68,-1,91,68,92,-1,92,68,70,-1,92,70,93,-1,93,70,94,-1,93,94,95,-1,95,94,96,-1,95,96,97,-1,97,96,98,-1,99,100,101,-1,102,43,103,-1,103,43,42,-1,103,42,104,-1,104,42,41,-1,104,41,101,-1,101,41,105,-1,101,105,99,-1,106,107,108,-1,108,107,109,-1,108,109,110,-1,110,109,111,-1,112,113,114,-1,114,113,115,-1,114,115,116,-1,116,117,114,-1,114,117,118,-1,114,118,119,-1,119,120,114,-1,114,120,121,-1,114,121,122,-1,122,123,114,-1,114,123,124,-1,114,124,125,-1,111,126,127,-1,112,114,127,-1,127,114,110,-1,127,110,111,-1,127,126,128,-1,129,130,131,-1,128,132,129,-1,129,131,128,-1,128,131,112,-1,128,112,127,-1,129,132,107,-1,133,134,135,-1,135,134,136,-1,135,136,137,-1,137,138,135,-1,135,138,139,-1,135,139,140,-1,140,141,135,-1,135,141,142,-1,135,142,143,-1,143,144,135,-1,135,144,145,-1,135,145,146,-1,107,106,129,-1,129,106,135,-1,129,135,130,-1,130,135,146,-1,147,148,149,-1,149,148,150,-1,149,150,151,-1,151,150,152,-1,147,153,154,-1,147,154,148,-1,148,154,155,-1,155,154,156,-1,155,156,157,-1,157,158,155,-1,155,158,159,-1,155,159,160,-1,160,161,155,-1,155,161,162,-1,155,162,163,-1,163,164,155,-1,155,164,165,-1,155,165,166,-1,166,167,155,-1,155,167,168,-1,155,168,169,-1,154,153,170,-1,154,170,156,-1,170,171,172,-1,156,170,173,-1,173,170,172,-1,173,172,174,-1,172,171,151,-1,175,176,177,-1,177,176,178,-1,177,178,179,-1,179,180,177,-1,177,180,181,-1,177,181,182,-1,182,183,177,-1,177,183,184,-1,177,184,185,-1,185,186,177,-1,177,186,187,-1,177,187,188,-1,151,152,172,-1,172,152,177,-1,172,177,174,-1,174,177,188,-1,189,190,191,-1,191,190,192,-1,191,192,193,-1,193,192,194,-1,195,196,197,-1,197,196,198,-1,197,198,199,-1,199,198,200,-1,201,202,199,-1,203,204,205,-1,205,204,206,-1,205,206,207,-1,207,208,205,-1,205,208,209,-1,205,209,210,-1,210,211,205,-1,205,211,212,-1,205,212,213,-1,213,214,205,-1,205,214,215,-1,205,215,216,-1,216,217,205,-1,205,217,201,-1,205,201,200,-1,200,201,199,-1,218,219,220,-1,218,220,221,-1,220,202,201,-1,221,220,222,-1,222,220,201,-1,222,201,217,-1,223,221,224,-1,224,225,223,-1,223,225,226,-1,223,226,227,-1,227,228,223,-1,223,228,229,-1,223,229,230,-1,230,231,223,-1,223,231,232,-1,223,232,233,-1,233,234,223,-1,223,234,235,-1,223,235,236,-1,195,219,218,-1,221,223,218,-1,218,223,196,-1,218,196,195,-1,196,223,237,-1,237,223,236,-1,237,236,238,-1,238,239,240,-1,240,239,241,-1,240,241,189,-1,240,242,243,-1,238,240,237,-1,237,240,243,-1,237,243,244,-1,191,193,245,-1,240,189,191,-1,245,246,247,-1,191,245,240,-1,240,245,247,-1,240,247,242,-1,246,248,247,-1,247,248,249,-1,247,249,242,-1,242,249,250,-1,251,246,245,-1,193,252,245,-1,245,252,253,-1,245,253,254,-1,254,203,255,-1,255,203,205,-1,255,205,200,-1,254,255,245,-1,245,255,256,-1,245,256,251,-1,248,246,257,-1,257,246,251,-1,257,251,258,-1,258,251,256,-1,242,250,243,-1,243,250,259,-1,243,259,244,-1,244,259,260,-1,261,256,255,-1,198,196,237,-1,198,237,200,-1,200,237,255,-1,255,237,244,-1,255,244,261,-1,258,256,262,-1,262,256,261,-1,262,261,260,-1,260,261,244,-1,263,190,264,-1,264,190,189,-1,264,189,241,-1,239,265,241,-1,241,265,266,-1,266,267,241,-1,241,267,268,-1,241,268,269,-1,269,270,241,-1,241,270,271,-1,241,271,272,-1,272,273,241,-1,241,273,274,-1,241,274,275,-1,275,276,241,-1,241,276,277,-1,241,277,264,-1,278,279,280,-1,278,280,281,-1,280,263,264,-1,281,280,282,-1,282,280,264,-1,282,264,277,-1,194,279,278,-1,194,278,193,-1,193,278,252,-1,252,278,281,-1,252,281,283,-1,283,284,252,-1,252,284,285,-1,252,285,286,-1,286,287,252,-1,252,287,288,-1,252,288,289,-1,289,290,252,-1,252,290,291,-1,252,291,292,-1,292,293,252,-1,252,293,294,-1,252,294,253,-1,295,296,297,-1,295,297,298,-1,298,297,299,-1,298,299,300,-1,301,302,303,-1,303,295,298,-1,301,303,304,-1,304,303,298,-1,304,298,300,-1,305,306,307,-1,308,309,310,-1,311,305,310,-1,310,305,307,-1,310,307,308,-1,311,312,313,-1,311,313,305,-1,305,313,314,-1,305,314,306,-1,315,316,317,-1,317,316,318,-1,317,318,319,-1,318,320,319,-1,319,320,321,-1,319,321,322,-1,
        ]
    }
}
Shape{
    appearance Appearance {
        material  Material 	{
            diffuseColor 0.8509803921568627 0.8509803921568627 0.8509803921568627
            specularColor 0.4235294117647059 0.4235294117647059 0.4235294117647059
            ambientIntensity 0.851
            transparency 0.0
            shininess 0.5
        }
    }
    geometry IndexedFaceSet {
        ccw TRUE
        solid FALSE
        coord DEF co Coordinate {
            point [
                1.9075 0.7402 4.4705, 1.6909 0.7402 4.4705, 1.9075 -0.8228 4.4705, 1.6909 -0.8228 4.4705, 1.9075 -1.1555 4.4705, 1.6909 -1.1555 4.4705, 1.6909 -3.0512 4.4705, 1.9075 -3.0512 4.4705, 2.8091 0.7402 4.4705, 2.5925 0.7402 4.4705, 2.8091 -0.8228 4.4705, 2.5925 -0.8228 4.4705, 2.8091 -1.1555 4.4705, 2.5925 -1.1555 4.4705, 2.5925 -3.0512 4.4705, 2.8091 -3.0512 4.4705
            ]
        }
        coordIndex [
            0,1,2,-1,2,1,3,-1,2,3,4,-1,3,5,4,-1,4,5,6,-1,4,6,7,-1,8,9,10,-1,10,9,11,-1,10,11,12,-1,11,13,12,-1,12,13,14,-1,12,14,15,-1,
        ]
    }
}
Shape{
    appearance Appearance {
        material  Material 	{
            diffuseColor 0.2235294117647059 0.2235294117647059 0.2235294117647059
            specularColor 0.11372549019607843 0.11372549019607843 0.11372549019607843
            ambientIntensity 0.2235
            transparency 0.0
            shininess 0.5
        }
    }
    geometry IndexedFaceSet {
        ccw TRUE
        solid FALSE
        coord DEF co Coordinate {
            point [
                2.255 -3.0551 3.9783, 2.255 -3.0551 3.998, 2.25 -3.0551 3.9783, 2.25 -3.0551 3.998, 2.245 -3.0551 3.9783, 2.245 -3.0551 3.998
            ]
        }
        coordIndex [
            0,1,2,-1,2,1,3,-1,2,3,4,-1,4,3,5,-1,
        ]
    }
}
Shape{
    appearance Appearance {
        material  Material 	{
            diffuseColor 0.0 1.0 0.0
            specularColor 0.0 0.5019607843137255 0.0
            ambientIntensity 0.587
            transparency 0.0
            shininess 0.5
        }
    }
    geometry IndexedFaceSet {
        ccw TRUE
        solid FALSE
        coord DEF co Coordinate {
            point [
                1.6417 -3.0512 4.372, 1.6417 -3.0512 3.998, 1.6417 -3.4114 3.998, 1.6417 -3.0512 4.7461, 1.6417 -3.7716 3.998, 1.6417 -3.7716 4.7461, 1.6417 -3.7303 3.998, 1.6417 -3.7303 4.7461, 1.6417 -3.4114 4.7461
            ]
        }
        coordIndex [
            0,1,2,-1,0,2,3,-1,4,5,6,-1,6,5,7,-1,6,7,2,-1,2,7,8,-1,2,8,3,-1,
        ]
    }
}
Shape{
    appearance Appearance {
        material  Material 	{
            diffuseColor 0.2235294117647059 0.2235294117647059 0.2235294117647059
            specularColor 0.11372549019607843 0.11372549019607843 0.11372549019607843
            ambientIntensity 0.2235
            transparency 0.0
            shininess 0.5
        }
    }
    geometry IndexedFaceSet {
        ccw TRUE
        solid FALSE
        coord DEF co Coordinate {
            point [
                1.6417 -3.0512 4.372, 1.6909 -3.0512 4.372, 1.6909 -3.0512 4.2736, 1.6909 -3.0512 4.4705, 1.6417 -3.0512 4.7461, 1.9075 -3.0512 4.4705, 2.2148 -3.0512 4.7461, 1.9075 -3.0512 4.372, 2.2148 -3.0512 4.372, 1.9075 -3.0512 4.2736, 2.2148 -3.0512 3.998, 1.6417 -3.0512 3.998, 2.245 -3.0551 3.9783, 2.245 -3.0551 3.998, 2.2175 -3.0518 3.9786, 2.2167 -3.0517 3.998, 2.2168 -3.0516 3.9786, 2.1908 -3.0419 3.9794, 2.1908 -3.0418 4.7647, 2.1672 -3.0258 3.9806, 2.1901 -3.0415 4.7647, 2.166 -3.0247 3.9807, 2.166 -3.0247 4.7634, 2.1631 -3.022 3.9809, 2.1654 -3.0242 4.7634, 2.1602 -3.0192 4.763, 2.1605 -3.0188 3.9811, 2.1317 -2.9702 4.7592, 2.1272 -2.9441 4.7572, 2.1272 -2.9441 4.372, 2.1602 -3.0191 4.763, 2.1429 -2.9963 4.7612, 2.1442 -2.9984 3.9827, 2.1428 -2.9962 4.7612, 2.1431 -2.9961 3.9829, 2.1317 -2.9703 4.7592, 2.1326 -2.9732 3.9847, 2.132 -2.9702 3.9849, 2.1272 -2.9441 3.9869, 2.191 -3.042 3.9794, 2.2159 -3.0515 4.7655, 2.2167 -3.0517 4.7461, 2.2168 -3.0516 4.7655, 2.245 -3.0551 4.7461, 2.245 -3.0551 4.7658, 2.25 -3.0551 4.7658, 2.25 -3.0551 4.7461, 2.255 -3.0551 4.7658, 2.255 -3.0551 4.7461, 2.2825 -3.0518 4.7655, 2.2833 -3.0517 4.7461, 2.2832 -3.0516 4.7655, 2.3092 -3.0419 4.7647, 2.3092 -3.0418 3.9794, 2.3328 -3.0258 4.7635, 2.3099 -3.0415 3.9794, 2.334 -3.0247 4.7634, 2.334 -3.0247 3.9807, 2.3369 -3.022 4.7632, 2.3346 -3.0242 3.9807, 2.3398 -3.0192 3.9811, 2.3395 -3.0188 4.763, 2.3683 -2.9702 3.9849, 2.3728 -2.9441 3.9869, 2.3728 -2.9441 4.372, 2.3398 -3.0191 3.9811, 2.3571 -2.9963 3.9829, 2.3558 -2.9984 4.7614, 2.3572 -2.9962 3.9829, 2.3569 -2.9961 4.7612, 2.3683 -2.9703 3.9849, 2.3674 -2.9732 4.7594, 2.368 -2.9702 4.7592, 2.3728 -2.9441 4.7572, 2.309 -3.042 4.7647, 2.2852 -3.0512 4.7461, 2.2852 -3.0512 4.372, 2.2852 -3.0512 3.998, 2.2841 -3.0515 3.9786, 2.2833 -3.0517 3.998, 2.2832 -3.0516 3.9786, 2.255 -3.0551 3.998, 2.255 -3.0551 3.9783, 2.8622 -3.0512 4.372, 2.8091 -3.0512 4.372, 2.8091 -3.0512 4.4705, 2.8091 -3.0512 4.2736, 2.8622 -3.0512 3.998, 2.5925 -3.0512 4.2736, 2.5925 -3.0512 4.372, 2.5925 -3.0512 4.4705, 2.8622 -3.0512 4.7461
            ]
        }
        coordIndex [
            0,1,2,-1,1,0,3,-1,3,0,4,-1,3,4,5,-1,5,4,6,-1,5,6,7,-1,7,6,8,-1,7,8,9,-1,9,8,10,-1,9,10,2,-1,2,10,11,-1,2,11,0,-1,12,13,14,-1,14,13,15,-1,14,15,16,-1,17,18,19,-1,19,18,20,-1,19,20,21,-1,21,20,22,-1,21,22,23,-1,22,24,23,-1,23,24,25,-1,23,25,26,-1,27,28,29,-1,25,30,26,-1,26,30,31,-1,26,31,32,-1,32,31,33,-1,32,33,34,-1,34,33,35,-1,34,35,36,-1,36,35,27,-1,36,27,37,-1,37,27,29,-1,37,29,38,-1,16,15,39,-1,39,15,10,-1,39,10,17,-1,17,10,8,-1,17,8,18,-1,18,8,6,-1,18,6,40,-1,40,6,41,-1,40,41,42,-1,42,41,43,-1,42,43,44,-1,44,43,45,-1,45,43,46,-1,45,46,47,-1,47,46,48,-1,47,48,49,-1,49,48,50,-1,49,50,51,-1,52,53,54,-1,54,53,55,-1,54,55,56,-1,56,55,57,-1,56,57,58,-1,57,59,58,-1,58,59,60,-1,58,60,61,-1,62,63,64,-1,60,65,61,-1,61,65,66,-1,61,66,67,-1,67,66,68,-1,67,68,69,-1,69,68,70,-1,69,70,71,-1,71,70,62,-1,71,62,72,-1,72,62,64,-1,72,64,73,-1,51,50,74,-1,74,50,75,-1,74,75,52,-1,52,75,76,-1,52,76,53,-1,53,76,77,-1,53,77,78,-1,78,77,79,-1,78,79,80,-1,80,79,81,-1,80,81,82,-1,83,84,85,-1,84,83,86,-1,86,83,87,-1,86,87,88,-1,88,87,77,-1,88,77,89,-1,89,77,76,-1,89,76,90,-1,90,76,75,-1,90,75,85,-1,85,75,91,-1,85,91,83,-1,
        ]
    }
}
Shape{
    appearance Appearance {
        material  Material 	{
            diffuseColor 0.0 1.0 0.0
            specularColor 0.0 0.5019607843137255 0.0
            ambientIntensity 0.587
            transparency 0.0
            shininess 0.5
        }
    }
    geometry IndexedFaceSet {
        ccw TRUE
        solid FALSE
        coord DEF co Coordinate {
            point [
                2.8622 -3.0512 4.372, 2.8622 -3.0512 4.7461, 2.8622 -3.4114 4.7461, 2.8622 -3.7716 4.7461, 2.8622 -3.7716 3.998, 2.8622 -3.7303 4.7461, 2.8622 -3.7303 3.998, 2.8622 -3.4114 3.998, 2.8622 -3.0512 3.998
            ]
        }
        coordIndex [
            0,1,2,-1,3,4,5,-1,5,4,6,-1,5,6,2,-1,2,6,7,-1,2,7,0,-1,0,7,8,-1,
        ]
    }
}
Shape{
    appearance Appearance {
        material  Material 	{
            diffuseColor 0.2235294117647059 0.2235294117647059 0.2235294117647059
            specularColor 0.11372549019607843 0.11372549019607843 0.11372549019607843
            ambientIntensity 0.2235
            transparency 0.0
            shininess 0.5
        }
    }
    geometry IndexedFaceSet {
        ccw TRUE
        solid FALSE
        coord DEF co Coordinate {
            point [
                2.5925 0.7402 4.2736, 2.8091 0.7402 4.2736, 2.5925 -0.8228 4.2736, 2.8091 -0.8228 4.2736, 2.5925 -1.1555 4.2736, 2.8091 -1.1555 4.2736, 2.8091 -3.0512 4.2736, 2.5925 -3.0512 4.2736, 2.7894 1.1732 0.5492, 2.7894 1.1732 0.1555, 2.7008 1.1732 0.1555, 2.7008 1.1732 0.5492, 2.6122 1.1732 0.1555, 2.6122 1.1732 0.5492, 1.7992 1.1732 1.1398, 1.8878 1.1732 1.1398, 1.8878 1.1831 1.1398, 1.8878 1.1929 1.1398, 1.7106 1.1929 1.1398, 1.7106 1.1831 1.1398, 1.7106 1.1732 1.1398, 2.6122 1.1929 0.5492, 2.7894 1.1929 0.5492, 2.7894 1.1831 0.5492, 2.6122 1.1831 0.5492, 2.7008 1.1732 1.1398, 2.7894 1.1732 1.1398, 2.7894 1.1831 1.1398, 2.7894 1.1929 1.1398, 2.6122 1.1929 1.1398, 2.6122 1.1831 1.1398, 2.6122 1.1732 1.1398, 1.7992 1.1732 0.5492, 1.7106 1.1732 0.5492, 1.7106 1.1831 0.5492, 1.7106 1.1929 0.5492, 1.8878 1.1929 0.5492, 1.8878 1.1831 0.5492, 1.8878 1.1732 0.5492, 1.8878 1.1732 0.1555, 1.7992 1.1732 0.1555, 1.7106 1.1732 0.1555, 1.8878 1.2323 0.1555, 1.7106 1.2323 0.1555, 1.7106 1.2028 0.1555, 1.8878 1.2028 0.1555, 1.7106 1.2028 0.5492, 1.7106 1.2323 0.5492, 1.7106 1.1732 1.5335, 1.7106 1.1831 1.5335, 1.7106 1.1929 1.5335, 1.7106 1.2028 1.5335, 1.7106 1.2028 1.1398, 1.7106 1.2323 1.1398, 1.7106 1.2323 1.5335, 1.6909 1.2323 3.7815, 1.9075 1.2323 3.7815, 1.9075 1.2246 3.8683, 1.6909 1.2246 3.8683, 1.9075 1.1906 3.9797, 1.6909 1.1906 3.9797, 1.9075 1.1296 4.0824, 1.6909 1.1296 4.0824, 1.9075 1.073 4.144, 1.6909 1.073 4.144, 1.9075 0.9698 4.2168, 1.6909 0.9698 4.2168, 1.9075 0.8621 4.2583, 1.6909 0.8621 4.2583, 1.9075 0.7402 4.2736, 1.6909 0.7402 4.2736
            ]
        }
        coordIndex [
            0,1,2,-1,2,1,3,-1,2,3,4,-1,3,5,4,-1,4,5,6,-1,4,6,7,-1,8,9,10,-1,8,10,11,-1,11,10,12,-1,11,12,13,-1,14,15,16,-1,17,18,19,-1,20,14,19,-1,19,14,16,-1,19,16,17,-1,21,22,23,-1,23,8,11,-1,21,23,24,-1,24,23,11,-1,24,11,13,-1,25,26,27,-1,28,29,30,-1,31,25,30,-1,30,25,27,-1,30,27,28,-1,32,33,34,-1,35,36,37,-1,38,32,37,-1,37,32,34,-1,37,34,35,-1,38,39,40,-1,38,40,32,-1,32,40,41,-1,32,41,33,-1,42,43,44,-1,44,41,40,-1,42,44,45,-1,45,44,40,-1,45,40,39,-1,34,33,41,-1,34,41,35,-1,35,41,44,-1,35,44,46,-1,46,44,43,-1,46,43,47,-1,48,20,49,-1,49,20,19,-1,49,19,50,-1,50,19,18,-1,50,18,51,-1,18,52,51,-1,51,52,53,-1,51,53,54,-1,55,56,57,-1,55,57,58,-1,58,57,59,-1,58,59,60,-1,60,59,61,-1,60,61,62,-1,62,61,63,-1,62,63,64,-1,64,63,65,-1,64,65,66,-1,66,65,67,-1,66,67,68,-1,68,67,69,-1,68,69,70,-1,
        ]
    }
}
Shape{
    appearance Appearance {
        material  Material 	{
            diffuseColor 0.8509803921568627 0.8509803921568627 0.8509803921568627
            specularColor 0.4235294117647059 0.4235294117647059 0.4235294117647059
            ambientIntensity 0.851
            transparency 0.0
            shininess 0.5
        }
    }
    geometry IndexedFaceSet {
        ccw TRUE
        solid FALSE
        coord DEF co Coordinate {
            point [
                1.6909 0.7402 4.4705, 1.9075 0.7402 4.4705, 1.9075 0.8963 4.4526, 1.6909 0.8963 4.4526, 1.9075 1.0347 4.4043, 1.6909 1.0347 4.4043, 1.9075 1.1714 4.3188, 1.6909 1.1714 4.3188, 1.9075 1.2775 4.2127, 1.6909 1.2775 4.2127, 1.9075 1.3604 4.0815, 1.6909 1.3604 4.0815, 1.9075 1.4055 3.9604, 1.6909 1.4055 3.9604, 1.6909 1.4055 1.5335, 1.6909 1.2323 1.5335, 1.6909 1.2323 1.9685, 1.6909 -0.8228 4.2736, 1.6909 -0.8228 4.4705, 1.6909 0.7402 4.2736, 1.6909 0.8621 4.2583, 1.6909 0.9698 4.2168, 1.6909 1.073 4.144, 1.6909 1.1296 4.0824, 1.6909 1.1906 3.9797, 1.6909 1.2246 3.8683, 1.6909 1.2323 3.7815, 1.6909 -1.1555 4.2736, 1.6909 -3.0512 4.2736, 1.6909 -3.0512 4.372, 1.6909 -1.1555 4.4705, 1.6909 -3.0512 4.4705
            ]
        }
        coordIndex [
            0,1,2,-1,0,2,3,-1,3,2,4,-1,3,4,5,-1,5,4,6,-1,5,6,7,-1,7,6,8,-1,7,8,9,-1,9,8,10,-1,9,10,11,-1,11,10,12,-1,11,12,13,-1,14,15,16,-1,14,16,13,-1,17,18,19,-1,19,18,0,-1,19,0,20,-1,20,0,3,-1,20,3,21,-1,21,3,5,-1,21,5,22,-1,22,5,7,-1,22,7,23,-1,23,7,9,-1,23,9,24,-1,24,9,11,-1,24,11,25,-1,25,11,13,-1,25,13,26,-1,26,13,16,-1,27,28,29,-1,17,27,18,-1,18,27,29,-1,18,29,30,-1,30,29,31,-1,
        ]
    }
}
Shape{
    appearance Appearance {
        material  Material 	{
            diffuseColor 0.2235294117647059 0.2235294117647059 0.2235294117647059
            specularColor 0.11372549019607843 0.11372549019607843 0.11372549019607843
            ambientIntensity 0.2235
            transparency 0.0
            shininess 0.5
        }
    }
    geometry IndexedFaceSet {
        ccw TRUE
        solid FALSE
        coord DEF co Coordinate {
            point [
                1.6909 1.4055 1.1398, 1.6909 1.4055 0.5492, 1.6909 1.3189 0.5492, 1.6909 1.3189 1.1398, 1.6909 1.2323 0.5492, 1.6909 1.2323 1.1398
            ]
        }
        coordIndex [
            0,1,2,-1,0,2,3,-1,3,2,4,-1,3,4,5,-1,
        ]
    }
}
Shape{
    appearance Appearance {
        material  Material 	{
            diffuseColor 0.8509803921568627 0.8509803921568627 0.8509803921568627
            specularColor 0.4235294117647059 0.4235294117647059 0.4235294117647059
            ambientIntensity 0.851
            transparency 0.0
            shininess 0.5
        }
    }
    geometry IndexedFaceSet {
        ccw TRUE
        solid FALSE
        coord DEF co Coordinate {
            point [
                2.5925 0.7402 4.4705, 2.8091 0.7402 4.4705, 2.8091 0.8963 4.4526, 2.5925 0.8963 4.4526, 2.8091 1.0347 4.4043, 2.5925 1.0347 4.4043, 2.8091 1.1714 4.3188, 2.5925 1.1714 4.3188, 2.8091 1.2775 4.2127, 2.5925 1.2775 4.2127, 2.8091 1.3604 4.0815, 2.5925 1.3604 4.0815, 2.8091 1.4055 3.9604, 2.5925 1.4055 3.9604
            ]
        }
        coordIndex [
            0,1,2,-1,0,2,3,-1,3,2,4,-1,3,4,5,-1,5,4,6,-1,5,6,7,-1,7,6,8,-1,7,8,9,-1,9,8,10,-1,9,10,11,-1,11,10,12,-1,11,12,13,-1,
        ]
    }
}
Shape{
    appearance Appearance {
        material  Material 	{
            diffuseColor 0.2235294117647059 0.2235294117647059 0.2235294117647059
            specularColor 0.11372549019607843 0.11372549019607843 0.11372549019607843
            ambientIntensity 0.2235
            transparency 0.0
            shininess 0.5
        }
    }
    geometry IndexedFaceSet {
        ccw TRUE
        solid FALSE
        coord DEF co Coordinate {
            point [
                2.5925 1.2323 3.7815, 2.8091 1.2323 3.7815, 2.8091 1.2246 3.8683, 2.5925 1.2246 3.8683, 2.8091 1.1906 3.9797, 2.5925 1.1906 3.9797, 2.8091 1.1296 4.0824, 2.5925 1.1296 4.0824, 2.8091 1.073 4.144, 2.5925 1.073 4.144, 2.8091 0.9698 4.2168, 2.5925 0.9698 4.2168, 2.8091 0.8621 4.2583, 2.5925 0.8621 4.2583, 2.8091 0.7402 4.2736, 2.5925 0.7402 4.2736, 2.8091 1.4055 3.9604, 2.8091 1.4055 1.5335, 2.8091 1.2323 1.9685, 2.8091 1.2323 1.5335, 2.8091 -3.0512 4.2736, 2.8091 -0.8228 4.4705, 2.8091 -3.0512 4.372, 2.8091 -1.1555 4.4705, 2.8091 -3.0512 4.4705, 2.8091 -1.1555 4.2736, 2.8091 -0.8228 4.2736, 2.8091 0.7402 4.4705, 2.8091 0.8963 4.4526, 2.8091 1.0347 4.4043, 2.8091 1.1714 4.3188, 2.8091 1.2775 4.2127, 2.8091 1.3604 4.0815, 2.7894 1.1732 1.1398, 2.7894 1.1732 1.5335, 2.7894 1.1831 1.1398, 2.7894 1.1831 1.5335, 2.7894 1.1929 1.1398, 2.7894 1.1929 1.5335, 2.7894 1.2028 1.1398, 2.7894 1.2028 1.5335, 2.7894 1.2323 1.5335, 2.7894 1.2323 1.1398, 2.8091 1.4055 0.5492, 2.8091 1.4055 1.1398, 2.8091 1.3189 1.1398, 2.8091 1.3189 0.5492, 2.8091 1.2323 1.1398, 2.8091 1.2323 0.5492, 2.7894 1.1732 0.5492, 2.7894 1.1831 0.5492, 2.7894 1.1732 0.1555, 2.7894 1.1929 0.5492, 2.7894 1.2028 0.1555, 2.7894 1.2028 0.5492, 2.7894 1.2323 0.5492, 2.7894 1.2323 0.1555, 2.7008 1.1732 0.1555, 2.6122 1.2323 0.1555, 2.6122 1.2028 0.1555, 2.6122 1.1732 0.1555
            ]
        }
        coordIndex [
            0,1,2,-1,0,2,3,-1,3,2,4,-1,3,4,5,-1,5,4,6,-1,5,6,7,-1,7,6,8,-1,7,8,9,-1,9,8,10,-1,9,10,11,-1,11,10,12,-1,11,12,13,-1,13,12,14,-1,13,14,15,-1,16,1,17,-1,17,1,18,-1,17,18,19,-1,20,21,22,-1,22,21,23,-1,22,23,24,-1,20,25,21,-1,21,25,26,-1,21,26,27,-1,27,26,14,-1,27,14,28,-1,28,14,12,-1,28,12,29,-1,29,12,10,-1,29,10,30,-1,30,10,8,-1,30,8,31,-1,31,8,6,-1,31,6,32,-1,32,6,4,-1,32,4,16,-1,16,4,2,-1,16,2,1,-1,33,34,35,-1,35,34,36,-1,35,36,37,-1,37,36,38,-1,37,38,39,-1,38,40,39,-1,39,40,41,-1,39,41,42,-1,43,44,45,-1,43,45,46,-1,46,45,47,-1,46,47,48,-1,49,50,51,-1,51,50,52,-1,51,52,53,-1,52,54,53,-1,53,54,55,-1,53,55,56,-1,57,51,53,-1,56,58,59,-1,56,59,53,-1,53,59,60,-1,53,60,57,-1,
        ]
    }
}
Shape{
    appearance Appearance {
        material  Material 	{
            diffuseColor 0.8509803921568627 0.8509803921568627 0.8509803921568627
            specularColor 0.4235294117647059 0.4235294117647059 0.4235294117647059
            ambientIntensity 0.851
            transparency 0.0
            shininess 0.5
        }
    }
    geometry IndexedFaceSet {
        ccw TRUE
        solid FALSE
        coord DEF co Coordinate {
            point [
                1.9075 1.2087 -0.4961, 1.9075 1.2087 -1.124, 1.9075 1.3071 -1.124, 1.9075 1.3071 0.25, 1.9075 1.2323 0.25, 1.9075 1.2323 0.1319, 1.9075 1.2087 0.1319, 1.9075 1.4055 -1.124, 1.9075 1.4055 0.25, 1.6909 1.4055 -1.124, 1.6909 1.3071 -1.124, 1.6909 1.2087 -1.124, 1.6909 1.2323 0.1319, 1.6909 1.2323 0.25, 1.6909 1.3071 0.25, 1.6909 1.2087 0.1319, 1.6909 1.2087 -0.4961, 1.6909 1.4055 0.25, -1.6929 1.3071 0.25, -1.6929 1.2323 0.25, -1.6929 1.2323 0.1319, -1.6929 1.2087 0.1319, -1.6929 1.2087 -1.124, -1.6929 1.3071 -1.124, -1.6929 1.4055 -1.124, -1.6929 1.4055 0.25, -1.8012 1.4055 -1.124, -1.9094 1.4055 -1.124, -1.8012 1.2087 -1.124, -1.9094 1.3071 -1.124, -1.9094 1.2087 -1.124, -1.9094 1.2323 0.1319, -1.9094 1.2323 0.25, -1.9094 1.3071 0.25, -1.9094 1.2087 0.1319, -1.9094 1.4055 0.25, -2.5945 1.3071 0.25, -2.5945 1.2323 0.25, -2.5945 1.2323 0.1319, -2.5945 1.2087 0.1319, -2.5945 1.2087 -1.124, -2.5945 1.3071 -1.124, -2.5945 1.4055 -1.124, -2.5945 1.4055 0.25, -2.7028 1.4055 -1.124, -2.811 1.4055 -1.124, -2.7028 1.2087 -1.124, -2.811 1.3071 -1.124, -2.811 1.2087 -1.124, -2.811 1.2323 0.1319, -2.811 1.2323 0.25, -2.811 1.3071 0.25, -2.811 1.2087 0.1319, -2.811 1.4055 0.25, 2.8091 1.2087 -0.4961, 2.8091 1.2087 -1.124, 2.8091 1.3071 -1.124, 2.8091 1.3071 0.25, 2.8091 1.2323 0.25, 2.8091 1.2323 0.1319, 2.8091 1.2087 0.1319, 2.8091 1.4055 -1.124, 2.8091 1.4055 0.25, 2.5925 1.4055 -1.124, 2.5925 1.3071 -1.124, 2.5925 1.2087 -1.124, 2.5925 1.2323 0.1319, 2.5925 1.2323 0.25, 2.5925 1.3071 0.25, 2.5925 1.2087 0.1319, 2.5925 1.2087 -0.4961, 2.5925 1.4055 0.25, -0.6363 -0.6745 -1.124, -0.6551 -0.6642 -1.124, -0.6023 -0.5928 -1.124, -0.615 -0.6802 -1.124, -0.6705 -0.6502 -1.124, -0.6829 -0.632 -1.124, -0.6899 -0.6138 -1.124, -0.5118 -0.5905 -1.124, -0.5147 -0.6132 -1.124, -0.5222 -0.6326 -1.124, -0.5352 -0.6513 -1.124, -0.5512 -0.6652 -1.124, -0.57 -0.6751 -1.124, -0.5928 -0.6806 -1.124, -0.5521 -0.5152 -1.124, -0.6026 -0.5856 -1.124, -0.5713 -0.5055 -1.124, -0.5928 -0.5005 -1.124, -0.5362 -0.5287 -1.124, -0.5248 -0.5439 -1.124, -0.5165 -0.5619 -1.124, -0.6929 -0.5905 -1.124, -0.69 -0.5679 -1.124, -0.6825 -0.5485 -1.124, -0.6695 -0.5297 -1.124, -0.6535 -0.5158 -1.124, -0.6347 -0.506 -1.124, -0.6119 -0.5005 -1.124, -0.6928 -0.595 -1.124, -0.5124 -0.5806 -1.124, 0.97 -0.6745 -1.124, 0.9512 -0.6642 -1.124, 1.004 -0.5928 -1.124, 0.9913 -0.6802 -1.124, 0.9358 -0.6502 -1.124, 0.9234 -0.632 -1.124, 0.9164 -0.6138 -1.124, 1.0945 -0.5905 -1.124, 1.0916 -0.6132 -1.124, 1.0841 -0.6326 -1.124, 1.0711 -0.6513 -1.124, 1.0551 -0.6652 -1.124, 1.0363 -0.6751 -1.124, 1.0135 -0.6806 -1.124, 1.0542 -0.5152 -1.124, 1.0037 -0.5856 -1.124, 1.035 -0.5055 -1.124, 1.0135 -0.5005 -1.124, 1.0701 -0.5287 -1.124, 1.0815 -0.5439 -1.124, 1.0898 -0.5619 -1.124, 0.9134 -0.5905 -1.124, 0.9163 -0.5679 -1.124, 0.9238 -0.5485 -1.124, 0.9368 -0.5297 -1.124, 0.9528 -0.5158 -1.124, 0.9716 -0.506 -1.124, 0.9944 -0.5005 -1.124, 0.9135 -0.595 -1.124, 1.0939 -0.5806 -1.124, 1.3716 -1.3753 -1.124, 1.3528 -1.365 -1.124, 1.4056 -1.2936 -1.124, 1.3929 -1.381 -1.124, 1.3374 -1.351 -1.124, 1.325 -1.3328 -1.124, 1.318 -1.3145 -1.124, 1.4961 -1.2913 -1.124, 1.4932 -1.3139 -1.124, 1.4857 -1.3334 -1.124, 1.4726 -1.3521 -1.124, 1.4567 -1.366 -1.124, 1.4379 -1.3759 -1.124, 1.4151 -1.3814 -1.124, 1.4558 -1.216 -1.124, 1.4052 -1.2864 -1.124, 1.4366 -1.2063 -1.124, 1.4151 -1.2013 -1.124, 1.4717 -1.2295 -1.124, 1.4831 -1.2447 -1.124, 1.4914 -1.2627 -1.124, 1.315 -1.2913 -1.124, 1.3178 -1.2687 -1.124, 1.3253 -1.2492 -1.124, 1.3384 -1.2305 -1.124, 1.3544 -1.2166 -1.124, 1.3732 -1.2068 -1.124, 1.3959 -1.2013 -1.124, 1.3151 -1.2958 -1.124, 1.4955 -1.2814 -1.124, -0.2347 -1.3753 -1.124, -0.2535 -1.365 -1.124, -0.2007 -1.2936 -1.124, -0.2134 -1.381 -1.124, -0.2689 -1.351 -1.124, -0.2813 -1.3328 -1.124, -0.2883 -1.3145 -1.124, -0.1102 -1.2913 -1.124, -0.1131 -1.3139 -1.124, -0.1206 -1.3334 -1.124, -0.1337 -1.3521 -1.124, -0.1496 -1.366 -1.124, -0.1684 -1.3759 -1.124, -0.1912 -1.3814 -1.124, -0.1505 -1.216 -1.124, -0.2011 -1.2864 -1.124, -0.1697 -1.2063 -1.124, -0.1912 -1.2013 -1.124, -0.1346 -1.2295 -1.124, -0.1232 -1.2447 -1.124, -0.1149 -1.2627 -1.124, -0.2913 -1.2913 -1.124, -0.2885 -1.2687 -1.124, -0.281 -1.2492 -1.124, -0.2679 -1.2305 -1.124, -0.2519 -1.2166 -1.124, -0.2331 -1.2068 -1.124, -0.2104 -1.2013 -1.124, -0.2912 -1.2958 -1.124, -0.1108 -1.2814 -1.124, 0.5684 -1.3753 -1.124, 0.5497 -1.365 -1.124, 0.6024 -1.2936 -1.124, 0.5897 -1.381 -1.124, 0.5342 -1.351 -1.124, 0.5218 -1.3328 -1.124, 0.5148 -1.3145 -1.124, 0.6929 -1.2913 -1.124, 0.69 -1.3139 -1.124, 0.6825 -1.3334 -1.124, 0.6695 -1.3521 -1.124, 0.6536 -1.366 -1.124, 0.6348 -1.3759 -1.124, 0.612 -1.3814 -1.124, 0.6526 -1.216 -1.124, 0.6021 -1.2864 -1.124, 0.6334 -1.2063 -1.124, 0.6119 -1.2013 -1.124, 0.6685 -1.2295 -1.124, 0.68 -1.2447 -1.124, 0.6883 -1.2627 -1.124, 0.5118 -1.2913 -1.124, 0.5147 -1.2687 -1.124, 0.5222 -1.2492 -1.124, 0.5353 -1.2305 -1.124, 0.5512 -1.2166 -1.124, 0.57 -1.2068 -1.124, 0.5928 -1.2013 -1.124, 0.5119 -1.2958 -1.124, 0.6924 -1.2814 -1.124, -1.0379 -1.3753 -1.124, -1.0566 -1.365 -1.124, -1.0039 -1.2936 -1.124, -1.0166 -1.381 -1.124, -1.0721 -1.351 -1.124, -1.0845 -1.3328 -1.124, -1.0915 -1.3145 -1.124, -0.9134 -1.2913 -1.124, -0.9163 -1.3139 -1.124, -0.9238 -1.3334 -1.124, -0.9368 -1.3521 -1.124, -0.9527 -1.366 -1.124, -0.9715 -1.3759 -1.124, -0.9943 -1.3814 -1.124, -0.9537 -1.216 -1.124, -1.0042 -1.2864 -1.124, -0.9729 -1.2063 -1.124, -0.9944 -1.2013 -1.124, -0.9378 -1.2295 -1.124, -0.9263 -1.2447 -1.124, -0.918 -1.2627 -1.124, -1.0945 -1.2913 -1.124, -1.0916 -1.2687 -1.124, -1.0841 -1.2492 -1.124, -1.071 -1.2305 -1.124, -1.0551 -1.2166 -1.124, -1.0363 -1.2068 -1.124, -1.0135 -1.2013 -1.124, -1.0944 -1.2958 -1.124, -0.9139 -1.2814 -1.124, 0.1668 -0.6745 -1.124, 0.1481 -0.6642 -1.124, 0.2008 -0.5928 -1.124, 0.1881 -0.6802 -1.124, 0.1327 -0.6502 -1.124, 0.1203 -0.632 -1.124, 0.1133 -0.6138 -1.124, 0.2913 -0.5905 -1.124, 0.2885 -0.6132 -1.124, 0.281 -0.6326 -1.124, 0.2679 -0.6513 -1.124, 0.252 -0.6652 -1.124, 0.2332 -0.6751 -1.124, 0.2104 -0.6806 -1.124, 0.251 -0.5152 -1.124, 0.2005 -0.5856 -1.124, 0.2319 -0.5055 -1.124, 0.2104 -0.5005 -1.124, 0.267 -0.5287 -1.124, 0.2784 -0.5439 -1.124, 0.2867 -0.5619 -1.124, 0.1102 -0.5905 -1.124, 0.1131 -0.5679 -1.124, 0.1206 -0.5485 -1.124, 0.1337 -0.5297 -1.124, 0.1496 -0.5158 -1.124, 0.1684 -0.506 -1.124, 0.1912 -0.5005 -1.124, 0.1103 -0.595 -1.124, 0.2908 -0.5806 -1.124, -1.4395 -0.6745 -1.124, -1.4582 -0.6642 -1.124, -1.4055 -0.5928 -1.124, -1.4182 -0.6802 -1.124, -1.4736 -0.6502 -1.124, -1.486 -0.632 -1.124, -1.493 -0.6138 -1.124, -1.315 -0.5905 -1.124, -1.3178 -0.6132 -1.124, -1.3253 -0.6326 -1.124, -1.3384 -0.6513 -1.124, -1.3543 -0.6652 -1.124, -1.3731 -0.6751 -1.124, -1.3959 -0.6806 -1.124, -1.3553 -0.5152 -1.124, -1.4058 -0.5856 -1.124, -1.3744 -0.5055 -1.124, -1.3959 -0.5005 -1.124, -1.3393 -0.5287 -1.124, -1.3279 -0.5439 -1.124, -1.3196 -0.5619 -1.124, -1.4961 -0.5905 -1.124, -1.4932 -0.5679 -1.124, -1.4857 -0.5485 -1.124, -1.4726 -0.5297 -1.124, -1.4567 -0.5158 -1.124, -1.4379 -0.506 -1.124, -1.4151 -0.5005 -1.124, -1.496 -0.595 -1.124, -1.3155 -0.5806 -1.124
            ]
        }
        coordIndex [
            0,1,2,-1,3,4,5,-1,6,0,5,-1,5,0,2,-1,5,2,3,-1,3,2,7,-1,3,7,8,-1,9,7,2,-1,9,2,10,-1,10,2,1,-1,10,1,11,-1,12,13,14,-1,15,12,16,-1,16,12,10,-1,16,10,11,-1,12,14,10,-1,10,14,17,-1,10,17,9,-1,18,19,20,-1,21,22,20,-1,20,22,23,-1,20,23,18,-1,18,23,24,-1,18,24,25,-1,26,24,23,-1,26,23,27,-1,23,22,28,-1,27,23,29,-1,29,23,28,-1,29,28,30,-1,31,32,33,-1,30,34,29,-1,29,34,31,-1,31,33,29,-1,29,33,35,-1,29,35,27,-1,36,37,38,-1,39,40,38,-1,38,40,41,-1,38,41,36,-1,36,41,42,-1,36,42,43,-1,44,42,41,-1,44,41,45,-1,41,40,46,-1,45,41,47,-1,47,41,46,-1,47,46,48,-1,49,50,51,-1,48,52,47,-1,47,52,49,-1,49,51,47,-1,47,51,53,-1,47,53,45,-1,54,55,56,-1,57,58,59,-1,60,54,59,-1,59,54,56,-1,59,56,57,-1,57,56,61,-1,57,61,62,-1,63,61,56,-1,63,56,64,-1,64,56,55,-1,64,55,65,-1,66,67,68,-1,69,66,70,-1,70,66,64,-1,70,64,65,-1,66,68,64,-1,64,68,71,-1,64,71,63,-1,72,73,74,-1,72,74,75,-1,73,76,74,-1,74,76,77,-1,74,77,78,-1,74,79,80,-1,80,81,74,-1,74,81,82,-1,74,82,83,-1,83,84,74,-1,74,84,85,-1,74,85,75,-1,86,87,88,-1,88,87,89,-1,86,90,87,-1,87,90,91,-1,87,91,92,-1,87,93,94,-1,94,95,87,-1,87,95,96,-1,87,96,97,-1,97,98,87,-1,87,98,99,-1,87,99,89,-1,78,100,74,-1,74,100,93,-1,74,93,79,-1,79,93,87,-1,79,87,101,-1,101,87,92,-1,102,103,104,-1,102,104,105,-1,103,106,104,-1,104,106,107,-1,104,107,108,-1,104,109,110,-1,110,111,104,-1,104,111,112,-1,104,112,113,-1,113,114,104,-1,104,114,115,-1,104,115,105,-1,116,117,118,-1,118,117,119,-1,116,120,117,-1,117,120,121,-1,117,121,122,-1,117,123,124,-1,124,125,117,-1,117,125,126,-1,117,126,127,-1,127,128,117,-1,117,128,129,-1,117,129,119,-1,108,130,104,-1,104,130,123,-1,104,123,109,-1,109,123,117,-1,109,117,131,-1,131,117,122,-1,132,133,134,-1,132,134,135,-1,133,136,134,-1,134,136,137,-1,134,137,138,-1,134,139,140,-1,140,141,134,-1,134,141,142,-1,134,142,143,-1,143,144,134,-1,134,144,145,-1,134,145,135,-1,146,147,148,-1,148,147,149,-1,146,150,147,-1,147,150,151,-1,147,151,152,-1,147,153,154,-1,154,155,147,-1,147,155,156,-1,147,156,157,-1,157,158,147,-1,147,158,159,-1,147,159,149,-1,138,160,134,-1,134,160,153,-1,134,153,139,-1,139,153,147,-1,139,147,161,-1,161,147,152,-1,162,163,164,-1,162,164,165,-1,163,166,164,-1,164,166,167,-1,164,167,168,-1,164,169,170,-1,170,171,164,-1,164,171,172,-1,164,172,173,-1,173,174,164,-1,164,174,175,-1,164,175,165,-1,176,177,178,-1,178,177,179,-1,176,180,177,-1,177,180,181,-1,177,181,182,-1,177,183,184,-1,184,185,177,-1,177,185,186,-1,177,186,187,-1,187,188,177,-1,177,188,189,-1,177,189,179,-1,168,190,164,-1,164,190,183,-1,164,183,169,-1,169,183,177,-1,169,177,191,-1,191,177,182,-1,192,193,194,-1,192,194,195,-1,193,196,194,-1,194,196,197,-1,194,197,198,-1,194,199,200,-1,200,201,194,-1,194,201,202,-1,194,202,203,-1,203,204,194,-1,194,204,205,-1,194,205,195,-1,206,207,208,-1,208,207,209,-1,206,210,207,-1,207,210,211,-1,207,211,212,-1,207,213,214,-1,214,215,207,-1,207,215,216,-1,207,216,217,-1,217,218,207,-1,207,218,219,-1,207,219,209,-1,198,220,194,-1,194,220,213,-1,194,213,199,-1,199,213,207,-1,199,207,221,-1,221,207,212,-1,222,223,224,-1,222,224,225,-1,223,226,224,-1,224,226,227,-1,224,227,228,-1,224,229,230,-1,230,231,224,-1,224,231,232,-1,224,232,233,-1,233,234,224,-1,224,234,235,-1,224,235,225,-1,236,237,238,-1,238,237,239,-1,236,240,237,-1,237,240,241,-1,237,241,242,-1,237,243,244,-1,244,245,237,-1,237,245,246,-1,237,246,247,-1,247,248,237,-1,237,248,249,-1,237,249,239,-1,228,250,224,-1,224,250,243,-1,224,243,229,-1,229,243,237,-1,229,237,251,-1,251,237,242,-1,252,253,254,-1,252,254,255,-1,253,256,254,-1,254,256,257,-1,254,257,258,-1,254,259,260,-1,260,261,254,-1,254,261,262,-1,254,262,263,-1,263,264,254,-1,254,264,265,-1,254,265,255,-1,266,267,268,-1,268,267,269,-1,266,270,267,-1,267,270,271,-1,267,271,272,-1,267,273,274,-1,274,275,267,-1,267,275,276,-1,267,276,277,-1,277,278,267,-1,267,278,279,-1,267,279,269,-1,258,280,254,-1,254,280,273,-1,254,273,259,-1,259,273,267,-1,259,267,281,-1,281,267,272,-1,282,283,284,-1,282,284,285,-1,283,286,284,-1,284,286,287,-1,284,287,288,-1,284,289,290,-1,290,291,284,-1,284,291,292,-1,284,292,293,-1,293,294,284,-1,284,294,295,-1,284,295,285,-1,296,297,298,-1,298,297,299,-1,296,300,297,-1,297,300,301,-1,297,301,302,-1,297,303,304,-1,304,305,297,-1,297,305,306,-1,297,306,307,-1,307,308,297,-1,297,308,309,-1,297,309,299,-1,288,310,284,-1,284,310,303,-1,284,303,289,-1,289,303,297,-1,289,297,311,-1,311,297,302,-1,
        ]
    }
}
Shape{
    appearance Appearance {
        material  Material 	{
            diffuseColor 0.2235294117647059 0.2235294117647059 0.2235294117647059
            specularColor 0.11372549019607843 0.11372549019607843 0.11372549019607843
            ambientIntensity 0.2235
            transparency 0.0
            shininess 0.5
        }
    }
    geometry IndexedFaceSet {
        ccw TRUE
        solid FALSE
        coord DEF co Coordinate {
            point [
                2.5876 1.2323 0.25, 2.5827 1.2323 0.25, 2.5827 1.4262 0.25, 2.5827 1.4274 0.25, 2.5827 1.6201 0.25, 2.6122 1.5906 0.25, 2.6122 1.498 0.25, 2.6122 1.4274 0.25, 2.6122 1.4055 0.25, 2.5925 1.2323 0.25, 2.5925 1.3071 0.25, 2.5925 1.4055 0.25, 1.9124 1.2323 0.25, 1.9075 1.2323 0.25, 1.9075 1.3071 0.25, 1.9075 1.4055 0.25, 1.9173 1.4262 0.25, 1.9173 1.2323 0.25, 1.8878 1.4055 0.25, 1.8878 1.4274 0.25, 1.9173 1.4274 0.25, 1.8878 1.498 0.25, 1.9173 1.6201 0.25, 1.8878 1.5906 0.25, 0.0 -0.0827 0.7933, -1.5236 -0.0827 0.7933, -1.5236 0.6949 0.7933, 0.315 1.0903 0.7933, -0.315 1.0903 0.7933, -0.315 1.1608 0.7933, -1.5236 1.4724 0.7933, 0.0 1.4724 0.7933, -0.3551 1.1447 0.7933, -0.3937 1.1339 0.7933, -1.5236 0.7933 0.7933, -0.3937 0.8904 0.7933, 0.3937 0.8904 0.7933, 0.315 1.1608 0.7933, 0.3549 1.1448 0.7933, 1.5236 1.4724 0.7933, 0.3937 1.1339 0.7933, 1.5236 0.7933 0.7933, 1.5236 0.6949 0.7933, 1.5236 -0.0827 0.7933, 1.5236 1.6693 0.9902, 0.0 1.6693 0.9902, -1.5236 1.6693 0.9902, 2.9843 1.6693 2.561, 3.0925 1.6693 2.561, 3.0925 0.8524 2.561, 3.0925 0.0354 2.561, 3.0384 0.0354 2.561, 2.9843 0.8524 2.561, 2.9843 0.0354 2.561, 2.7894 1.4055 0.25, 2.7894 1.4055 0.5492, 2.7894 1.4078 0.5492, 2.7894 1.4274 0.25, 2.7894 1.498 0.5492, 2.7894 1.498 0.25, 2.7894 1.5906 0.5492, 2.7894 1.5906 0.25, 2.8091 1.3071 0.25, 2.8091 1.4055 0.25, 2.8189 1.4262 0.25, 2.8091 1.2323 0.25, 2.814 1.2323 0.25, 2.8189 1.2323 0.25, 2.8189 1.6201 0.25, 2.8189 1.4274 0.25, 2.8189 1.4078 1.5335, 2.8091 1.4055 1.5335, 2.8091 1.2323 1.5335, 2.7894 1.2323 1.5335, 2.7894 1.2028 1.5335, 2.8189 1.1929 1.5335, 2.7894 1.1929 1.5335, 2.8189 1.6201 1.5335, 2.7894 1.5906 1.5335, 2.7894 1.4055 1.5335, 2.7894 1.4078 1.5335, 2.7894 1.498 1.5335, 2.7894 1.4055 1.4182, 2.7894 1.4055 1.1398, 2.7894 1.4078 1.1398, 2.7894 1.498 1.1398, 2.7894 1.5906 1.1398, 2.8091 1.4055 1.1398, 2.8189 1.6201 1.1398, 2.8189 1.4078 1.1398, 2.7894 1.2028 1.1398, 2.7894 1.2323 1.1398, 2.8091 1.2323 1.1398, 2.8189 1.1929 1.1398, 2.7894 1.1929 1.1398, 2.8091 1.3189 1.1398, 2.8189 1.4065 1.1398, 2.8189 1.6201 0.5492, 2.8189 1.4078 0.5492, 2.8189 1.4065 0.5492, 2.8189 1.1929 0.5492, 2.7894 1.2028 0.5492, 2.7894 1.1929 0.5492, 2.7894 1.2323 0.5492, 2.8091 1.2323 0.5492, 2.8091 1.3189 0.5492, 2.8091 1.4055 0.5492, -2.8189 0.7992 4.0571, -2.4665 0.7992 4.0571, -2.4665 0.8966 4.0449, -2.8189 0.8966 4.0449, -2.4665 0.9827 4.0117, -2.8189 0.9827 4.0117, -2.4665 1.0653 3.9535, -2.8189 1.0653 3.9535, -2.8189 1.0738 3.9443, -2.4665 1.0984 3.9175, -2.8189 1.1112 3.9035, -2.4665 1.1112 3.9035, -2.4665 1.1598 3.8214, -2.8189 1.1598 3.8214, -2.4665 1.1869 3.7322, -2.8189 1.1869 3.7322, -2.4665 1.1929 3.6634, -2.8189 1.1929 3.6634, -2.8189 0.6634 4.0571, -2.4665 0.6634 4.0571, -2.8189 0.5276 4.0571, -2.4665 0.5276 4.0571, -2.4665 1.0984 4.0965, -2.4665 0.5276 4.0965, -2.4665 1.4311 3.5059, -2.4665 1.1929 3.5059, -2.4665 1.6693 4.0965, -2.4665 1.6693 3.5059, -2.189 0.5276 4.0965, -2.0335 0.5276 4.0965, -2.0335 1.0984 4.0965, -2.25 1.6693 4.0965, -2.0335 1.6693 4.0965, -2.25 1.1929 3.5059, -2.25 1.6693 3.5059, -2.0335 1.6693 3.5059, -2.0335 1.4311 3.5059, -2.0335 1.1929 3.5059, -1.6811 1.1929 3.6634, -2.0335 1.1929 3.6634, -1.6811 1.1922 3.6874, -2.0335 1.1869 3.7322, -2.0335 1.1598 3.8214, -1.6512 1.1728 3.7877, -1.6679 1.1836 3.7316, -1.6018 1.065 3.9531, -1.6027 1.069 3.9501, -2.0335 1.0653 3.9535, -1.6134 1.0984 3.9144, -2.0335 1.0984 3.9175, -1.6172 1.1089 3.9017, -2.0335 1.1112 3.9035, -1.6256 1.1322 3.8734, -1.6415 1.1574 3.8202, -1.5854 0.9894 4.0081, -2.0335 0.9827 4.0117, -1.5846 0.9824 4.0109, -1.5749 0.9027 4.0432, -2.0335 0.8966 4.0449, -1.5746 0.8965 4.0442, -1.5709 0.8142 4.0568, -2.0335 0.7992 4.0571, -1.5708 0.7992 4.0571, -2.0335 0.6634 4.0571, -1.5708 0.6634 4.0571, -2.0335 0.5276 4.0571, -1.5708 0.5276 4.0571, -1.7106 1.4055 0.25, -1.7106 1.4055 0.5492, -1.7106 1.4078 0.5492, -1.7106 1.4274 0.25, -1.7106 1.498 0.5492, -1.7106 1.498 0.25, -1.7106 1.5906 0.5492, -1.7106 1.5906 0.25, -1.6929 1.3071 0.25, -1.6929 1.4055 0.25, -1.6811 1.4262 0.25, -1.6929 1.2323 0.25, -1.687 1.2323 0.25, -1.6811 1.2323 0.25, -1.6811 1.4274 0.25, -1.6811 1.6201 0.25, -1.5591 1.0984 4.0965, -1.5591 0.5276 4.0965, -1.6811 1.6201 3.6874, -1.6811 1.4049 3.6874, -1.6319 1.6693 3.8523, -1.5591 1.6693 4.0965, -1.6811 1.4049 1.5335, -1.6811 1.1929 1.5335, -1.6811 1.6201 2.0033, -1.6811 1.4078 1.5335, -1.6811 1.6201 1.5335, -1.6929 1.2323 1.5335, -1.7106 1.2323 1.5335, -1.7106 1.2028 1.5335, -1.6929 1.4055 1.5335, -1.7106 1.1929 1.5335, -1.7106 1.5906 1.5335, -1.7106 1.4055 1.5335, -1.7106 1.4078 1.5335, -1.7106 1.498 1.5335, -1.7106 1.5906 1.1398, -1.7106 1.498 1.1398, -1.7106 1.4055 1.1398, -1.7106 1.4078 1.1398, -1.6929 1.4055 1.1398, -1.6811 1.6201 1.1398, -1.6811 1.4078 1.1398, -1.7106 1.2028 1.1398, -1.7106 1.2323 1.1398, -1.6929 1.2323 1.1398, -1.6811 1.1929 1.1398, -1.7106 1.1929 1.1398, -1.6929 1.3189 1.1398, -1.6811 1.4065 1.1398, -1.6811 1.6201 0.5492, -1.6811 1.4078 0.5492, -1.6811 1.4065 0.5492, -1.6811 1.1929 0.5492, -1.7106 1.2028 0.5492, -1.7106 1.1929 0.5492, -1.7106 1.2323 0.5492, -1.6929 1.2323 0.5492, -1.6929 1.3189 0.5492, -1.6929 1.4055 0.5492
            ]
        }
        coordIndex [
            0,1,2,-1,3,4,5,-1,5,6,3,-1,3,6,7,-1,3,7,2,-1,2,7,8,-1,9,0,10,-1,10,0,2,-1,10,2,11,-1,11,2,8,-1,12,13,14,-1,15,16,14,-1,14,16,17,-1,14,17,12,-1,15,18,16,-1,16,18,19,-1,16,19,20,-1,20,19,21,-1,20,21,22,-1,22,21,23,-1,24,25,26,-1,27,28,29,-1,30,31,29,-1,29,32,30,-1,30,32,33,-1,30,33,34,-1,34,33,35,-1,34,35,26,-1,26,35,36,-1,27,29,37,-1,37,29,31,-1,37,31,38,-1,38,31,39,-1,38,39,40,-1,40,39,41,-1,40,41,36,-1,36,41,42,-1,36,42,26,-1,26,42,43,-1,26,43,24,-1,44,39,31,-1,44,31,45,-1,45,31,30,-1,45,30,46,-1,47,48,49,-1,49,50,51,-1,47,49,52,-1,52,49,51,-1,52,51,53,-1,54,55,56,-1,54,56,57,-1,57,56,58,-1,57,58,59,-1,59,58,60,-1,59,60,61,-1,62,63,64,-1,65,62,66,-1,66,62,64,-1,66,64,67,-1,61,68,59,-1,59,68,69,-1,59,69,57,-1,57,69,64,-1,57,64,54,-1,54,64,63,-1,70,71,72,-1,72,73,74,-1,70,72,75,-1,75,72,74,-1,75,74,76,-1,70,77,78,-1,79,71,80,-1,80,71,70,-1,80,70,81,-1,81,70,78,-1,82,79,80,-1,83,82,84,-1,84,82,80,-1,84,80,85,-1,80,81,85,-1,85,81,78,-1,85,78,86,-1,87,83,84,-1,86,88,85,-1,85,88,89,-1,90,91,92,-1,93,94,90,-1,90,92,93,-1,93,92,95,-1,93,95,96,-1,96,95,87,-1,96,87,89,-1,89,87,84,-1,89,84,85,-1,88,97,89,-1,89,97,98,-1,89,98,96,-1,98,99,96,-1,96,99,100,-1,96,100,93,-1,101,102,100,-1,103,101,104,-1,104,101,100,-1,104,100,105,-1,105,100,99,-1,105,99,106,-1,106,99,98,-1,98,97,60,-1,55,106,56,-1,56,106,98,-1,56,98,58,-1,58,98,60,-1,107,108,109,-1,107,109,110,-1,110,109,111,-1,110,111,112,-1,112,111,113,-1,112,113,114,-1,114,113,115,-1,115,113,116,-1,115,116,117,-1,116,118,117,-1,117,118,119,-1,117,119,120,-1,120,119,121,-1,120,121,122,-1,122,121,123,-1,122,123,124,-1,108,107,125,-1,108,125,126,-1,126,125,127,-1,126,127,128,-1,113,111,129,-1,111,109,129,-1,129,109,108,-1,129,108,130,-1,130,108,126,-1,130,126,128,-1,131,132,123,-1,121,133,123,-1,123,133,134,-1,123,134,131,-1,121,119,133,-1,133,119,118,-1,133,118,129,-1,129,118,116,-1,129,116,113,-1,135,136,137,-1,138,133,129,-1,130,135,129,-1,129,135,137,-1,129,137,138,-1,138,137,139,-1,140,132,131,-1,141,142,143,-1,131,134,141,-1,141,143,131,-1,131,143,144,-1,131,144,140,-1,145,146,147,-1,147,146,148,-1,149,150,148,-1,148,150,151,-1,148,151,147,-1,152,153,154,-1,154,153,155,-1,154,155,156,-1,156,155,157,-1,156,157,158,-1,158,157,159,-1,158,159,149,-1,149,159,160,-1,149,160,150,-1,152,154,161,-1,161,154,162,-1,161,162,163,-1,163,162,164,-1,164,162,165,-1,164,165,166,-1,166,165,167,-1,167,165,168,-1,167,168,169,-1,169,168,170,-1,169,170,171,-1,171,170,172,-1,171,172,173,-1,174,175,176,-1,174,176,177,-1,177,176,178,-1,177,178,179,-1,179,178,180,-1,179,180,181,-1,182,183,184,-1,185,182,186,-1,186,182,184,-1,186,184,187,-1,183,174,184,-1,184,174,177,-1,184,177,188,-1,188,177,179,-1,188,179,189,-1,189,179,181,-1,161,190,152,-1,152,190,153,-1,161,163,190,-1,190,163,164,-1,190,164,166,-1,166,167,190,-1,190,167,169,-1,190,169,191,-1,191,169,171,-1,191,171,173,-1,192,193,194,-1,194,193,147,-1,194,147,151,-1,151,150,194,-1,194,150,160,-1,194,160,195,-1,160,159,195,-1,195,159,157,-1,195,157,190,-1,190,157,155,-1,190,155,153,-1,196,197,193,-1,193,197,145,-1,193,145,147,-1,193,192,196,-1,196,192,198,-1,196,198,199,-1,199,198,200,-1,201,202,203,-1,199,204,196,-1,196,204,201,-1,196,201,197,-1,197,201,203,-1,197,203,205,-1,199,200,206,-1,207,204,208,-1,208,204,199,-1,208,199,209,-1,209,199,206,-1,206,210,211,-1,212,207,213,-1,213,207,208,-1,213,208,211,-1,211,208,209,-1,211,209,206,-1,214,212,213,-1,210,215,211,-1,211,215,216,-1,217,218,219,-1,220,221,217,-1,217,219,220,-1,220,219,222,-1,220,222,223,-1,223,222,214,-1,223,214,216,-1,216,214,213,-1,216,213,211,-1,215,224,216,-1,216,224,225,-1,216,225,223,-1,225,226,223,-1,223,226,227,-1,223,227,220,-1,228,229,227,-1,230,228,231,-1,231,228,227,-1,231,227,232,-1,232,227,226,-1,232,226,233,-1,233,226,225,-1,225,224,180,-1,175,233,176,-1,176,233,225,-1,176,225,178,-1,178,225,180,-1,
        ]
    }
}
Shape{
    appearance Appearance {
        material  Material 	{
            diffuseColor 0.8509803921568627 0.8509803921568627 0.8509803921568627
            specularColor 0.4235294117647059 0.4235294117647059 0.4235294117647059
            ambientIntensity 0.851
            transparency 0.0
            shininess 0.5
        }
    }
    geometry IndexedFaceSet {
        ccw TRUE
        solid FALSE
        coord DEF co Coordinate {
            point [
                -1.9094 1.4055 3.9604, -1.9094 1.4055 1.5335, -1.9094 1.2323 1.5335, -1.9094 1.2323 3.7815, -1.9094 1.2246 3.8683, -1.9094 1.3604 4.0815, -1.9094 1.1906 3.9797, -1.9094 1.2775 4.2127, -1.9094 1.1296 4.0824, -1.9094 1.1714 4.3188, -1.9094 1.073 4.144, -1.9094 1.0347 4.4043, -1.9094 0.9698 4.2168, -1.9094 0.8963 4.4526, -1.9094 0.8621 4.2583, -1.9094 0.7402 4.4705, -1.9094 0.7402 4.2736, -1.9094 -0.8228 4.4705, -1.9094 -0.8228 4.2736, -1.9094 -1.1555 4.4705, -1.9094 -1.1555 4.2736, -1.9094 -3.0512 4.4705, -1.9094 -3.0512 4.2736
            ]
        }
        coordIndex [
            0,1,2,-1,2,3,0,-1,0,3,4,-1,0,4,5,-1,5,4,6,-1,5,6,7,-1,7,6,8,-1,7,8,9,-1,9,8,10,-1,9,10,11,-1,11,10,12,-1,11,12,13,-1,13,12,14,-1,13,14,15,-1,15,14,16,-1,15,16,17,-1,17,16,18,-1,17,18,19,-1,19,18,20,-1,19,20,21,-1,21,20,22,-1,
        ]
    }
}
Shape{
    appearance Appearance {
        material  Material 	{
            diffuseColor 0.2235294117647059 0.2235294117647059 0.2235294117647059
            specularColor 0.11372549019607843 0.11372549019607843 0.11372549019607843
            ambientIntensity 0.2235
            transparency 0.0
            shininess 0.5
        }
    }
    geometry IndexedFaceSet {
        ccw TRUE
        solid FALSE
        coord DEF co Coordinate {
            point [
                -2.0335 1.1929 3.6634, -1.6811 1.1929 3.6634, -2.0335 1.1929 3.5059, -1.6811 1.1929 1.5335, -2.7894 1.1929 1.5335, -2.8189 1.1929 1.5335, -2.4665 1.1929 3.5059, -2.8189 1.1929 3.6634, -2.4665 1.1929 3.6634, -1.7106 1.1929 1.5335, -1.8878 1.1929 1.5335, -2.25 1.1929 3.5059, -2.25 1.1929 1.5335, -2.6122 1.1929 1.5335, -2.6122 1.2323 1.5335, -2.6122 1.2323 1.1398, -2.6122 1.2028 1.1398, -2.6122 1.1732 1.1398, -2.6122 1.1732 1.5335, -2.6122 1.1831 1.1398, -2.6122 1.1831 1.5335, -2.6122 1.1929 1.1398, -2.6122 1.2028 1.5335, -1.8878 1.2323 1.1398, -1.8878 1.2323 1.5335, -1.8878 1.2028 1.5335, -1.8878 1.1732 1.5335, -1.8878 1.1732 1.1398, -1.8878 1.1831 1.5335, -1.8878 1.1831 1.1398, -1.8878 1.1929 1.1398, -1.8878 1.2028 1.1398, -1.8878 1.5906 1.3366, -1.8878 1.5906 1.5335, -1.8878 1.498 1.5335, -1.8878 1.5906 1.1398, -1.8878 1.498 1.1398, -1.8878 1.4311 1.1398, -1.8878 1.4311 1.5335, -1.8878 1.4055 1.1398, -1.8878 1.4055 1.5335, -1.9665 1.6693 1.5335, -1.9665 1.6693 1.3366, -1.9665 1.6693 1.1398, -2.6122 1.5906 1.5335, -2.5335 1.6693 1.5335, -2.5335 1.6693 1.3366, -2.6122 1.5906 1.3366, -2.5335 1.6693 1.1398, -2.6122 1.5906 1.1398, -2.6122 1.498 1.1398, -2.6122 1.4055 1.1398, -2.6122 1.4055 1.5335, -2.6122 1.4311 1.1398, -2.6122 1.4311 1.5335, -2.6122 1.498 1.5335
            ]
        }
        coordIndex [
            0,1,2,-1,2,1,3,-1,4,5,6,-1,6,5,7,-1,6,7,8,-1,3,9,2,-1,2,9,10,-1,2,10,11,-1,11,10,12,-1,11,12,6,-1,6,12,13,-1,6,13,4,-1,14,15,16,-1,17,18,19,-1,19,18,20,-1,19,20,21,-1,21,20,13,-1,21,13,16,-1,16,13,22,-1,16,22,14,-1,23,24,25,-1,26,27,28,-1,28,27,29,-1,28,29,10,-1,10,29,30,-1,10,30,25,-1,25,30,31,-1,25,31,23,-1,32,33,34,-1,35,32,36,-1,36,32,34,-1,36,34,37,-1,37,34,38,-1,37,38,39,-1,39,38,40,-1,41,33,32,-1,41,32,42,-1,42,32,35,-1,42,35,43,-1,44,45,46,-1,44,46,47,-1,47,46,48,-1,47,48,49,-1,47,49,50,-1,47,50,44,-1,51,52,53,-1,53,52,54,-1,53,54,50,-1,50,54,55,-1,50,55,44,-1,
        ]
    }
}
Shape{
    appearance Appearance {
        material  Material 	{
            diffuseColor 0.8509803921568627 0.8509803921568627 0.8509803921568627
            specularColor 0.4235294117647059 0.4235294117647059 0.4235294117647059
            ambientIntensity 0.851
            transparency 0.0
            shininess 0.5
        }
    }
    geometry IndexedFaceSet {
        ccw TRUE
        solid FALSE
        coord DEF co Coordinate {
            point [
                -2.811 1.4055 -1.124, -2.811 1.4055 0.25, -2.7028 1.4055 -1.124, -2.7894 1.4055 0.25, -2.7894 1.4055 0.5492, -2.811 1.4055 0.5492, -2.811 1.4055 1.1398, -2.7894 1.4055 1.1398, -2.7894 1.4055 1.5335, -2.5945 1.4055 3.9604, -2.5945 1.4055 1.5335, -2.7028 1.4055 3.9604, -2.6122 1.4055 1.5335, -2.811 1.4055 1.5335, -2.811 1.4055 3.9604, -2.6122 1.4055 1.1398, -2.5945 1.4055 0.25, -2.5945 1.4055 -1.124, -2.6122 1.4055 0.25, -2.6122 1.4055 0.5492, -2.5945 1.4055 0.5492, -2.5945 1.4055 1.1398, -1.9094 1.4055 -1.124, -1.9094 1.4055 0.25, -1.8012 1.4055 -1.124, -1.8878 1.4055 0.25, -1.8878 1.4055 0.5492, -1.9094 1.4055 0.5492, -1.9094 1.4055 1.1398, -1.8878 1.4055 1.1398, -1.8878 1.4055 1.5335, -1.6929 1.4055 3.9604, -1.6929 1.4055 1.5335, -1.8012 1.4055 3.9604, -1.7106 1.4055 1.5335, -1.9094 1.4055 1.5335, -1.9094 1.4055 3.9604, -1.7106 1.4055 1.1398, -1.6929 1.4055 0.25, -1.6929 1.4055 -1.124, -1.7106 1.4055 0.25, -1.7106 1.4055 0.5492, -1.6929 1.4055 0.5492, -1.6929 1.4055 1.1398
            ]
        }
        coordIndex [
            0,1,2,-1,2,1,3,-1,2,3,4,-1,5,6,4,-1,4,6,7,-1,4,7,2,-1,2,7,8,-1,9,10,11,-1,11,10,12,-1,13,14,8,-1,8,14,11,-1,8,11,2,-1,2,11,12,-1,2,12,15,-1,16,17,18,-1,18,17,2,-1,18,2,19,-1,19,2,15,-1,19,15,20,-1,20,15,21,-1,22,23,24,-1,24,23,25,-1,24,25,26,-1,27,28,26,-1,26,28,29,-1,26,29,24,-1,24,29,30,-1,31,32,33,-1,33,32,34,-1,35,36,30,-1,30,36,33,-1,30,33,24,-1,24,33,34,-1,24,34,37,-1,38,39,40,-1,40,39,24,-1,40,24,41,-1,41,24,37,-1,41,37,42,-1,42,37,43,-1,
        ]
    }
}
Shape{
    appearance Appearance {
        material  Material 	{
            diffuseColor 0.2235294117647059 0.2235294117647059 0.2235294117647059
            specularColor 0.11372549019607843 0.11372549019607843 0.11372549019607843
            ambientIntensity 0.2235
            transparency 0.0
            shininess 0.5
        }
    }
    geometry IndexedFaceSet {
        ccw TRUE
        solid FALSE
        coord DEF co Coordinate {
            point [
                -1.9094 1.4055 1.1398, -1.9094 1.4055 0.5492, -1.9094 1.3189 0.5492, -1.9094 1.3189 1.1398, -1.9094 1.2323 0.5492, -1.9094 1.2323 1.1398, -1.8878 1.2323 0.5492, -1.8878 1.2323 0.1555, -1.8012 1.2323 0.1555, -1.9094 1.2323 3.7815, -1.9094 1.2323 1.5335, -1.8012 1.2323 3.7815, -1.8878 1.2323 1.5335, -1.8878 1.2323 1.1398, -1.7106 1.2323 0.5492, -1.7106 1.2323 0.1555, -1.6929 1.2323 1.5335, -1.6929 1.2323 3.7815, -1.7106 1.2323 1.5335, -1.7106 1.2323 1.1398, -1.6929 1.2323 1.1398, -1.6929 1.2323 0.5492, -1.8878 1.2028 0.5492, -1.8878 1.2028 0.1555, -1.8878 1.1732 0.5492, -1.8878 1.1732 0.1555, -1.8878 1.1831 0.5492, -1.8878 1.1929 0.5492, -2.8189 1.1929 0.5492, -2.8189 1.1929 1.1398, -2.7894 1.1929 0.5492, -2.7894 1.1929 1.1398, -2.6122 1.1929 0.5492, -2.6122 1.1929 1.1398, -2.25 1.1929 0.5492, -2.25 1.1929 1.1398, -1.8878 1.1929 1.1398, -1.7106 1.1929 0.5492, -1.7106 1.1929 1.1398, -1.6811 1.1929 0.5492, -1.6811 1.1929 1.1398, -2.6122 1.2323 0.5492, -2.6122 1.2323 0.1555, -2.6122 1.2028 0.1555, -2.6122 1.1732 0.5492, -2.6122 1.1831 0.5492, -2.6122 1.1732 0.1555, -2.6122 1.2028 0.5492, -2.7894 1.2323 0.5492, -2.7894 1.2323 0.1555, -2.7028 1.2323 0.1555, -2.7028 1.2323 3.7815, -2.5945 1.2323 1.5335, -2.5945 1.2323 3.7815, -2.6122 1.2323 1.5335, -2.6122 1.2323 1.1398, -2.5945 1.2323 1.1398, -2.5945 1.2323 0.5492, -2.7894 1.2323 1.1398, -2.811 1.2323 1.1398, -2.811 1.2323 0.5492, -2.7894 1.2323 1.5335, -2.811 1.2323 1.5335, -2.811 1.2323 3.7815
            ]
        }
        coordIndex [
            0,1,2,-1,0,2,3,-1,3,2,4,-1,3,4,5,-1,6,7,8,-1,9,10,11,-1,11,10,12,-1,11,12,13,-1,5,4,13,-1,13,4,6,-1,13,6,11,-1,11,6,8,-1,11,8,14,-1,14,8,15,-1,16,17,18,-1,18,17,11,-1,18,11,19,-1,19,11,14,-1,19,14,20,-1,20,14,21,-1,6,22,7,-1,7,22,23,-1,24,25,26,-1,26,25,23,-1,26,23,27,-1,27,23,22,-1,28,29,30,-1,30,29,31,-1,30,31,32,-1,32,31,33,-1,32,33,34,-1,34,33,35,-1,34,35,27,-1,27,35,36,-1,27,36,37,-1,37,36,38,-1,37,38,39,-1,39,38,40,-1,41,42,43,-1,44,45,46,-1,46,45,32,-1,46,32,43,-1,43,32,47,-1,43,47,41,-1,48,49,50,-1,51,50,41,-1,41,50,42,-1,52,53,54,-1,54,53,51,-1,54,51,55,-1,55,51,41,-1,55,41,56,-1,56,41,57,-1,58,59,60,-1,60,48,58,-1,58,48,50,-1,58,50,61,-1,61,50,51,-1,61,51,62,-1,62,51,63,-1,
        ]
    }
}
Shape{
    appearance Appearance {
        material  Material 	{
            diffuseColor 0.8509803921568627 0.8509803921568627 0.8509803921568627
            specularColor 0.4235294117647059 0.4235294117647059 0.4235294117647059
            ambientIntensity 0.851
            transparency 0.0
            shininess 0.5
        }
    }
    geometry IndexedFaceSet {
        ccw TRUE
        solid FALSE
        coord DEF co Coordinate {
            point [
                -2.5945 1.4055 0.5492, -2.5945 1.4055 1.1398, -2.5945 1.3189 1.1398, -2.5945 1.3189 0.5492, -2.5945 1.2323 1.1398, -2.5945 1.2323 0.5492
            ]
        }
        coordIndex [
            0,1,2,-1,0,2,3,-1,3,2,4,-1,3,4,5,-1,
        ]
    }
}
Shape{
    appearance Appearance {
        material  Material 	{
            diffuseColor 0.2235294117647059 0.2235294117647059 0.2235294117647059
            specularColor 0.11372549019607843 0.11372549019607843 0.11372549019607843
            ambientIntensity 0.2235
            transparency 0.0
            shininess 0.5
        }
    }
    geometry IndexedFaceSet {
        ccw TRUE
        solid FALSE
        coord DEF co Coordinate {
            point [
                -1.9173 1.4262 0.25, -1.9094 1.4055 0.25, -1.9094 1.3071 0.25, -1.9094 1.2323 0.25, -1.9134 1.2323 0.25, -1.9173 1.2323 0.25, -1.9173 1.4274 0.25, -1.9173 1.6201 0.25, -1.8878 1.5906 0.25, -1.8878 1.498 0.25, -1.8878 1.4274 0.25, -1.8878 1.4055 0.25, -1.8878 1.5906 0.3406, -1.8878 1.5906 0.5492, -1.8878 1.498 0.5492, -1.8878 1.4055 0.5492, -1.8878 1.4311 0.5492, -2.6122 1.2028 0.5492, -2.6122 1.1929 0.5492, -2.25 1.1929 0.5492, -1.9094 1.4055 0.5492, -1.8878 1.2323 0.5492, -1.9094 1.2323 0.5492, -1.8878 1.2028 0.5492, -1.8878 1.1929 0.5492, -2.6122 1.4311 0.5492, -2.6122 1.4055 0.5492, -2.5945 1.4055 0.5492, -1.9094 1.3189 0.5492, -2.5945 1.3189 0.5492, -2.5945 1.2323 0.5492, -2.6122 1.2323 0.5492, -2.6122 1.498 0.5492, -1.9665 1.6693 0.5492, -2.25 1.6693 0.5492, -2.5335 1.6693 0.5492, -2.6122 1.5906 0.5492, -2.6122 1.5906 0.3406, -2.6122 1.5906 0.25, -2.6122 1.498 0.25, -2.6122 1.4055 0.25, -2.6122 1.4274 0.25, -2.5945 1.3071 0.25, -2.5945 1.4055 0.25, -2.5827 1.4262 0.25, -2.5945 1.2323 0.25, -2.5886 1.2323 0.25, -2.5827 1.2323 0.25, -2.5827 1.4274 0.25, -2.5827 1.6201 0.25, -2.8189 1.4274 0.25, -2.8189 1.6201 0.25, -2.7894 1.5906 0.25, -2.7894 1.498 0.25, -2.7894 1.4274 0.25, -2.8189 1.4262 0.25, -2.7894 1.4055 0.25, -2.811 1.4055 0.25, -2.811 1.3071 0.25, -2.811 1.2323 0.25, -2.815 1.2323 0.25, -2.8189 1.2323 0.25, -2.7894 1.5906 0.5492, -2.7894 1.498 0.5492, -2.7894 1.4055 0.5492, -2.7894 1.4078 0.5492, -2.7894 1.2028 0.5492, -2.7894 1.2323 0.5492, -2.811 1.2323 0.5492, -2.8189 1.1929 0.5492, -2.7894 1.1929 0.5492, -2.811 1.3189 0.5492, -2.8189 1.4065 0.5492, -2.811 1.4055 0.5492, -2.8189 1.4078 0.5492, -2.8189 1.6201 0.5492, -2.8189 1.6201 1.1398, -2.8189 1.4078 1.1398, -2.8189 1.4065 1.1398, -2.8189 1.1929 1.1398, -2.7894 1.2028 1.1398, -2.7894 1.1929 1.1398, -2.7894 1.5906 1.1398, -2.7894 1.498 1.1398, -2.7894 1.4078 1.1398, -2.7894 1.4055 1.1398, -2.811 1.4055 1.1398, -2.7894 1.2323 1.1398, -2.811 1.2323 1.1398, -2.811 1.3189 1.1398, -2.7894 1.5906 1.5335, -2.7894 1.498 1.5335, -2.7894 1.4055 1.5335, -2.7894 1.4078 1.5335, -2.7894 1.2028 1.5335, -2.7894 1.2323 1.5335, -2.811 1.2323 1.5335, -2.811 1.4055 1.5335, -2.8189 1.4078 1.5335, -2.8189 1.1929 1.5335, -2.7894 1.1929 1.5335, -2.8189 1.6201 1.5335, -0.9173 -4.2362 5.1201, -0.9173 -4.2656 5.0907, -0.9173 -4.2656 5.1201, -0.9173 -4.2953 5.061, -0.9173 -4.2953 5.1201, -2.9565 1.5906 5.1201, -2.8189 1.5906 5.1201, -2.8189 1.6201 5.0906, -3.0925 1.6693 5.0413, -3.0138 1.5906 5.1201, -2.9803 1.6693 5.0413, -2.9565 1.6693 5.0413, -2.8681 1.6693 5.0413, -2.8189 1.0738 5.1201, -2.8189 1.1929 3.6634, -2.8189 1.1598 3.8214, -2.8189 1.1869 3.7322, -2.8189 1.6201 2.6261, -2.8189 0.8966 4.0449, -2.8189 0.9827 4.0117, -2.8189 0.7992 4.0571, -2.8189 0.5276 5.1201, -2.8189 0.5276 4.4902, -2.8189 0.5276 4.372, -2.8189 0.6634 4.0571, -2.8189 0.5276 4.2539, -2.8189 0.5276 4.0571, -2.8189 1.0653 3.9535, -2.8189 1.0738 3.9443, -2.8189 1.1112 3.9035, -1.6811 0.5276 4.4902, -1.5591 0.5276 5.1201, -1.5591 0.5276 4.0965, -2.5827 0.5276 4.2539, -2.5827 0.5276 4.4902, -2.189 0.5276 5.1201, -2.5827 0.5276 4.372, -2.189 0.5276 4.0965, -2.4665 0.5276 4.0965, -2.4665 0.5276 4.0571, -1.9173 0.5276 4.4902, -1.9173 0.5276 4.372, -2.0335 0.5276 4.0965, -1.9173 0.5276 4.2539, -1.6811 0.5276 4.2539, -2.0335 0.5276 4.0571, -1.5708 0.5276 4.0571, -1.6811 0.5276 4.372, -1.5591 1.6693 5.0413, -1.5591 1.6693 4.0965, -1.5591 1.0984 4.0965, -1.5591 1.0984 5.1201, -1.5591 1.5906 5.1201, 2.8189 0.5276 4.4902, 2.8189 0.5276 5.1201, 2.8189 1.0738 5.1201, 2.8189 0.9572 4.024, 2.8189 1.0394 3.9754, 2.8189 1.0738 3.9438, 2.8189 0.6634 4.0571, 2.8189 0.5276 4.0571, 2.8189 0.5276 4.2539, 2.8189 0.868 4.051, 2.8189 0.7992 4.0571, 2.8189 0.5276 4.372, 2.8189 1.1929 3.6634, 2.8189 1.6201 5.0906, 2.8189 1.6201 2.6261, 2.8189 1.6201 1.5335, 2.8189 1.4078 1.5335, 2.8189 1.1929 1.5335, 2.8189 1.1807 3.7607, 2.8189 1.1475 3.8469, 2.8189 1.0894 3.9295, 2.8189 1.5906 5.1201, 2.9565 1.6693 5.0413, 2.8681 1.6693 5.0413, 2.9565 1.5906 5.1201, 3.0138 1.5906 5.1201, 3.0925 1.6693 5.0413, 2.9803 1.6693 5.0413, 3.0433 -4.2657 5.0906, 3.0925 -4.2165 5.0413, 3.0138 -4.2362 5.1201, 3.0925 -1.2982 5.0413, 3.0925 -1.2736 5.0413, 3.0138 -1.2982 5.1201, 3.0138 -1.3524 5.1201, 1.9867 -4.2362 5.1201, 0.9173 -4.2362 5.1201, 0.9173 -4.2656 5.0907, 3.0138 -4.2953 5.061, 1.9867 -4.2953 5.061, 0.9173 -4.2953 5.061, 0.9173 -4.2656 5.1201, 0.9173 -4.2953 5.1201, 1.5591 1.5906 5.1201, 1.5591 1.6693 5.0413, 0.0 1.6693 5.0413, 0.0 1.5906 5.1201, 0.0 -4.2953 5.1201, -3.0138 -1.3524 5.1201, -3.0138 -4.2362 5.1201, -1.9867 -4.2362 5.1201, 2.189 0.5276 5.1201, 1.5591 0.5276 5.1201, 1.5591 1.0984 5.1201, -3.0138 -1.2982 5.1201, 1.6811 1.4262 0.25, 1.6909 1.4055 0.25, 1.6909 1.3071 0.25, 1.6909 1.2323 0.25, 1.686 1.2323 0.25, 1.6811 1.2323 0.25, 1.6811 1.4274 0.25, 1.6811 1.6201 0.25, 1.7106 1.5906 0.25, 1.7106 1.498 0.25, 1.7106 1.4274 0.25, 1.7106 1.4055 0.25, 1.7106 1.4055 0.5492, 1.7106 1.4078 0.5492, 1.7106 1.498 0.5492, 1.7106 1.5906 0.5492, 1.7106 1.2028 0.5492, 1.7106 1.2323 0.5492, 1.6909 1.2323 0.5492, 1.6811 1.1929 0.5492, 1.7106 1.1929 0.5492, 1.6909 1.3189 0.5492, 1.6811 1.4065 0.5492, 1.6909 1.4055 0.5492, 1.6811 1.4078 0.5492, 1.6811 1.6201 0.5492, 1.6811 1.6201 1.1398, 1.6811 1.4078 1.1398, 1.6811 1.4065 1.1398, 1.6811 1.1929 1.1398, 1.7106 1.2028 1.1398, 1.7106 1.1929 1.1398, 1.7106 1.2323 1.1398, 1.6909 1.2323 1.1398, 1.6909 1.3189 1.1398, 1.6909 1.4055 1.1398, 1.7106 1.5906 1.1398, 1.7106 1.4055 1.1398, 1.7106 1.4078 1.1398, 1.7106 1.498 1.1398, 1.7106 1.498 1.5335, 1.7106 1.4078 1.5335, 1.7106 1.4055 1.4182, 1.7106 1.4055 1.5335, 1.7106 1.5906 1.5335, 1.7106 1.2028 1.5335, 1.7106 1.2323 1.5335, 1.6909 1.2323 1.5335, 1.7106 1.1929 1.5335, 1.6811 1.1929 1.5335, 1.6811 1.4049 1.5335, 1.6909 1.4055 1.5335, 1.6811 1.4078 1.5335, 1.6811 1.6201 1.5335, 1.5591 1.0984 4.0965, 1.5591 1.6693 4.0965, 1.5591 0.5276 4.0965, 1.5708 0.5276 4.0571, 2.0335 0.5276 4.0571, 2.0335 0.6634 4.0571, 1.5708 0.6634 4.0571, 2.0335 0.7992 4.0571, 1.5708 0.7992 4.0571, 2.0335 1.1929 3.6634, 1.6811 1.1929 3.6634, 2.0335 1.1807 3.7607, 1.6811 1.1922 3.6874, 1.6633 1.184 3.7469, 2.0335 0.868 4.051, 1.5733 0.8677 4.0489, 1.5742 0.8926 4.0459, 2.0335 0.9572 4.024, 1.5812 0.9566 4.0223, 1.5834 0.9766 4.0149, 2.0335 1.0394 3.9754, 1.5957 1.0381 3.9735, 1.5996 1.0576 3.9604, 2.0335 1.0894 3.9295, 1.6091 1.0887 3.9288, 1.6594 1.1793 3.7603, 1.6366 1.1528 3.8366, 2.0335 1.1475 3.8469, 1.6337 1.1465 3.8462, 2.0335 1.0984 3.9166, 1.6127 1.1005 3.9168, 1.612 1.0984 3.9189, 2.0335 1.0984 4.0965, 2.0335 0.5276 4.0965, 2.0335 1.6693 4.0965, 2.0335 1.6693 3.5059, 2.0335 1.4311 3.5059, 2.0335 1.1929 3.5059, 2.25 1.6693 3.5059, 2.4665 1.6693 3.5059, 2.4665 1.4311 3.5059, 2.4665 1.1929 3.5059, 2.25 1.1929 3.5059, 2.6122 1.1732 1.5335, 2.6122 1.1732 1.1398, 2.6122 1.1831 1.5335, 2.6122 1.1831 1.1398, 2.6122 1.1929 1.5335, 2.6122 1.1929 1.1398, 2.6122 1.2028 1.5335, 2.6122 1.2028 1.1398, 2.6122 1.2323 1.1398, 2.6122 1.2323 1.5335, 2.4665 1.1929 3.6634, 2.7894 1.1929 1.5335, 2.25 1.1929 1.5335, 1.8878 1.1929 1.5335, 1.8878 1.1732 1.1398, 1.8878 1.1732 1.5335, 1.8878 1.1831 1.1398, 1.8878 1.1831 1.5335, 1.8878 1.1929 1.1398, 1.8878 1.2028 1.1398, 1.8878 1.2028 1.5335, 1.8878 1.2323 1.5335, 1.8878 1.2323 1.1398
            ]
        }
        coordIndex [
            0,1,2,-1,3,4,2,-1,2,4,5,-1,2,5,0,-1,6,7,8,-1,8,9,6,-1,6,9,10,-1,6,10,0,-1,0,10,11,-1,0,11,1,-1,12,13,14,-1,15,11,16,-1,16,11,10,-1,16,10,14,-1,14,10,9,-1,14,9,12,-1,12,9,8,-1,17,18,19,-1,20,15,16,-1,21,22,23,-1,23,22,19,-1,23,19,24,-1,25,26,27,-1,28,29,30,-1,31,17,30,-1,30,17,19,-1,30,19,28,-1,28,19,22,-1,29,28,27,-1,27,28,20,-1,27,20,25,-1,25,20,16,-1,25,16,32,-1,13,33,14,-1,14,33,34,-1,35,36,34,-1,34,36,32,-1,34,32,14,-1,14,32,16,-1,37,38,39,-1,37,39,36,-1,40,26,41,-1,41,26,25,-1,41,25,39,-1,39,25,32,-1,39,32,36,-1,42,43,44,-1,45,42,46,-1,46,42,44,-1,46,44,47,-1,43,40,44,-1,44,40,41,-1,44,41,48,-1,48,41,39,-1,48,39,49,-1,49,39,38,-1,50,51,52,-1,52,53,50,-1,50,53,54,-1,50,54,55,-1,54,56,55,-1,55,56,57,-1,55,57,58,-1,59,60,58,-1,58,60,61,-1,58,61,55,-1,52,62,63,-1,64,56,65,-1,65,56,54,-1,65,54,63,-1,63,54,53,-1,63,53,52,-1,66,67,68,-1,69,70,66,-1,66,68,69,-1,69,68,71,-1,69,71,72,-1,72,71,73,-1,72,73,74,-1,62,75,63,-1,63,75,74,-1,63,74,65,-1,65,74,73,-1,65,73,64,-1,75,76,74,-1,74,76,77,-1,74,77,72,-1,77,78,72,-1,72,78,79,-1,72,79,69,-1,80,81,79,-1,76,82,77,-1,77,82,83,-1,84,85,86,-1,87,80,88,-1,88,80,79,-1,88,79,89,-1,89,79,78,-1,89,78,86,-1,86,78,77,-1,86,77,84,-1,84,77,83,-1,82,90,91,-1,92,85,93,-1,93,85,84,-1,93,84,91,-1,91,84,83,-1,91,83,82,-1,94,95,96,-1,97,98,96,-1,96,98,99,-1,96,99,94,-1,94,99,100,-1,90,101,91,-1,91,101,98,-1,91,98,93,-1,93,98,97,-1,93,97,92,-1,102,103,104,-1,104,103,105,-1,104,105,106,-1,107,108,109,-1,110,111,112,-1,112,111,107,-1,112,107,113,-1,113,107,109,-1,113,109,114,-1,109,108,115,-1,116,99,98,-1,117,118,109,-1,109,118,116,-1,109,116,119,-1,119,116,98,-1,119,98,101,-1,120,121,115,-1,120,115,122,-1,115,123,124,-1,115,124,122,-1,122,124,125,-1,122,125,126,-1,126,125,127,-1,126,127,128,-1,121,129,115,-1,115,129,130,-1,115,130,109,-1,109,130,131,-1,109,131,117,-1,132,133,134,-1,128,127,135,-1,124,123,136,-1,136,123,137,-1,136,137,138,-1,138,137,139,-1,138,139,135,-1,135,139,140,-1,135,140,128,-1,128,140,141,-1,133,132,137,-1,137,132,142,-1,137,142,139,-1,139,142,143,-1,139,143,144,-1,144,143,145,-1,144,145,146,-1,147,144,148,-1,148,144,146,-1,148,146,134,-1,134,146,149,-1,134,149,132,-1,150,151,152,-1,153,154,150,-1,150,152,153,-1,153,152,134,-1,153,134,133,-1,155,156,157,-1,158,157,159,-1,159,157,160,-1,161,162,163,-1,158,164,157,-1,157,164,165,-1,157,165,155,-1,155,165,161,-1,155,161,166,-1,166,161,163,-1,167,168,169,-1,169,170,167,-1,167,170,171,-1,167,171,172,-1,167,173,168,-1,168,173,174,-1,168,174,175,-1,160,157,175,-1,175,157,176,-1,175,176,168,-1,177,178,179,-1,179,178,168,-1,179,168,176,-1,180,181,179,-1,179,181,182,-1,179,182,177,-1,183,184,185,-1,185,184,186,-1,181,180,187,-1,187,180,188,-1,187,188,186,-1,186,188,189,-1,186,189,185,-1,190,191,192,-1,183,185,193,-1,193,185,190,-1,193,190,194,-1,194,190,192,-1,194,192,195,-1,191,196,192,-1,192,196,197,-1,192,197,195,-1,198,199,200,-1,198,200,201,-1,201,200,150,-1,201,150,154,-1,202,197,196,-1,203,204,205,-1,106,202,104,-1,104,202,196,-1,104,196,102,-1,102,196,191,-1,205,102,203,-1,203,102,191,-1,203,191,189,-1,189,191,190,-1,189,190,185,-1,179,176,157,-1,201,154,153,-1,179,157,180,-1,180,157,156,-1,180,156,188,-1,188,156,206,-1,188,206,189,-1,133,207,153,-1,153,207,208,-1,153,208,201,-1,201,208,198,-1,206,207,189,-1,189,207,133,-1,189,133,203,-1,203,133,137,-1,203,137,209,-1,209,137,123,-1,209,123,111,-1,111,123,115,-1,111,115,107,-1,107,115,108,-1,210,211,212,-1,213,214,212,-1,212,214,215,-1,212,215,210,-1,216,217,218,-1,218,219,216,-1,216,219,220,-1,216,220,210,-1,210,220,221,-1,210,221,211,-1,222,221,223,-1,223,221,220,-1,223,220,224,-1,220,219,224,-1,224,219,218,-1,224,218,225,-1,226,227,228,-1,229,230,226,-1,226,228,229,-1,229,228,231,-1,229,231,232,-1,232,231,233,-1,232,233,234,-1,225,235,224,-1,224,235,234,-1,224,234,223,-1,223,234,233,-1,223,233,222,-1,235,236,234,-1,234,236,237,-1,234,237,232,-1,237,238,232,-1,232,238,239,-1,232,239,229,-1,240,241,239,-1,242,240,243,-1,243,240,239,-1,243,239,244,-1,244,239,238,-1,244,238,245,-1,245,238,237,-1,237,236,246,-1,247,245,248,-1,248,245,237,-1,248,237,249,-1,249,237,246,-1,250,251,248,-1,247,248,252,-1,252,248,251,-1,252,251,253,-1,248,249,250,-1,250,249,246,-1,250,246,254,-1,255,256,257,-1,258,255,259,-1,259,255,257,-1,259,257,260,-1,260,257,261,-1,260,261,262,-1,254,263,250,-1,250,263,262,-1,250,262,251,-1,251,262,261,-1,251,261,253,-1,199,198,208,-1,264,265,199,-1,199,208,264,-1,264,208,207,-1,264,207,266,-1,267,268,269,-1,267,269,270,-1,270,269,271,-1,270,271,272,-1,273,274,275,-1,275,274,276,-1,275,276,277,-1,271,278,272,-1,272,278,279,-1,279,278,280,-1,280,278,281,-1,280,281,282,-1,282,281,283,-1,283,281,284,-1,283,284,285,-1,285,284,286,-1,286,284,287,-1,286,287,288,-1,277,289,275,-1,275,289,290,-1,275,290,291,-1,291,290,292,-1,291,292,293,-1,293,292,294,-1,293,294,287,-1,287,294,295,-1,287,295,288,-1,281,296,284,-1,284,296,287,-1,281,278,296,-1,296,278,271,-1,296,271,297,-1,297,271,269,-1,297,269,268,-1,298,299,273,-1,273,299,300,-1,273,300,301,-1,273,275,298,-1,298,275,291,-1,298,291,296,-1,296,291,293,-1,296,293,287,-1,302,303,304,-1,300,299,302,-1,304,305,306,-1,302,304,300,-1,300,304,306,-1,300,306,301,-1,307,308,309,-1,309,308,310,-1,309,310,311,-1,311,310,312,-1,311,312,313,-1,312,314,313,-1,313,314,315,-1,313,315,316,-1,317,167,305,-1,305,167,172,-1,258,259,301,-1,301,259,274,-1,301,274,273,-1,172,318,305,-1,305,318,311,-1,305,311,306,-1,306,311,319,-1,306,319,301,-1,301,319,320,-1,301,320,258,-1,321,322,323,-1,323,322,324,-1,323,324,325,-1,325,324,320,-1,325,320,326,-1,320,327,326,-1,326,327,328,-1,326,328,329,-1,
        ]
    }
}
Shape{
    appearance Appearance {
        material  Material 	{
            diffuseColor 0.8509803921568627 0.8509803921568627 0.8509803921568627
            specularColor 0.4235294117647059 0.4235294117647059 0.4235294117647059
            ambientIntensity 0.851
            transparency 0.0
            shininess 0.5
        }
    }
    geometry IndexedFaceSet {
        ccw TRUE
        solid FALSE
        coord DEF co Coordinate {
            point [
                1.9075 -3.0512 4.372, 1.9075 -3.0512 4.2736, 1.9075 -1.1555 4.2736, 1.9075 1.4055 3.9604, 1.9075 1.2323 3.7815, 1.9075 1.4055 1.5335, 1.9075 1.2323 1.9685, 1.9075 1.2323 1.5335, 1.9075 -3.0512 4.4705, 1.9075 -1.1555 4.4705, 1.9075 -0.8228 4.4705, 1.9075 -0.8228 4.2736, 1.9075 0.7402 4.4705, 1.9075 0.7402 4.2736, 1.9075 0.8963 4.4526, 1.9075 0.8621 4.2583, 1.9075 1.0347 4.4043, 1.9075 0.9698 4.2168, 1.9075 1.1714 4.3188, 1.9075 1.073 4.144, 1.9075 1.2775 4.2127, 1.9075 1.1296 4.0824, 1.9075 1.3604 4.0815, 1.9075 1.1906 3.9797, 1.9075 1.2246 3.8683
            ]
        }
        coordIndex [
            0,1,2,-1,3,4,5,-1,5,4,6,-1,5,6,7,-1,8,0,9,-1,9,0,2,-1,9,2,10,-1,10,2,11,-1,10,11,12,-1,12,11,13,-1,12,13,14,-1,14,13,15,-1,14,15,16,-1,16,15,17,-1,16,17,18,-1,18,17,19,-1,18,19,20,-1,20,19,21,-1,20,21,22,-1,22,21,23,-1,22,23,3,-1,3,23,24,-1,3,24,4,-1,
        ]
    }
}
Shape{
    appearance Appearance {
        material  Material 	{
            diffuseColor 0.2235294117647059 0.2235294117647059 0.2235294117647059
            specularColor 0.11372549019607843 0.11372549019607843 0.11372549019607843
            ambientIntensity 0.2235
            transparency 0.0
            shininess 0.5
        }
    }
    geometry IndexedFaceSet {
        ccw TRUE
        solid FALSE
        coord DEF co Coordinate {
            point [
                1.8878 1.5906 1.3366, 1.8878 1.5906 1.1398, 1.8878 1.498 1.1398, 1.8878 1.4055 1.4182, 1.8878 1.4055 1.5335, 1.8878 1.4311 1.5335, 1.8878 1.5906 1.5335, 1.8878 1.498 1.5335, 1.8878 1.4311 1.1398, 1.8878 1.4055 1.1398, 1.9665 1.6693 1.5335, 1.9665 1.6693 1.3366, 1.9665 1.6693 1.1398, 2.5335 1.6693 1.5335, 2.6122 1.5906 1.5335, 2.6122 1.5906 1.3366, 2.5335 1.6693 1.3366, 2.6122 1.5906 1.1398, 2.5335 1.6693 1.1398, 2.6122 1.498 1.5335, 2.6122 1.4055 1.4182, 2.6122 1.4055 1.1398, 2.6122 1.4311 1.1398, 2.6122 1.498 1.1398, 2.6122 1.4311 1.5335, 2.6122 1.4055 1.5335
            ]
        }
        coordIndex [
            0,1,2,-1,3,4,5,-1,6,0,7,-1,7,0,2,-1,7,2,5,-1,5,2,8,-1,5,8,3,-1,3,8,9,-1,6,10,11,-1,6,11,0,-1,0,11,12,-1,0,12,1,-1,13,14,15,-1,13,15,16,-1,16,15,17,-1,16,17,18,-1,15,14,19,-1,20,21,22,-1,17,15,23,-1,23,15,19,-1,23,19,22,-1,22,19,24,-1,22,24,20,-1,20,24,25,-1,
        ]
    }
}
Shape{
    appearance Appearance {
        material  Material 	{
            diffuseColor 0.8509803921568627 0.8509803921568627 0.8509803921568627
            specularColor 0.4235294117647059 0.4235294117647059 0.4235294117647059
            ambientIntensity 0.851
            transparency 0.0
            shininess 0.5
        }
    }
    geometry IndexedFaceSet {
        ccw TRUE
        solid FALSE
        coord DEF co Coordinate {
            point [
                2.5925 1.4055 1.5335, 2.5925 1.2323 1.5335, 2.5925 1.2323 1.9685, 2.5925 1.4055 3.9604, 2.5925 -3.0512 4.372, 2.5925 -3.0512 4.4705, 2.5925 -1.1555 4.4705, 2.5925 1.2323 3.7815, 2.5925 1.2246 3.8683, 2.5925 1.3604 4.0815, 2.5925 1.1906 3.9797, 2.5925 1.2775 4.2127, 2.5925 1.1296 4.0824, 2.5925 1.1714 4.3188, 2.5925 1.073 4.144, 2.5925 1.0347 4.4043, 2.5925 0.9698 4.2168, 2.5925 0.8963 4.4526, 2.5925 0.8621 4.2583, 2.5925 0.7402 4.4705, 2.5925 0.7402 4.2736, 2.5925 -0.8228 4.4705, 2.5925 -0.8228 4.2736, 2.5925 -1.1555 4.2736, 2.5925 -3.0512 4.2736
            ]
        }
        coordIndex [
            0,1,2,-1,0,2,3,-1,4,5,6,-1,2,7,3,-1,3,7,8,-1,3,8,9,-1,9,8,10,-1,9,10,11,-1,11,10,12,-1,11,12,13,-1,13,12,14,-1,13,14,15,-1,15,14,16,-1,15,16,17,-1,17,16,18,-1,17,18,19,-1,19,18,20,-1,19,20,21,-1,21,20,22,-1,21,22,6,-1,6,22,23,-1,6,23,4,-1,4,23,24,-1,
        ]
    }
}
Shape{
    appearance Appearance {
        material  Material 	{
            diffuseColor 0.2235294117647059 0.2235294117647059 0.2235294117647059
            specularColor 0.11372549019607843 0.11372549019607843 0.11372549019607843
            ambientIntensity 0.2235
            transparency 0.0
            shininess 0.5
        }
    }
    geometry IndexedFaceSet {
        ccw TRUE
        solid FALSE
        coord DEF co Coordinate {
            point [
                2.6122 1.1831 0.5492, 2.6122 1.1732 0.5492, 2.6122 1.1732 0.1555, 2.6122 1.1929 0.5492, 2.6122 1.2028 0.1555, 2.6122 1.2028 0.5492, 2.6122 1.2323 0.1555, 2.6122 1.2323 0.5492, 1.6811 1.1929 0.5492, 1.6811 1.1929 1.1398, 1.7106 1.1929 0.5492, 1.7106 1.1929 1.1398, 1.8878 1.1929 0.5492, 1.8878 1.1929 1.1398, 2.25 1.1929 0.5492, 2.25 1.1929 1.1398, 2.6122 1.1929 1.1398, 2.7894 1.1929 0.5492, 2.7894 1.1929 1.1398, 2.8189 1.1929 0.5492, 2.8189 1.1929 1.1398, 1.8878 1.1732 0.5492, 1.8878 1.1831 0.5492, 1.8878 1.1732 0.1555, 1.8878 1.2028 0.1555, 1.8878 1.2028 0.5492, 1.8878 1.2323 0.5492, 1.8878 1.2323 0.1555, 1.8878 1.2323 1.5335, 1.9075 1.2323 1.5335, 1.9075 1.2323 1.9685, 1.7106 1.2323 0.1555, 1.7106 1.2323 0.5492, 1.9075 1.2323 0.5492, 1.9075 1.2323 1.1398, 1.8878 1.2323 1.1398, 1.6909 1.2323 1.9685, 1.6909 1.2323 1.5335, 1.7106 1.2323 1.5335, 1.6909 1.2323 0.5492, 1.6909 1.2323 1.1398, 1.7106 1.2323 1.1398, 1.9075 1.2323 3.7815, 1.6909 1.2323 3.7815
            ]
        }
        coordIndex [
            0,1,2,-1,0,2,3,-1,3,2,4,-1,3,4,5,-1,5,4,6,-1,5,6,7,-1,8,9,10,-1,10,9,11,-1,10,11,12,-1,12,11,13,-1,12,13,14,-1,14,13,15,-1,14,15,3,-1,3,15,16,-1,3,16,17,-1,17,16,18,-1,17,18,19,-1,19,18,20,-1,21,22,23,-1,23,22,12,-1,23,12,24,-1,12,25,24,-1,24,25,26,-1,24,26,27,-1,28,29,30,-1,31,27,32,-1,32,27,26,-1,33,34,26,-1,26,34,35,-1,36,37,38,-1,39,32,40,-1,40,32,26,-1,40,26,41,-1,41,26,35,-1,41,35,38,-1,38,35,28,-1,38,28,36,-1,28,30,36,-1,36,30,42,-1,36,42,43,-1,
        ]
    }
}
Shape{
    appearance Appearance {
        material  Material 	{
            diffuseColor 0.8509803921568627 0.8509803921568627 0.8509803921568627
            specularColor 0.4235294117647059 0.4235294117647059 0.4235294117647059
            ambientIntensity 0.851
            transparency 0.0
            shininess 0.5
        }
    }
    geometry IndexedFaceSet {
        ccw TRUE
        solid FALSE
        coord DEF co Coordinate {
            point [
                1.9075 1.4055 0.5492, 1.9075 1.4055 1.1398, 1.9075 1.3189 1.1398, 1.9075 1.3189 0.5492, 1.9075 1.2323 1.1398, 1.9075 1.2323 0.5492, 1.7106 1.4055 1.5335, 1.6909 1.4055 1.5335, 1.6909 1.4055 3.9604, 1.6909 1.4055 0.5492, 1.6909 1.4055 1.1398, 1.7106 1.4055 1.1398, 1.8878 1.4055 1.1398, 1.8878 1.4055 0.5492, 1.6909 1.4055 -1.124, 1.6909 1.4055 0.25, 1.9075 1.4055 -1.124, 1.7106 1.4055 0.25, 1.9075 1.4055 0.25, 1.8878 1.4055 0.25, 1.7106 1.4055 0.5492, 1.9075 1.4055 3.9604, 1.9075 1.4055 1.5335, 1.8878 1.4055 1.5335, 1.8878 1.4055 1.4182, 1.7106 1.4055 1.4182
            ]
        }
        coordIndex [
            0,1,2,-1,0,2,3,-1,3,2,4,-1,3,4,5,-1,6,7,8,-1,9,10,11,-1,1,0,12,-1,12,0,13,-1,14,15,16,-1,16,15,17,-1,18,16,19,-1,19,16,17,-1,19,17,13,-1,13,17,20,-1,13,20,12,-1,21,22,23,-1,20,9,12,-1,12,9,11,-1,12,11,24,-1,24,11,25,-1,24,25,23,-1,23,25,6,-1,23,6,21,-1,21,6,8,-1,
        ]
    }
}
Shape{
    appearance Appearance {
        material  Material 	{
            diffuseColor 0.2235294117647059 0.2235294117647059 0.2235294117647059
            specularColor 0.11372549019607843 0.11372549019607843 0.11372549019607843
            ambientIntensity 0.2235
            transparency 0.0
            shininess 0.5
        }
    }
    geometry IndexedFaceSet {
        ccw TRUE
        solid FALSE
        coord DEF co Coordinate {
            point [
                1.8878 1.498 0.5492, 1.8878 1.498 0.25, 1.8878 1.4311 0.5492, 1.8878 1.4274 0.25, 1.8878 1.4055 0.5492, 1.8878 1.4055 0.25, 1.8878 1.5906 0.5492, 1.8878 1.5906 0.3406, 1.8878 1.5906 0.25, 2.5827 1.6201 0.25, 2.5827 1.4274 0.25, 2.5827 1.6201 0.1319, 2.5827 1.4262 0.1319, 2.5827 1.4262 0.25, 2.5827 1.2323 0.25, 2.5827 1.2323 0.1319, 2.5335 1.6693 0.1319, 2.5335 1.6693 0.3406, 2.6122 1.5906 0.25, 2.6122 1.5906 0.3406, 2.5335 1.6693 0.5492, 2.6122 1.5906 0.5492, 1.9173 1.6201 0.25, 1.9665 1.6693 0.1319, 1.9173 1.6201 0.1319, 1.9665 1.6693 0.3406, 1.9665 1.6693 0.5492, 1.9173 1.4274 0.25, 1.9173 1.4262 0.1319, 1.9173 1.4262 0.25, 1.9173 1.2323 0.1319, 1.9173 1.2323 0.25, 1.9124 1.2323 0.1319, 1.9124 1.2323 0.25, 1.9075 1.2323 0.1319, 1.9075 1.2323 0.25
            ]
        }
        coordIndex [
            0,1,2,-1,2,1,3,-1,2,3,4,-1,4,3,5,-1,0,6,1,-1,1,6,7,-1,1,7,8,-1,9,10,11,-1,11,10,12,-1,10,13,12,-1,12,13,14,-1,12,14,15,-1,11,16,9,-1,9,16,17,-1,9,17,18,-1,18,17,19,-1,19,17,20,-1,19,20,21,-1,22,8,7,-1,23,24,25,-1,25,24,22,-1,22,7,25,-1,25,7,6,-1,25,6,26,-1,22,24,27,-1,27,24,28,-1,27,28,29,-1,29,28,30,-1,29,30,31,-1,31,30,32,-1,31,32,33,-1,33,32,34,-1,33,34,35,-1,
        ]
    }
}
Shape{
    appearance Appearance {
        material  Material 	{
            diffuseColor 0.8509803921568627 0.8509803921568627 0.8509803921568627
            specularColor 0.4235294117647059 0.4235294117647059 0.4235294117647059
            ambientIntensity 0.851
            transparency 0.0
            shininess 0.5
        }
    }
    geometry IndexedFaceSet {
        ccw TRUE
        solid FALSE
        coord DEF co Coordinate {
            point [
                1.6909 1.2087 -1.124, 1.9075 1.2087 -1.124, 1.9075 1.2087 -0.4961, 1.6909 1.2087 -0.4961, 1.9075 1.2087 0.1319, 1.6909 1.2087 0.1319
            ]
        }
        coordIndex [
            0,1,2,-1,0,2,3,-1,3,2,4,-1,3,4,5,-1,
        ]
    }
}
Shape{
    appearance Appearance {
        material  Material 	{
            diffuseColor 0.2235294117647059 0.2235294117647059 0.2235294117647059
            specularColor 0.11372549019607843 0.11372549019607843 0.11372549019607843
            ambientIntensity 0.2235
            transparency 0.0
            shininess 0.5
        }
    }
    geometry IndexedFaceSet {
        ccw TRUE
        solid FALSE
        coord DEF co Coordinate {
            point [
                1.6909 1.2323 0.25, 1.6909 1.2323 0.1319, 1.686 1.2323 0.1319, 1.686 1.2323 0.25, 1.6811 1.2323 0.1319, 1.6811 1.2323 0.25, 1.6811 1.6201 0.25, 1.6811 1.4274 0.25, 1.6811 1.6201 0.1319, 1.6811 1.4262 0.1319, 1.6811 1.4262 0.25, 1.6811 1.6201 1.1398, 1.6811 1.6201 0.5492, 1.6319 1.6693 0.1319, 1.7106 1.5906 1.5335, 1.7106 1.5906 1.1398, 1.6811 1.6201 1.5335, 1.7106 1.5906 0.25, 1.7106 1.5906 0.5492, 1.6319 1.6693 2.0033, 1.6811 1.6201 2.0033, 1.6319 1.6693 3.8523, 1.6811 1.6201 3.6874, 1.5236 1.4724 0.7933, 1.5236 1.6693 0.9902, 1.5236 1.6693 0.1319, 1.5236 0.7933 0.7933, 1.5236 0.7933 0.1319, 1.5236 0.6949 0.7933, 1.5236 -0.0827 0.1319, 1.5236 -0.0827 0.7933, -1.5236 -0.0827 0.1319, -1.5236 -0.0827 0.7933, 0.0 -0.0827 0.7933, 0.0 -0.0827 0.1319, -1.5236 0.6949 0.7933, -1.5236 0.7933 0.1319, -1.5236 0.7933 0.7933, -1.5236 1.4724 0.7933, -1.5236 1.6693 0.1319, -1.5236 1.6693 0.9902, -1.6319 1.6693 0.1319, -1.6811 1.6201 0.1319, -1.6811 1.6201 0.25, -1.7106 1.5906 0.25, -1.7106 1.5906 0.5492, -1.6811 1.6201 0.5492, -1.7106 1.5906 1.1398, -1.7106 1.5906 1.5335, -1.6811 1.6201 1.1398, -1.6811 1.6201 1.5335, -1.6319 1.6693 2.0033, -1.6811 1.6201 2.0033, -1.6319 1.6693 3.8523, -1.6811 1.6201 3.6874, -1.6811 1.4274 0.25, -1.6811 1.4262 0.1319, -1.6811 1.4262 0.25, -1.6811 1.2323 0.1319, -1.6811 1.2323 0.25, -1.687 1.2323 0.1319, -1.687 1.2323 0.25, -1.6929 1.2323 0.1319, -1.6929 1.2323 0.25
            ]
        }
        coordIndex [
            0,1,2,-1,0,2,3,-1,3,2,4,-1,3,4,5,-1,6,7,8,-1,8,7,9,-1,7,10,9,-1,9,10,5,-1,9,5,4,-1,11,12,13,-1,14,15,16,-1,16,15,11,-1,8,13,6,-1,6,13,12,-1,6,12,17,-1,17,12,18,-1,11,13,16,-1,16,13,19,-1,16,19,20,-1,20,19,21,-1,20,21,22,-1,23,24,25,-1,23,25,26,-1,26,25,27,-1,26,27,28,-1,28,27,29,-1,28,29,30,-1,31,32,33,-1,31,33,34,-1,34,33,30,-1,34,30,29,-1,32,31,35,-1,35,31,36,-1,35,36,37,-1,37,36,38,-1,38,36,39,-1,38,39,40,-1,41,42,43,-1,44,45,43,-1,43,45,46,-1,43,46,41,-1,47,48,49,-1,49,48,50,-1,46,49,41,-1,41,49,50,-1,41,50,51,-1,51,50,52,-1,51,52,53,-1,53,52,54,-1,43,42,55,-1,55,42,56,-1,55,56,57,-1,57,56,58,-1,57,58,59,-1,59,58,60,-1,59,60,61,-1,61,60,62,-1,61,62,63,-1,
        ]
    }
}
Shape{
    appearance Appearance {
        material  Material 	{
            diffuseColor 0.8509803921568627 0.8509803921568627 0.8509803921568627
            specularColor 0.4235294117647059 0.4235294117647059 0.4235294117647059
            ambientIntensity 0.851
            transparency 0.0
            shininess 0.5
        }
    }
    geometry IndexedFaceSet {
        ccw TRUE
        solid FALSE
        coord DEF co Coordinate {
            point [
                -1.6929 1.2087 -1.124, -1.6929 1.2087 0.1319, -1.8012 1.2087 0.1319, -1.8012 1.2087 -1.124, -1.9094 1.2087 0.1319, -1.9094 1.2087 -1.124
            ]
        }
        coordIndex [
            0,1,2,-1,0,2,3,-1,3,2,4,-1,3,4,5,-1,
        ]
    }
}
Shape{
    appearance Appearance {
        material  Material 	{
            diffuseColor 0.2235294117647059 0.2235294117647059 0.2235294117647059
            specularColor 0.11372549019607843 0.11372549019607843 0.11372549019607843
            ambientIntensity 0.2235
            transparency 0.0
            shininess 0.5
        }
    }
    geometry IndexedFaceSet {
        ccw TRUE
        solid FALSE
        coord DEF co Coordinate {
            point [
                -1.9094 1.2323 0.25, -1.9094 1.2323 0.1319, -1.9134 1.2323 0.1319, -1.9134 1.2323 0.25, -1.9173 1.2323 0.1319, -1.9173 1.2323 0.25, -1.9173 1.6201 0.25, -1.9173 1.4274 0.25, -1.9173 1.6201 0.1319, -1.9173 1.4262 0.1319, -1.9173 1.4262 0.25, -1.9665 1.6693 0.1319, -1.9665 1.6693 0.3406, -1.8878 1.5906 0.25, -1.8878 1.5906 0.3406, -1.9665 1.6693 0.5492, -1.8878 1.5906 0.5492, -2.5827 1.6201 0.25, -2.6122 1.5906 0.25, -2.6122 1.5906 0.3406, -2.5335 1.6693 0.1319, -2.5827 1.6201 0.1319, -2.5335 1.6693 0.3406, -2.6122 1.5906 0.5492, -2.5335 1.6693 0.5492, -2.5827 1.4274 0.25, -2.5827 1.4262 0.1319, -2.5827 1.4262 0.25, -2.5827 1.2323 0.1319, -2.5827 1.2323 0.25, -2.5886 1.2323 0.1319, -2.5886 1.2323 0.25, -2.5945 1.2323 0.1319, -2.5945 1.2323 0.25
            ]
        }
        coordIndex [
            0,1,2,-1,0,2,3,-1,3,2,4,-1,3,4,5,-1,6,7,8,-1,8,7,9,-1,7,10,9,-1,9,10,5,-1,9,5,4,-1,8,11,6,-1,6,11,12,-1,6,12,13,-1,13,12,14,-1,14,12,15,-1,14,15,16,-1,17,18,19,-1,20,21,22,-1,22,21,17,-1,17,19,22,-1,22,19,23,-1,22,23,24,-1,17,21,25,-1,25,21,26,-1,25,26,27,-1,27,26,28,-1,27,28,29,-1,29,28,30,-1,29,30,31,-1,31,30,32,-1,31,32,33,-1,
        ]
    }
}
Shape{
    appearance Appearance {
        material  Material 	{
            diffuseColor 0.8509803921568627 0.8509803921568627 0.8509803921568627
            specularColor 0.4235294117647059 0.4235294117647059 0.4235294117647059
            ambientIntensity 0.851
            transparency 0.0
            shininess 0.5
        }
    }
    geometry IndexedFaceSet {
        ccw TRUE
        solid FALSE
        coord DEF co Coordinate {
            point [
                -2.5945 1.2087 -1.124, -2.5945 1.2087 0.1319, -2.7028 1.2087 0.1319, -2.7028 1.2087 -1.124, -2.811 1.2087 0.1319, -2.811 1.2087 -1.124
            ]
        }
        coordIndex [
            0,1,2,-1,0,2,3,-1,3,2,4,-1,3,4,5,-1,
        ]
    }
}
Shape{
    appearance Appearance {
        material  Material 	{
            diffuseColor 0.2235294117647059 0.2235294117647059 0.2235294117647059
            specularColor 0.11372549019607843 0.11372549019607843 0.11372549019607843
            ambientIntensity 0.2235
            transparency 0.0
            shininess 0.5
        }
    }
    geometry IndexedFaceSet {
        ccw TRUE
        solid FALSE
        coord DEF co Coordinate {
            point [
                -2.811 1.2323 0.25, -2.811 1.2323 0.1319, -2.815 1.2323 0.1319, -2.815 1.2323 0.25, -2.8189 1.2323 0.1319, -2.8189 1.2323 0.25, -2.8189 1.6201 0.25, -2.8189 1.4274 0.25, -2.8189 1.6201 0.1319, -2.8189 1.4262 0.1319, -2.8189 1.4262 0.25, -2.8189 1.6201 1.1398, -2.8189 1.6201 0.5492, -2.8681 1.6693 0.1319, -2.7894 1.5906 1.5335, -2.7894 1.5906 1.1398, -2.8189 1.6201 1.5335, -2.7894 1.5906 0.25, -2.7894 1.5906 0.5492, -2.8681 1.6693 2.6261, -2.8189 1.6201 2.6261, -2.8681 1.6693 5.0413, -2.8189 1.6201 5.0906, -2.9843 1.6693 2.561, -2.9843 1.6693 0.1319, -2.9843 0.8524 0.1319, -2.9843 0.8524 2.561, -2.9843 0.0354 0.1319, -2.9843 0.0354 2.561, -3.0384 0.0354 0.1319, -3.0384 0.0354 2.561, -3.0925 0.0354 0.1319, -3.0925 0.0354 2.561, 1.8307 -1.5 0.0728, 1.8307 -1.5 0.1319, 2.0965 -1.5 0.1319, 2.0965 -1.5 0.0728, 2.3622 -1.5 0.1319, 2.3622 -1.5 0.0728, 2.3622 0.4685 0.1319, 2.3622 0.4685 0.0728, 2.3622 -0.5157 0.0728, 2.3622 -1.3228 0.0728, 2.3622 -0.7224 0.1319, 2.3622 -0.5157 0.1319, 2.5 0.4685 0.1319, 2.5 0.4685 0.0728, 2.6378 0.4685 0.1319, 2.6378 0.4685 0.0728, 2.6378 -1.5 0.1319, 2.6378 -1.5 0.0728, 2.6378 -1.3228 0.0728, 2.6378 -0.7224 0.1319, 2.6378 -0.5157 0.0728, 2.6378 -0.5157 0.1319, 2.8652 -1.5 0.1319, 2.8652 -1.5 0.0728, 3.0925 -1.5 0.1319, 3.0925 -1.5 0.0728, 3.0925 0.0354 2.561, 3.0925 0.0354 0.1319, 3.0384 0.0354 0.1319, 3.0384 0.0354 2.561, 2.9843 0.0354 0.1319, 2.9843 0.0354 2.561, 2.9843 1.6693 0.1319, 2.9843 1.6693 2.561, 2.9843 0.8524 2.561, 2.9843 0.8524 0.1319, 2.8681 1.6693 0.1319, 2.8189 1.6201 0.1319, 2.8189 1.6201 0.25, 2.7894 1.5906 0.25, 2.7894 1.5906 0.5492, 2.8189 1.6201 0.5492, 2.7894 1.5906 1.1398, 2.7894 1.5906 1.5335, 2.8189 1.6201 1.1398, 2.8189 1.6201 1.5335, 2.8681 1.6693 2.6261, 2.8189 1.6201 2.6261, 2.8681 1.6693 5.0413, 2.8189 1.6201 5.0906, 2.8189 1.4274 0.25, 2.8189 1.4262 0.1319, 2.8189 1.4262 0.25, 2.8189 1.2323 0.1319, 2.8189 1.2323 0.25, 2.814 1.2323 0.1319, 2.814 1.2323 0.25, 2.8091 1.2323 0.1319, 2.8091 1.2323 0.25
            ]
        }
        coordIndex [
            0,1,2,-1,0,2,3,-1,3,2,4,-1,3,4,5,-1,6,7,8,-1,8,7,9,-1,7,10,9,-1,9,10,5,-1,9,5,4,-1,11,12,13,-1,14,15,16,-1,16,15,11,-1,8,13,6,-1,6,13,12,-1,6,12,17,-1,17,12,18,-1,11,13,16,-1,16,13,19,-1,16,19,20,-1,20,19,21,-1,20,21,22,-1,23,24,25,-1,23,25,26,-1,26,25,27,-1,26,27,28,-1,28,27,29,-1,28,29,30,-1,30,29,31,-1,30,31,32,-1,33,34,35,-1,33,35,36,-1,36,35,37,-1,36,37,38,-1,39,40,41,-1,38,37,42,-1,42,37,43,-1,42,43,41,-1,41,43,44,-1,41,44,39,-1,40,39,45,-1,40,45,46,-1,46,45,47,-1,46,47,48,-1,49,50,51,-1,49,51,52,-1,52,51,53,-1,52,53,54,-1,54,53,48,-1,54,48,47,-1,50,49,55,-1,50,55,56,-1,56,55,57,-1,56,57,58,-1,59,60,61,-1,59,61,62,-1,62,61,63,-1,62,63,64,-1,65,66,67,-1,65,67,68,-1,68,67,64,-1,68,64,63,-1,69,70,71,-1,72,73,71,-1,71,73,74,-1,71,74,69,-1,75,76,77,-1,77,76,78,-1,74,77,69,-1,69,77,78,-1,69,78,79,-1,79,78,80,-1,79,80,81,-1,81,80,82,-1,71,70,83,-1,83,70,84,-1,83,84,85,-1,85,84,86,-1,85,86,87,-1,87,86,88,-1,87,88,89,-1,89,88,90,-1,89,90,91,-1,
        ]
    }
}
Shape{
    appearance Appearance {
        material  Material 	{
            diffuseColor 0.8509803921568627 0.8509803921568627 0.8509803921568627
            specularColor 0.4235294117647059 0.4235294117647059 0.4235294117647059
            ambientIntensity 0.851
            transparency 0.0
            shininess 0.5
        }
    }
    geometry IndexedFaceSet {
        ccw TRUE
        solid FALSE
        coord DEF co Coordinate {
            point [
                2.5925 1.2087 -1.124, 2.8091 1.2087 -1.124, 2.8091 1.2087 -0.4961, 2.5925 1.2087 -0.4961, 2.8091 1.2087 0.1319, 2.5925 1.2087 0.1319
            ]
        }
        coordIndex [
            0,1,2,-1,0,2,3,-1,3,2,4,-1,3,4,5,-1,
        ]
    }
}
Shape{
    appearance Appearance {
        material  Material 	{
            diffuseColor 0.2235294117647059 0.2235294117647059 0.2235294117647059
            specularColor 0.11372549019607843 0.11372549019607843 0.11372549019607843
            ambientIntensity 0.2235
            transparency 0.0
            shininess 0.5
        }
    }
    geometry IndexedFaceSet {
        ccw TRUE
        solid FALSE
        coord DEF co Coordinate {
            point [
                2.5925 1.2323 0.25, 2.5925 1.2323 0.1319, 2.5876 1.2323 0.1319, 2.5876 1.2323 0.25, 2.5827 1.2323 0.1319, 2.5827 1.2323 0.25
            ]
        }
        coordIndex [
            0,1,2,-1,0,2,3,-1,3,2,4,-1,3,4,5,-1,
        ]
    }
}
Shape{
    appearance Appearance {
        material  Material 	{
            diffuseColor 0.8509803921568627 0.8509803921568627 0.8509803921568627
            specularColor 0.4235294117647059 0.4235294117647059 0.4235294117647059
            ambientIntensity 0.851
            transparency 0.0
            shininess 0.5
        }
    }
    geometry IndexedFaceSet {
        ccw TRUE
        solid FALSE
        coord DEF co Coordinate {
            point [
                -0.6929 -0.5905 -1.124, -0.6929 -0.5905 0.1319, -0.69 -0.5679 0.1319, -0.69 -0.5679 -1.124, -0.6825 -0.5485 0.1319, -0.6825 -0.5485 -1.124, -0.6695 -0.5297 0.1319, -0.6695 -0.5297 -1.124, -0.6535 -0.5158 0.1319, -0.6535 -0.5158 -1.124, -0.6347 -0.506 0.1319, -0.6347 -0.506 -1.124, -0.6119 -0.5005 0.1319, -0.6119 -0.5005 -1.124, -0.5928 -0.5005 0.1319, -0.5928 -0.5005 -1.124, -0.5713 -0.5055 0.1319, -0.5713 -0.5055 -1.124, -0.5521 -0.5152 0.1319, -0.5521 -0.5152 -1.124, -0.5362 -0.5287 0.1319, -0.5362 -0.5287 -1.124, -0.5248 -0.5439 0.1319, -0.5248 -0.5439 -1.124, -0.5165 -0.5619 0.1319, -0.5165 -0.5619 -1.124, -0.5124 -0.5806 0.1319, -0.5124 -0.5806 -1.124, -0.5118 -0.5905 0.1319, -0.5118 -0.5905 -1.124, -0.5147 -0.6132 0.1319, -0.5147 -0.6132 -1.124, -0.5222 -0.6326 0.1319, -0.5222 -0.6326 -1.124, -0.5352 -0.6513 0.1319, -0.5352 -0.6513 -1.124, -0.5512 -0.6652 0.1319, -0.5512 -0.6652 -1.124, -0.57 -0.6751 0.1319, -0.57 -0.6751 -1.124, -0.5928 -0.6806 0.1319, -0.5928 -0.6806 -1.124, -0.615 -0.6802 0.1319, -0.615 -0.6802 -1.124, -0.6363 -0.6745 0.1319, -0.6363 -0.6745 -1.124, -0.6551 -0.6642 0.1319, -0.6551 -0.6642 -1.124, -0.6705 -0.6502 0.1319, -0.6705 -0.6502 -1.124, -0.6829 -0.632 0.1319, -0.6829 -0.632 -1.124, -0.6899 -0.6138 0.1319, -0.6899 -0.6138 -1.124, -0.6928 -0.595 0.1319, -0.6928 -0.595 -1.124, 0.9134 -0.5905 -1.124, 0.9134 -0.5905 0.1319, 0.9163 -0.5679 0.1319, 0.9163 -0.5679 -1.124, 0.9238 -0.5485 0.1319, 0.9238 -0.5485 -1.124, 0.9368 -0.5297 0.1319, 0.9368 -0.5297 -1.124, 0.9528 -0.5158 0.1319, 0.9528 -0.5158 -1.124, 0.9716 -0.506 0.1319, 0.9716 -0.506 -1.124, 0.9944 -0.5005 0.1319, 0.9944 -0.5005 -1.124, 1.0135 -0.5005 0.1319, 1.0135 -0.5005 -1.124, 1.035 -0.5055 0.1319, 1.035 -0.5055 -1.124, 1.0542 -0.5152 0.1319, 1.0542 -0.5152 -1.124, 1.0701 -0.5287 0.1319, 1.0701 -0.5287 -1.124, 1.0815 -0.5439 0.1319, 1.0815 -0.5439 -1.124, 1.0898 -0.5619 0.1319, 1.0898 -0.5619 -1.124, 1.0939 -0.5806 0.1319, 1.0939 -0.5806 -1.124, 1.0945 -0.5905 0.1319, 1.0945 -0.5905 -1.124, 1.0916 -0.6132 0.1319, 1.0916 -0.6132 -1.124, 1.0841 -0.6326 0.1319, 1.0841 -0.6326 -1.124, 1.0711 -0.6513 0.1319, 1.0711 -0.6513 -1.124, 1.0551 -0.6652 0.1319, 1.0551 -0.6652 -1.124, 1.0363 -0.6751 0.1319, 1.0363 -0.6751 -1.124, 1.0135 -0.6806 0.1319, 1.0135 -0.6806 -1.124, 0.9913 -0.6802 0.1319, 0.9913 -0.6802 -1.124, 0.97 -0.6745 0.1319, 0.97 -0.6745 -1.124, 0.9512 -0.6642 0.1319, 0.9512 -0.6642 -1.124, 0.9358 -0.6502 0.1319, 0.9358 -0.6502 -1.124, 0.9234 -0.632 0.1319, 0.9234 -0.632 -1.124, 0.9164 -0.6138 0.1319, 0.9164 -0.6138 -1.124, 0.9135 -0.595 0.1319, 0.9135 -0.595 -1.124, 1.315 -1.2913 -1.124, 1.315 -1.2913 0.1319, 1.3178 -1.2687 0.1319, 1.3178 -1.2687 -1.124, 1.3253 -1.2492 0.1319, 1.3253 -1.2492 -1.124, 1.3384 -1.2305 0.1319, 1.3384 -1.2305 -1.124, 1.3544 -1.2166 0.1319, 1.3544 -1.2166 -1.124, 1.3732 -1.2068 0.1319, 1.3732 -1.2068 -1.124, 1.3959 -1.2013 0.1319, 1.3959 -1.2013 -1.124, 1.4151 -1.2013 0.1319, 1.4151 -1.2013 -1.124, 1.4366 -1.2063 0.1319, 1.4366 -1.2063 -1.124, 1.4558 -1.216 0.1319, 1.4558 -1.216 -1.124, 1.4717 -1.2295 0.1319, 1.4717 -1.2295 -1.124, 1.4831 -1.2447 0.1319, 1.4831 -1.2447 -1.124, 1.4914 -1.2627 0.1319, 1.4914 -1.2627 -1.124, 1.4955 -1.2814 0.1319, 1.4955 -1.2814 -1.124, 1.4961 -1.2913 0.1319, 1.4961 -1.2913 -1.124, 1.4932 -1.3139 0.1319, 1.4932 -1.3139 -1.124, 1.4857 -1.3334 0.1319, 1.4857 -1.3334 -1.124, 1.4726 -1.3521 0.1319, 1.4726 -1.3521 -1.124, 1.4567 -1.366 0.1319, 1.4567 -1.366 -1.124, 1.4379 -1.3759 0.1319, 1.4379 -1.3759 -1.124, 1.4151 -1.3814 0.1319, 1.4151 -1.3814 -1.124, 1.3929 -1.381 0.1319, 1.3929 -1.381 -1.124, 1.3716 -1.3753 0.1319, 1.3716 -1.3753 -1.124, 1.3528 -1.365 0.1319, 1.3528 -1.365 -1.124, 1.3374 -1.351 0.1319, 1.3374 -1.351 -1.124, 1.325 -1.3328 0.1319, 1.325 -1.3328 -1.124, 1.318 -1.3145 0.1319, 1.318 -1.3145 -1.124, 1.3151 -1.2958 0.1319, 1.3151 -1.2958 -1.124, -0.2913 -1.2913 -1.124, -0.2913 -1.2913 0.1319, -0.2885 -1.2687 0.1319, -0.2885 -1.2687 -1.124, -0.281 -1.2492 0.1319, -0.281 -1.2492 -1.124, -0.2679 -1.2305 0.1319, -0.2679 -1.2305 -1.124, -0.2519 -1.2166 0.1319, -0.2519 -1.2166 -1.124, -0.2331 -1.2068 0.1319, -0.2331 -1.2068 -1.124, -0.2104 -1.2013 0.1319, -0.2104 -1.2013 -1.124, -0.1912 -1.2013 0.1319, -0.1912 -1.2013 -1.124, -0.1697 -1.2063 0.1319, -0.1697 -1.2063 -1.124, -0.1505 -1.216 0.1319, -0.1505 -1.216 -1.124, -0.1346 -1.2295 0.1319, -0.1346 -1.2295 -1.124, -0.1232 -1.2447 0.1319, -0.1232 -1.2447 -1.124, -0.1149 -1.2627 0.1319, -0.1149 -1.2627 -1.124, -0.1108 -1.2814 0.1319, -0.1108 -1.2814 -1.124, -0.1102 -1.2913 0.1319, -0.1102 -1.2913 -1.124, -0.1131 -1.3139 0.1319, -0.1131 -1.3139 -1.124, -0.1206 -1.3334 0.1319, -0.1206 -1.3334 -1.124, -0.1337 -1.3521 0.1319, -0.1337 -1.3521 -1.124, -0.1496 -1.366 0.1319, -0.1496 -1.366 -1.124, -0.1684 -1.3759 0.1319, -0.1684 -1.3759 -1.124, -0.1912 -1.3814 0.1319, -0.1912 -1.3814 -1.124, -0.2134 -1.381 0.1319, -0.2134 -1.381 -1.124, -0.2347 -1.3753 0.1319, -0.2347 -1.3753 -1.124, -0.2535 -1.365 0.1319, -0.2535 -1.365 -1.124, -0.2689 -1.351 0.1319, -0.2689 -1.351 -1.124, -0.2813 -1.3328 0.1319, -0.2813 -1.3328 -1.124, -0.2883 -1.3145 0.1319, -0.2883 -1.3145 -1.124, -0.2912 -1.2958 0.1319, -0.2912 -1.2958 -1.124, 0.6929 -1.2913 -1.124, 0.6929 -1.2913 0.1319, 0.69 -1.3139 0.1319, 0.69 -1.3139 -1.124, 0.6825 -1.3334 0.1319, 0.6825 -1.3334 -1.124, 0.6695 -1.3521 0.1319, 0.6695 -1.3521 -1.124, 0.6536 -1.366 0.1319, 0.6536 -1.366 -1.124, 0.6348 -1.3759 0.1319, 0.6348 -1.3759 -1.124, 0.612 -1.3814 0.1319, 0.612 -1.3814 -1.124, 0.5897 -1.381 0.1319, 0.5897 -1.381 -1.124, 0.5684 -1.3753 0.1319, 0.5684 -1.3753 -1.124, 0.5497 -1.365 0.1319, 0.5497 -1.365 -1.124, 0.5342 -1.351 0.1319, 0.5342 -1.351 -1.124, 0.5218 -1.3328 0.1319, 0.5218 -1.3328 -1.124, 0.5148 -1.3145 0.1319, 0.5148 -1.3145 -1.124, 0.5119 -1.2958 0.1319, 0.5119 -1.2958 -1.124, 0.5118 -1.2913 0.1319, 0.5118 -1.2913 -1.124, 0.5147 -1.2687 0.1319, 0.5147 -1.2687 -1.124, 0.5222 -1.2492 0.1319, 0.5222 -1.2492 -1.124, 0.5353 -1.2305 0.1319, 0.5353 -1.2305 -1.124, 0.5512 -1.2166 0.1319, 0.5512 -1.2166 -1.124, 0.57 -1.2068 0.1319, 0.57 -1.2068 -1.124, 0.5928 -1.2013 0.1319, 0.5928 -1.2013 -1.124, 0.6119 -1.2013 0.1319, 0.6119 -1.2013 -1.124, 0.6334 -1.2063 0.1319, 0.6334 -1.2063 -1.124, 0.6526 -1.216 0.1319, 0.6526 -1.216 -1.124, 0.6685 -1.2295 0.1319, 0.6685 -1.2295 -1.124, 0.68 -1.2447 0.1319, 0.68 -1.2447 -1.124, 0.6883 -1.2627 0.1319, 0.6883 -1.2627 -1.124, 0.6924 -1.2814 0.1319, 0.6924 -1.2814 -1.124, -1.0945 -1.2913 -1.124, -1.0945 -1.2913 0.1319, -1.0916 -1.2687 0.1319, -1.0916 -1.2687 -1.124, -1.0841 -1.2492 0.1319, -1.0841 -1.2492 -1.124, -1.071 -1.2305 0.1319, -1.071 -1.2305 -1.124, -1.0551 -1.2166 0.1319, -1.0551 -1.2166 -1.124, -1.0363 -1.2068 0.1319, -1.0363 -1.2068 -1.124, -1.0135 -1.2013 0.1319, -1.0135 -1.2013 -1.124, -0.9944 -1.2013 0.1319, -0.9944 -1.2013 -1.124, -0.9729 -1.2063 0.1319, -0.9729 -1.2063 -1.124, -0.9537 -1.216 0.1319, -0.9537 -1.216 -1.124, -0.9378 -1.2295 0.1319, -0.9378 -1.2295 -1.124, -0.9263 -1.2447 0.1319, -0.9263 -1.2447 -1.124, -0.918 -1.2627 0.1319, -0.918 -1.2627 -1.124, -0.9139 -1.2814 0.1319, -0.9139 -1.2814 -1.124, -0.9134 -1.2913 0.1319, -0.9134 -1.2913 -1.124, -0.9163 -1.3139 0.1319, -0.9163 -1.3139 -1.124, -0.9238 -1.3334 0.1319, -0.9238 -1.3334 -1.124, -0.9368 -1.3521 0.1319, -0.9368 -1.3521 -1.124, -0.9527 -1.366 0.1319, -0.9527 -1.366 -1.124, -0.9715 -1.3759 0.1319, -0.9715 -1.3759 -1.124, -0.9943 -1.3814 0.1319, -0.9943 -1.3814 -1.124, -1.0166 -1.381 0.1319, -1.0166 -1.381 -1.124, -1.0379 -1.3753 0.1319, -1.0379 -1.3753 -1.124, -1.0566 -1.365 0.1319, -1.0566 -1.365 -1.124, -1.0721 -1.351 0.1319, -1.0721 -1.351 -1.124, -1.0845 -1.3328 0.1319, -1.0845 -1.3328 -1.124, -1.0915 -1.3145 0.1319, -1.0915 -1.3145 -1.124, -1.0944 -1.2958 0.1319, -1.0944 -1.2958 -1.124, 0.2913 -0.5905 -1.124, 0.2913 -0.5905 0.1319, 0.2885 -0.6132 0.1319, 0.2885 -0.6132 -1.124, 0.281 -0.6326 0.1319, 0.281 -0.6326 -1.124, 0.2679 -0.6513 0.1319, 0.2679 -0.6513 -1.124, 0.252 -0.6652 0.1319, 0.252 -0.6652 -1.124, 0.2332 -0.6751 0.1319, 0.2332 -0.6751 -1.124, 0.2104 -0.6806 0.1319, 0.2104 -0.6806 -1.124, 0.1881 -0.6802 0.1319, 0.1881 -0.6802 -1.124, 0.1668 -0.6745 0.1319, 0.1668 -0.6745 -1.124, 0.1481 -0.6642 0.1319, 0.1481 -0.6642 -1.124, 0.1327 -0.6502 0.1319, 0.1327 -0.6502 -1.124, 0.1203 -0.632 0.1319, 0.1203 -0.632 -1.124, 0.1133 -0.6138 0.1319, 0.1133 -0.6138 -1.124, 0.1103 -0.595 0.1319, 0.1103 -0.595 -1.124, 0.1102 -0.5905 0.1319, 0.1102 -0.5905 -1.124, 0.1131 -0.5679 0.1319, 0.1131 -0.5679 -1.124, 0.1206 -0.5485 0.1319, 0.1206 -0.5485 -1.124, 0.1337 -0.5297 0.1319, 0.1337 -0.5297 -1.124, 0.1496 -0.5158 0.1319, 0.1496 -0.5158 -1.124, 0.1684 -0.506 0.1319, 0.1684 -0.506 -1.124, 0.1912 -0.5005 0.1319, 0.1912 -0.5005 -1.124, 0.2104 -0.5005 0.1319, 0.2104 -0.5005 -1.124, 0.2319 -0.5055 0.1319, 0.2319 -0.5055 -1.124, 0.251 -0.5152 0.1319, 0.251 -0.5152 -1.124, 0.267 -0.5287 0.1319, 0.267 -0.5287 -1.124, 0.2784 -0.5439 0.1319, 0.2784 -0.5439 -1.124, 0.2867 -0.5619 0.1319, 0.2867 -0.5619 -1.124, 0.2908 -0.5806 0.1319, 0.2908 -0.5806 -1.124, -1.315 -0.5905 -1.124, -1.315 -0.5905 0.1319, -1.3178 -0.6132 0.1319, -1.3178 -0.6132 -1.124, -1.3253 -0.6326 0.1319, -1.3253 -0.6326 -1.124, -1.3384 -0.6513 0.1319, -1.3384 -0.6513 -1.124, -1.3543 -0.6652 0.1319, -1.3543 -0.6652 -1.124, -1.3731 -0.6751 0.1319, -1.3731 -0.6751 -1.124, -1.3959 -0.6806 0.1319, -1.3959 -0.6806 -1.124, -1.4182 -0.6802 0.1319, -1.4182 -0.6802 -1.124, -1.4395 -0.6745 0.1319, -1.4395 -0.6745 -1.124, -1.4582 -0.6642 0.1319, -1.4582 -0.6642 -1.124, -1.4736 -0.6502 0.1319, -1.4736 -0.6502 -1.124, -1.486 -0.632 0.1319, -1.486 -0.632 -1.124, -1.493 -0.6138 0.1319, -1.493 -0.6138 -1.124, -1.496 -0.595 0.1319, -1.496 -0.595 -1.124, -1.4961 -0.5905 0.1319, -1.4961 -0.5905 -1.124, -1.4932 -0.5679 0.1319, -1.4932 -0.5679 -1.124, -1.4857 -0.5485 0.1319, -1.4857 -0.5485 -1.124, -1.4726 -0.5297 0.1319, -1.4726 -0.5297 -1.124, -1.4567 -0.5158 0.1319, -1.4567 -0.5158 -1.124, -1.4379 -0.506 0.1319, -1.4379 -0.506 -1.124, -1.4151 -0.5005 0.1319, -1.4151 -0.5005 -1.124, -1.3959 -0.5005 0.1319, -1.3959 -0.5005 -1.124, -1.3744 -0.5055 0.1319, -1.3744 -0.5055 -1.124, -1.3553 -0.5152 0.1319, -1.3553 -0.5152 -1.124, -1.3393 -0.5287 0.1319, -1.3393 -0.5287 -1.124, -1.3279 -0.5439 0.1319, -1.3279 -0.5439 -1.124, -1.3196 -0.5619 0.1319, -1.3196 -0.5619 -1.124, -1.3155 -0.5806 0.1319, -1.3155 -0.5806 -1.124
            ]
        }
        coordIndex [
            0,1,2,-1,0,2,3,-1,3,2,4,-1,3,4,5,-1,5,4,6,-1,5,6,7,-1,7,6,8,-1,7,8,9,-1,9,8,10,-1,9,10,11,-1,11,10,12,-1,11,12,13,-1,13,12,14,-1,13,14,15,-1,15,14,16,-1,15,16,17,-1,17,16,18,-1,17,18,19,-1,19,18,20,-1,19,20,21,-1,21,20,22,-1,21,22,23,-1,23,22,24,-1,23,24,25,-1,25,24,26,-1,25,26,27,-1,27,26,28,-1,27,28,29,-1,29,28,30,-1,29,30,31,-1,31,30,32,-1,31,32,33,-1,33,32,34,-1,33,34,35,-1,35,34,36,-1,35,36,37,-1,37,36,38,-1,37,38,39,-1,39,38,40,-1,39,40,41,-1,41,40,42,-1,41,42,43,-1,43,42,44,-1,43,44,45,-1,45,44,46,-1,45,46,47,-1,47,46,48,-1,47,48,49,-1,49,48,50,-1,49,50,51,-1,51,50,52,-1,51,52,53,-1,53,52,54,-1,53,54,55,-1,55,54,1,-1,55,1,0,-1,56,57,58,-1,56,58,59,-1,59,58,60,-1,59,60,61,-1,61,60,62,-1,61,62,63,-1,63,62,64,-1,63,64,65,-1,65,64,66,-1,65,66,67,-1,67,66,68,-1,67,68,69,-1,69,68,70,-1,69,70,71,-1,71,70,72,-1,71,72,73,-1,73,72,74,-1,73,74,75,-1,75,74,76,-1,75,76,77,-1,77,76,78,-1,77,78,79,-1,79,78,80,-1,79,80,81,-1,81,80,82,-1,81,82,83,-1,83,82,84,-1,83,84,85,-1,85,84,86,-1,85,86,87,-1,87,86,88,-1,87,88,89,-1,89,88,90,-1,89,90,91,-1,91,90,92,-1,91,92,93,-1,93,92,94,-1,93,94,95,-1,95,94,96,-1,95,96,97,-1,97,96,98,-1,97,98,99,-1,99,98,100,-1,99,100,101,-1,101,100,102,-1,101,102,103,-1,103,102,104,-1,103,104,105,-1,105,104,106,-1,105,106,107,-1,107,106,108,-1,107,108,109,-1,109,108,110,-1,109,110,111,-1,111,110,57,-1,111,57,56,-1,112,113,114,-1,112,114,115,-1,115,114,116,-1,115,116,117,-1,117,116,118,-1,117,118,119,-1,119,118,120,-1,119,120,121,-1,121,120,122,-1,121,122,123,-1,123,122,124,-1,123,124,125,-1,125,124,126,-1,125,126,127,-1,127,126,128,-1,127,128,129,-1,129,128,130,-1,129,130,131,-1,131,130,132,-1,131,132,133,-1,133,132,134,-1,133,134,135,-1,135,134,136,-1,135,136,137,-1,137,136,138,-1,137,138,139,-1,139,138,140,-1,139,140,141,-1,141,140,142,-1,141,142,143,-1,143,142,144,-1,143,144,145,-1,145,144,146,-1,145,146,147,-1,147,146,148,-1,147,148,149,-1,149,148,150,-1,149,150,151,-1,151,150,152,-1,151,152,153,-1,153,152,154,-1,153,154,155,-1,155,154,156,-1,155,156,157,-1,157,156,158,-1,157,158,159,-1,159,158,160,-1,159,160,161,-1,161,160,162,-1,161,162,163,-1,163,162,164,-1,163,164,165,-1,165,164,166,-1,165,166,167,-1,167,166,113,-1,167,113,112,-1,168,169,170,-1,168,170,171,-1,171,170,172,-1,171,172,173,-1,173,172,174,-1,173,174,175,-1,175,174,176,-1,175,176,177,-1,177,176,178,-1,177,178,179,-1,179,178,180,-1,179,180,181,-1,181,180,182,-1,181,182,183,-1,183,182,184,-1,183,184,185,-1,185,184,186,-1,185,186,187,-1,187,186,188,-1,187,188,189,-1,189,188,190,-1,189,190,191,-1,191,190,192,-1,191,192,193,-1,193,192,194,-1,193,194,195,-1,195,194,196,-1,195,196,197,-1,197,196,198,-1,197,198,199,-1,199,198,200,-1,199,200,201,-1,201,200,202,-1,201,202,203,-1,203,202,204,-1,203,204,205,-1,205,204,206,-1,205,206,207,-1,207,206,208,-1,207,208,209,-1,209,208,210,-1,209,210,211,-1,211,210,212,-1,211,212,213,-1,213,212,214,-1,213,214,215,-1,215,214,216,-1,215,216,217,-1,217,216,218,-1,217,218,219,-1,219,218,220,-1,219,220,221,-1,221,220,222,-1,221,222,223,-1,223,222,169,-1,223,169,168,-1,224,225,226,-1,224,226,227,-1,227,226,228,-1,227,228,229,-1,229,228,230,-1,229,230,231,-1,231,230,232,-1,231,232,233,-1,233,232,234,-1,233,234,235,-1,235,234,236,-1,235,236,237,-1,237,236,238,-1,237,238,239,-1,239,238,240,-1,239,240,241,-1,241,240,242,-1,241,242,243,-1,243,242,244,-1,243,244,245,-1,245,244,246,-1,245,246,247,-1,247,246,248,-1,247,248,249,-1,249,248,250,-1,249,250,251,-1,251,250,252,-1,251,252,253,-1,253,252,254,-1,253,254,255,-1,255,254,256,-1,255,256,257,-1,257,256,258,-1,257,258,259,-1,259,258,260,-1,259,260,261,-1,261,260,262,-1,261,262,263,-1,263,262,264,-1,263,264,265,-1,265,264,266,-1,265,266,267,-1,267,266,268,-1,267,268,269,-1,269,268,270,-1,269,270,271,-1,271,270,272,-1,271,272,273,-1,273,272,274,-1,273,274,275,-1,275,274,276,-1,275,276,277,-1,277,276,278,-1,277,278,279,-1,279,278,225,-1,279,225,224,-1,280,281,282,-1,280,282,283,-1,283,282,284,-1,283,284,285,-1,285,284,286,-1,285,286,287,-1,287,286,288,-1,287,288,289,-1,289,288,290,-1,289,290,291,-1,291,290,292,-1,291,292,293,-1,293,292,294,-1,293,294,295,-1,295,294,296,-1,295,296,297,-1,297,296,298,-1,297,298,299,-1,299,298,300,-1,299,300,301,-1,301,300,302,-1,301,302,303,-1,303,302,304,-1,303,304,305,-1,305,304,306,-1,305,306,307,-1,307,306,308,-1,307,308,309,-1,309,308,310,-1,309,310,311,-1,311,310,312,-1,311,312,313,-1,313,312,314,-1,313,314,315,-1,315,314,316,-1,315,316,317,-1,317,316,318,-1,317,318,319,-1,319,318,320,-1,319,320,321,-1,321,320,322,-1,321,322,323,-1,323,322,324,-1,323,324,325,-1,325,324,326,-1,325,326,327,-1,327,326,328,-1,327,328,329,-1,329,328,330,-1,329,330,331,-1,331,330,332,-1,331,332,333,-1,333,332,334,-1,333,334,335,-1,335,334,281,-1,335,281,280,-1,336,337,338,-1,336,338,339,-1,339,338,340,-1,339,340,341,-1,341,340,342,-1,341,342,343,-1,343,342,344,-1,343,344,345,-1,345,344,346,-1,345,346,347,-1,347,346,348,-1,347,348,349,-1,349,348,350,-1,349,350,351,-1,351,350,352,-1,351,352,353,-1,353,352,354,-1,353,354,355,-1,355,354,356,-1,355,356,357,-1,357,356,358,-1,357,358,359,-1,359,358,360,-1,359,360,361,-1,361,360,362,-1,361,362,363,-1,363,362,364,-1,363,364,365,-1,365,364,366,-1,365,366,367,-1,367,366,368,-1,367,368,369,-1,369,368,370,-1,369,370,371,-1,371,370,372,-1,371,372,373,-1,373,372,374,-1,373,374,375,-1,375,374,376,-1,375,376,377,-1,377,376,378,-1,377,378,379,-1,379,378,380,-1,379,380,381,-1,381,380,382,-1,381,382,383,-1,383,382,384,-1,383,384,385,-1,385,384,386,-1,385,386,387,-1,387,386,388,-1,387,388,389,-1,389,388,390,-1,389,390,391,-1,391,390,337,-1,391,337,336,-1,392,393,394,-1,392,394,395,-1,395,394,396,-1,395,396,397,-1,397,396,398,-1,397,398,399,-1,399,398,400,-1,399,400,401,-1,401,400,402,-1,401,402,403,-1,403,402,404,-1,403,404,405,-1,405,404,406,-1,405,406,407,-1,407,406,408,-1,407,408,409,-1,409,408,410,-1,409,410,411,-1,411,410,412,-1,411,412,413,-1,413,412,414,-1,413,414,415,-1,415,414,416,-1,415,416,417,-1,417,416,418,-1,417,418,419,-1,419,418,420,-1,419,420,421,-1,421,420,422,-1,421,422,423,-1,423,422,424,-1,423,424,425,-1,425,424,426,-1,425,426,427,-1,427,426,428,-1,427,428,429,-1,429,428,430,-1,429,430,431,-1,431,430,432,-1,431,432,433,-1,433,432,434,-1,433,434,435,-1,435,434,436,-1,435,436,437,-1,437,436,438,-1,437,438,439,-1,439,438,440,-1,439,440,441,-1,441,440,442,-1,441,442,443,-1,443,442,444,-1,443,444,445,-1,445,444,446,-1,445,446,447,-1,447,446,393,-1,447,393,392,-1,
        ]
    }
}
Shape{
    appearance Appearance {
        material  Material 	{
            diffuseColor 0.2235294117647059 0.2235294117647059 0.2235294117647059
            specularColor 0.11372549019607843 0.11372549019607843 0.11372549019607843
            ambientIntensity 0.2235
            transparency 0.0
            shininess 0.5
        }
    }
    geometry IndexedFaceSet {
        ccw TRUE
        solid FALSE
        coord DEF co Coordinate {
            point [
                -2.3622 -1.5 0.0728, -2.3622 -1.5 0.1319, -2.0965 -1.5 0.1319, -2.0965 -1.5 0.0728, -1.8307 -1.5 0.1319, -1.8307 -1.5 0.0728, -2.3622 -1.3228 0.0728, -2.3622 -0.7224 0.1319, -2.3622 -0.5157 0.0728, -2.3622 -0.5157 0.1319, -2.3622 0.4685 0.0728, -2.3622 0.4685 0.1319, -2.6378 0.4685 0.0728, -2.6378 0.4685 0.1319, -2.5 0.4685 0.1319, -2.5 0.4685 0.0728, -2.6378 -0.5157 0.0728, -2.6378 -1.5 0.0728, -2.6378 -1.5 0.1319, -2.6378 -1.3228 0.0728, -2.6378 -0.7224 0.1319, -2.6378 -0.5157 0.1319, -3.0925 -1.5 0.0728, -3.0925 -1.5 0.1319, -2.8652 -1.5 0.1319, -2.8652 -1.5 0.0728, 2.3622 -1.5 0.0728, 2.366 -1.6724 0.0728, 2.3238 -1.6835 0.0728, 2.0965 -1.5 0.0728, 2.2482 -1.7118 0.0728, 2.1765 -1.7503 0.0728, 1.8307 -1.5 0.0728, 2.1403 -1.7747 0.0728, 2.0784 -1.8265 0.0728, 2.0235 -1.8865 0.0728, 1.9974 -1.9216 0.0728, 1.9561 -1.991 0.0728, 1.9242 -2.0657 0.0728, 1.9112 -2.1074 0.0728, 1.8952 -2.1866 0.0728, 1.8307 -2.3071 0.0728, 1.8898 -2.2677 0.0728, 1.8912 -2.3094 0.0728, 1.9021 -2.3896 0.0728, 1.8307 -3.1142 0.0728, 1.9123 -2.4321 0.0728, 1.9392 -2.5082 0.0728, 1.9761 -2.5806 0.0728, 1.9998 -2.6173 0.0728, 2.0504 -2.6803 0.0728, 2.1092 -2.7364 0.0728, 2.1438 -2.7632 0.0728, 2.2123 -2.8059 0.0728, 2.2864 -2.8393 0.0728, 2.3278 -2.8532 0.0728, 2.4066 -2.8708 0.0728, 2.4877 -2.8778 0.0728, 3.0925 -3.1142 0.0728, 2.5313 -2.8771 0.0728, 2.6115 -2.8677 0.0728, 2.6903 -2.8475 0.0728, 2.7313 -2.8324 0.0728, 2.8038 -2.7969 0.0728, 2.8715 -2.7518 0.0728, 2.9052 -2.724 0.0728, 2.9619 -2.6665 0.0728, 3.0108 -2.6016 0.0728, 3.0334 -2.5642 0.0728, 3.0679 -2.4912 0.0728, 3.0925 -2.4137 0.0728, 2.3622 -1.3228 0.0728, 2.6378 -1.3228 0.0728, 2.6378 -1.5 0.0728, 3.0514 -2.0063 0.0728, 3.0925 -1.5 0.0728, 3.0812 -2.0816 0.0728, 3.0925 -2.1217 0.0728, 3.0313 -1.9675 0.0728, 2.987 -1.9 0.0728, 2.9338 -1.8385 0.0728, 2.902 -1.8086 0.0728, 2.8379 -1.7595 0.0728, 2.8652 -1.5 0.0728, 2.7673 -1.7191 0.0728, 2.7274 -1.7014 0.0728, 2.6506 -1.6764 0.0728, 2.5707 -1.6616 0.0728, 2.5271 -1.6581 0.0728, 2.4464 -1.6598 0.0728, 2.3622 -0.5157 0.0728, 2.3622 0.4685 0.0728, 2.5 0.4685 0.0728, 2.6378 -0.5157 0.0728, 2.6378 0.4685 0.0728, 1.8307 -1.5 0.1319, 1.8307 -2.3071 0.1319, 1.8307 -3.1142 0.1319, 2.8652 -1.5 0.1319, 2.6378 -1.5 0.1319, 2.6378 -0.7224 0.1319, -2.8681 1.6693 0.1319, -2.8189 1.6201 0.1319, -2.9803 1.6693 0.1319, -2.8189 1.4262 0.1319, -2.9843 1.6693 0.1319, -2.9843 0.8524 0.1319, -3.0925 0.0354 0.1319, -3.0384 0.0354 0.1319, -3.0925 -0.7224 0.1319, -2.9843 0.0354 0.1319, -2.815 1.2323 0.1319, -2.811 1.2323 0.1319, -2.811 1.2087 0.1319, -2.8189 1.2323 0.1319, -2.7028 1.2087 0.1319, -2.5945 1.2087 0.1319, -2.5886 1.2323 0.1319, -2.5827 1.2323 0.1319, -2.5827 1.6201 0.1319, -2.5335 1.6693 0.1319, -2.25 1.6693 0.1319, -1.9665 1.6693 0.1319, -1.9173 1.6201 0.1319, -2.5827 1.4262 0.1319, -1.9173 1.2323 0.1319, -1.9173 1.4262 0.1319, 1.6319 1.6693 0.1319, 1.6811 1.6201 0.1319, 1.5236 1.6693 0.1319, 1.6811 1.4262 0.1319, 1.5236 0.7933 0.1319, 1.6811 1.2323 0.1319, 1.5236 -0.0827 0.1319, 1.686 1.2323 0.1319, 1.6909 1.2087 0.1319, 1.6909 1.2323 0.1319, 1.9173 1.6201 0.1319, 1.9665 1.6693 0.1319, 2.25 1.6693 0.1319, 1.9075 1.2323 0.1319, 1.9124 1.2323 0.1319, 1.9075 1.2087 0.1319, 1.9173 1.2323 0.1319, 2.5827 1.2323 0.1319, 1.9173 1.4262 0.1319, 2.5335 1.6693 0.1319, 2.5827 1.6201 0.1319, 2.5827 1.4262 0.1319, 3.0384 0.0354 0.1319, 3.0925 0.0354 0.1319, 3.0925 -0.7224 0.1319, 2.9803 1.6693 0.1319, 2.9843 1.6693 0.1319, 2.9843 0.8524 0.1319, 2.5925 1.2087 0.1319, 2.5876 1.2323 0.1319, 2.5925 1.2323 0.1319, 2.8091 1.2087 0.1319, 2.9843 0.0354 0.1319, 2.8189 1.6201 0.1319, 2.8681 1.6693 0.1319, 2.8189 1.4262 0.1319, 2.8189 1.2323 0.1319, 2.814 1.2323 0.1319, 2.8091 1.2323 0.1319, -1.5236 -0.0827 0.1319, -1.5236 0.7933 0.1319, -1.6929 1.2087 0.1319, -1.6929 1.2323 0.1319, -1.687 1.2323 0.1319, -0.6535 -0.5158 0.1319, -0.6695 -0.5297 0.1319, -1.3959 -0.6806 0.1319, -0.6825 -0.5485 0.1319, -0.69 -0.5679 0.1319, -0.6929 -0.5905 0.1319, 0.251 -0.5152 0.1319, 0.2319 -0.5055 0.1319, 0.9944 -0.5005 0.1319, 0.267 -0.5287 0.1319, 0.9716 -0.506 0.1319, 0.2784 -0.5439 0.1319, 0.9528 -0.5158 0.1319, 0.9368 -0.5297 0.1319, 0.9238 -0.5485 0.1319, 0.9163 -0.5679 0.1319, 0.9134 -0.5905 0.1319, 0.2104 -0.5005 0.1319, 0.1912 -0.5005 0.1319, 0.1684 -0.506 0.1319, 0.1496 -0.5158 0.1319, -0.6347 -0.506 0.1319, -1.3731 -0.6751 0.1319, -0.6119 -0.5005 0.1319, -1.3543 -0.6652 0.1319, -1.3384 -0.6513 0.1319, 0.1337 -0.5297 0.1319, 0.1206 -0.5485 0.1319, 0.1131 -0.5679 0.1319, 0.1102 -0.5905 0.1319, -0.5248 -0.5439 0.1319, -0.5362 -0.5287 0.1319, -1.3253 -0.6326 0.1319, -1.3178 -0.6132 0.1319, -1.315 -0.5905 0.1319, -1.3155 -0.5806 0.1319, -1.3196 -0.5619 0.1319, -1.3279 -0.5439 0.1319, -0.5521 -0.5152 0.1319, -0.5713 -0.5055 0.1319, -0.5928 -0.5005 0.1319, -1.3959 -0.5005 0.1319, -1.4151 -0.5005 0.1319, -1.3393 -0.5287 0.1319, -1.3553 -0.5152 0.1319, -1.3744 -0.5055 0.1319, -1.4379 -0.506 0.1319, -1.4567 -0.5158 0.1319, -1.4726 -0.5297 0.1319, -1.4857 -0.5485 0.1319, -1.493 -0.6138 0.1319, -1.486 -0.632 0.1319, -1.4932 -0.5679 0.1319, -1.4961 -0.5905 0.1319, -1.496 -0.595 0.1319, -1.4736 -0.6502 0.1319, -1.4582 -0.6642 0.1319, -1.4395 -0.6745 0.1319, -0.6551 -0.6642 0.1319, -0.6363 -0.6745 0.1319, -0.6829 -0.632 0.1319, -0.6705 -0.6502 0.1319, -0.6928 -0.595 0.1319, -0.6899 -0.6138 0.1319, -1.4182 -0.6802 0.1319, 0.1103 -0.595 0.1319, 0.1133 -0.6138 0.1319, -0.57 -0.6751 0.1319, -0.5928 -0.6806 0.1319, 0.1203 -0.632 0.1319, 0.1327 -0.6502 0.1319, 0.1481 -0.6642 0.1319, 0.1668 -0.6745 0.1319, 0.1881 -0.6802 0.1319, 0.2104 -0.6806 0.1319, -0.5512 -0.6652 0.1319, -0.5352 -0.6513 0.1319, -0.5222 -0.6326 0.1319, -0.5147 -0.6132 0.1319, -0.5118 -0.5905 0.1319, -0.5124 -0.5806 0.1319, -0.5165 -0.5619 0.1319, 0.9234 -0.632 0.1319, 0.9358 -0.6502 0.1319, 0.9164 -0.6138 0.1319, 0.2332 -0.6751 0.1319, 0.9135 -0.595 0.1319, 0.9512 -0.6642 0.1319, 0.97 -0.6745 0.1319, 0.9913 -0.6802 0.1319, -0.615 -0.6802 0.1319, 2.3622 -0.7224 0.1319, 1.0135 -0.6806 0.1319, 0.252 -0.6652 0.1319, 0.2679 -0.6513 0.1319, 0.281 -0.6326 0.1319, 0.2885 -0.6132 0.1319, 0.2913 -0.5905 0.1319, 0.2908 -0.5806 0.1319, 0.2867 -0.5619 0.1319, 1.0363 -0.6751 0.1319, 1.0551 -0.6652 0.1319, 1.0711 -0.6513 0.1319, 1.0841 -0.6326 0.1319, 1.0916 -0.6132 0.1319, 1.0945 -0.5905 0.1319, 1.0939 -0.5806 0.1319, 1.0898 -0.5619 0.1319, 1.0815 -0.5439 0.1319, 1.0701 -0.5287 0.1319, 1.0542 -0.5152 0.1319, 1.035 -0.5055 0.1319, 1.0135 -0.5005 0.1319, 0.0 -0.0827 0.1319, 2.6378 -0.5157 0.1319, 2.6378 0.4685 0.1319, 2.5 0.4685 0.1319, 2.3622 0.4685 0.1319, 2.3622 -0.5157 0.1319, -1.6811 1.6201 0.1319, -1.6319 1.6693 0.1319, -1.6811 1.4262 0.1319, -1.5236 1.6693 0.1319, -1.6811 1.2323 0.1319, -1.9134 1.2323 0.1319, -1.9094 1.2323 0.1319, -1.9094 1.2087 0.1319, -1.8012 1.2087 0.1319, -2.5945 1.2323 0.1319, -3.0925 -1.2736 0.1319, 1.4558 -1.216 0.1319, 1.4366 -1.2063 0.1319, 2.0965 -1.5 0.1319, 2.3622 -1.5 0.1319, 1.3544 -1.2166 0.1319, 1.3384 -1.2305 0.1319, 1.4151 -1.2013 0.1319, 1.3959 -1.2013 0.1319, 1.3732 -1.2068 0.1319, 0.6526 -1.216 0.1319, 0.6334 -1.2063 0.1319, 1.3178 -1.2687 0.1319, 1.315 -1.2913 0.1319, 0.68 -1.2447 0.1319, 0.6685 -1.2295 0.1319, 0.6119 -1.2013 0.1319, 0.5928 -1.2013 0.1319, 1.3253 -1.2492 0.1319, 0.57 -1.2068 0.1319, 0.5512 -1.2166 0.1319, 0.5353 -1.2305 0.1319, -0.1505 -1.216 0.1319, -0.1697 -1.2063 0.1319, 0.5147 -1.2687 0.1319, 0.5118 -1.2913 0.1319, -0.1232 -1.2447 0.1319, -0.1346 -1.2295 0.1319, -0.1912 -1.2013 0.1319, -0.2104 -1.2013 0.1319, 0.5222 -1.2492 0.1319, -0.2331 -1.2068 0.1319, -0.2519 -1.2166 0.1319, -0.2679 -1.2305 0.1319, -0.281 -1.2492 0.1319, -0.2885 -1.2687 0.1319, -0.2913 -1.2913 0.1319, -1.0945 -1.2913 0.1319, -1.0944 -1.2958 0.1319, -1.0915 -1.3145 0.1319, -1.0845 -1.3328 0.1319, -1.8307 -2.3071 0.1319, -1.0721 -1.351 0.1319, -1.0566 -1.365 0.1319, -1.8307 -3.1142 0.1319, -1.0379 -1.3753 0.1319, -1.0166 -1.381 0.1319, 0.0 -3.1142 0.1319, -0.9943 -1.3814 0.1319, -0.9715 -1.3759 0.1319, -0.9527 -1.366 0.1319, -0.9368 -1.3521 0.1319, -0.2134 -1.381 0.1319, -0.9238 -1.3334 0.1319, -0.9163 -1.3139 0.1319, -0.9134 -1.2913 0.1319, -0.9139 -1.2814 0.1319, -0.2912 -1.2958 0.1319, -0.2883 -1.3145 0.1319, -0.2813 -1.3328 0.1319, -0.2689 -1.351 0.1319, -0.918 -1.2627 0.1319, -0.9263 -1.2447 0.1319, -0.9378 -1.2295 0.1319, -0.2535 -1.365 0.1319, -0.2347 -1.3753 0.1319, -0.9537 -1.216 0.1319, -0.9729 -1.2063 0.1319, -0.9944 -1.2013 0.1319, -1.0135 -1.2013 0.1319, -1.0363 -1.2068 0.1319, -1.0551 -1.2166 0.1319, -1.071 -1.2305 0.1319, -0.1912 -1.3814 0.1319, -0.1684 -1.3759 0.1319, -0.1496 -1.366 0.1319, -0.1337 -1.3521 0.1319, 0.5897 -1.381 0.1319, -0.1206 -1.3334 0.1319, -0.1131 -1.3139 0.1319, -0.1102 -1.2913 0.1319, -0.1108 -1.2814 0.1319, -0.1149 -1.2627 0.1319, 0.5119 -1.2958 0.1319, 0.5148 -1.3145 0.1319, 0.5218 -1.3328 0.1319, 0.5342 -1.351 0.1319, 0.5497 -1.365 0.1319, 0.5684 -1.3753 0.1319, 0.6536 -1.366 0.1319, 0.6695 -1.3521 0.1319, 0.612 -1.3814 0.1319, 0.6348 -1.3759 0.1319, 0.6825 -1.3334 0.1319, 0.69 -1.3139 0.1319, 1.3929 -1.381 0.1319, 0.6929 -1.2913 0.1319, 0.6924 -1.2814 0.1319, 0.6883 -1.2627 0.1319, 1.3151 -1.2958 0.1319, 1.318 -1.3145 0.1319, 1.325 -1.3328 0.1319, 1.3374 -1.351 0.1319, 1.3528 -1.365 0.1319, 1.3716 -1.3753 0.1319, 1.4151 -1.3814 0.1319, 1.4857 -1.3334 0.1319, 1.4932 -1.3139 0.1319, 1.4379 -1.3759 0.1319, 1.4567 -1.366 0.1319, 1.4726 -1.3521 0.1319, 1.4961 -1.2913 0.1319, 1.4955 -1.2814 0.1319, 1.4914 -1.2627 0.1319, 1.4831 -1.2447 0.1319, 1.4717 -1.2295 0.1319, -1.0841 -1.2492 0.1319, -1.0916 -1.2687 0.1319, 3.0925 -1.2736 0.1319, 3.0925 -1.5 0.1319, -1.8307 -2.3071 0.0728, -1.8307 -3.1142 0.0728, -2.3278 -1.6823 0.0728, -2.4066 -1.6647 0.0728, -2.4877 -1.6576 0.0728, -2.5313 -1.6583 0.0728, -2.6115 -1.6678 0.0728, -2.6903 -1.6879 0.0728, -2.7313 -1.703 0.0728, -2.8038 -1.7385 0.0728, -2.8715 -1.7836 0.0728, -2.9052 -1.8114 0.0728, -2.9619 -1.8689 0.0728, -3.0108 -1.9338 0.0728, -3.0334 -1.9712 0.0728, -3.0679 -2.0443 0.0728, -3.0925 -2.1217 0.0728, -2.0504 -1.8551 0.0728, -2.1092 -1.799 0.0728, -2.1438 -1.7722 0.0728, -2.2123 -1.7296 0.0728, -2.2864 -1.6961 0.0728, -3.0925 -3.1142 0.0728, -3.0925 -2.4137 0.0728, -3.0812 -2.4538 0.0728, -3.0514 -2.5291 0.0728, -3.0313 -2.5679 0.0728, -2.987 -2.6354 0.0728, -2.9338 -2.6969 0.0728, -2.902 -2.7268 0.0728, -2.8379 -2.7759 0.0728, -2.7673 -2.8163 0.0728, -2.7274 -2.834 0.0728, -2.6506 -2.8591 0.0728, -2.4464 -2.8756 0.0728, -2.5271 -2.8773 0.0728, -2.5707 -2.8738 0.0728, -2.366 -2.8631 0.0728, -2.3238 -2.852 0.0728, -2.2482 -2.8236 0.0728, -2.1765 -2.7852 0.0728, -2.1403 -2.7607 0.0728, -2.0784 -2.7089 0.0728, -2.0235 -2.6489 0.0728, -1.9974 -2.6139 0.0728, -1.9561 -2.5445 0.0728, -1.9242 -2.4697 0.0728, -1.9112 -2.428 0.0728, -1.8952 -2.3488 0.0728, -1.8898 -2.2677 0.0728, -1.8912 -2.226 0.0728, -1.9021 -2.1458 0.0728, -1.9123 -2.1034 0.0728, -1.9392 -2.0272 0.0728, -1.9761 -1.9548 0.0728, -1.9998 -1.9181 0.0728, 3.0925 -3.1142 0.2146, 0.0 -3.1142 0.2146, -3.0925 -3.1142 0.2146, -3.0138 -1.2982 5.1201, -3.0138 1.5906 5.1201, -3.0925 1.6693 5.0413, -3.0433 -4.2657 5.0906, -3.0138 -4.2362 5.1201, -3.0925 -4.2165 5.0413, -3.0138 -1.3524 5.1201, -3.0925 -1.2982 5.0413, -3.0925 -1.2736 5.0413, -0.9173 -4.2656 5.0907, -0.9173 -4.2362 5.1201, -1.9867 -4.2362 5.1201, -0.9173 -4.2953 5.061, -1.9867 -4.2953 5.061, -3.0138 -4.2953 5.061, 3.0433 -4.2657 5.0906, 3.0138 -4.2953 5.061, 3.0925 -4.2165 5.0413, 3.0138 -4.2953 2.6526, 3.0138 -4.2953 0.2933, 3.0925 -4.2165 0.2146, 3.0925 -4.2165 2.6526, 3.0925 -3.6653 0.2146, 0.0 -4.2165 0.2146, -3.0925 -4.2165 0.2146, -3.0925 -3.6653 0.2146, -3.0138 -4.2953 0.2933, -3.0925 -4.2165 2.6526, -3.0138 -4.2953 2.6526, 0.0 -4.2953 0.2933, 2.6122 1.5906 0.3406, 2.6122 1.5906 0.5492, 2.6122 1.498 0.5492, 2.6122 1.5906 0.25, 2.6122 1.498 0.25, 2.6122 1.4274 0.25, 2.6122 1.4311 0.5492, 2.6122 1.4055 0.25, 2.6122 1.4055 0.5492
            ]
        }
        coordIndex [
            0,1,2,-1,0,2,3,-1,3,2,4,-1,3,4,5,-1,1,0,6,-1,1,6,7,-1,7,6,8,-1,7,8,9,-1,9,8,10,-1,9,10,11,-1,12,13,14,-1,12,14,15,-1,15,14,11,-1,15,11,10,-1,13,12,16,-1,17,18,19,-1,19,18,20,-1,19,20,16,-1,16,20,21,-1,16,21,13,-1,22,23,24,-1,22,24,25,-1,25,24,18,-1,25,18,17,-1,26,27,28,-1,26,28,29,-1,28,30,29,-1,29,30,31,-1,29,31,32,-1,31,33,32,-1,32,33,34,-1,32,34,35,-1,35,36,32,-1,32,36,37,-1,32,37,38,-1,38,39,32,-1,32,39,40,-1,32,40,41,-1,41,40,42,-1,42,43,41,-1,41,43,44,-1,41,44,45,-1,45,44,46,-1,46,47,45,-1,45,47,48,-1,45,48,49,-1,49,50,45,-1,45,50,51,-1,45,51,52,-1,52,53,45,-1,45,53,54,-1,45,54,55,-1,55,56,45,-1,45,56,57,-1,45,57,58,-1,57,59,58,-1,58,59,60,-1,58,60,61,-1,61,62,58,-1,58,62,63,-1,58,63,64,-1,64,65,58,-1,58,65,66,-1,58,66,67,-1,67,68,58,-1,58,68,69,-1,58,69,70,-1,71,72,26,-1,26,72,73,-1,26,73,27,-1,74,75,76,-1,76,75,77,-1,74,78,75,-1,75,78,79,-1,75,79,80,-1,80,81,75,-1,75,81,82,-1,75,82,83,-1,82,84,83,-1,83,84,85,-1,83,85,73,-1,73,85,86,-1,73,86,87,-1,87,88,73,-1,73,88,89,-1,73,89,27,-1,90,91,92,-1,71,90,72,-1,72,90,92,-1,72,92,93,-1,93,92,94,-1,95,32,41,-1,95,41,96,-1,96,41,45,-1,96,45,97,-1,98,99,100,-1,101,102,103,-1,103,102,104,-1,103,104,105,-1,105,104,106,-1,107,108,109,-1,109,108,110,-1,111,112,113,-1,111,113,114,-1,104,114,106,-1,106,114,113,-1,106,113,110,-1,110,113,115,-1,110,115,116,-1,13,117,118,-1,119,120,121,-1,121,122,123,-1,124,119,125,-1,125,119,121,-1,125,121,126,-1,126,121,123,-1,127,128,129,-1,129,128,130,-1,129,130,131,-1,131,130,132,-1,131,132,133,-1,133,132,134,-1,133,134,135,-1,135,134,136,-1,137,138,139,-1,140,141,142,-1,142,141,143,-1,142,143,144,-1,144,143,145,-1,139,146,147,-1,145,137,144,-1,144,137,139,-1,144,139,148,-1,148,139,147,-1,149,150,151,-1,152,153,154,-1,135,142,133,-1,133,142,144,-1,133,144,155,-1,155,144,156,-1,155,156,157,-1,158,154,159,-1,160,161,162,-1,162,161,152,-1,162,152,163,-1,163,152,154,-1,163,154,164,-1,164,154,158,-1,164,158,165,-1,166,9,167,-1,167,9,11,-1,168,169,170,-1,171,172,173,-1,172,174,173,-1,173,174,175,-1,173,175,176,-1,177,178,179,-1,177,179,180,-1,180,179,181,-1,180,181,182,-1,182,181,183,-1,182,183,184,-1,184,185,182,-1,182,185,186,-1,182,186,187,-1,188,189,166,-1,166,189,190,-1,166,190,191,-1,171,173,192,-1,192,173,193,-1,192,193,194,-1,194,193,195,-1,194,195,196,-1,191,197,166,-1,166,197,198,-1,166,198,199,-1,200,201,199,-1,199,201,202,-1,196,203,194,-1,194,203,204,-1,194,204,205,-1,205,206,194,-1,194,206,207,-1,194,207,208,-1,202,209,199,-1,199,209,210,-1,199,210,166,-1,166,210,211,-1,166,211,194,-1,212,213,166,-1,208,214,194,-1,194,214,215,-1,194,215,166,-1,166,215,216,-1,166,216,212,-1,213,217,166,-1,166,217,218,-1,166,218,9,-1,9,218,219,-1,9,219,220,-1,221,222,7,-1,220,223,9,-1,9,223,224,-1,9,224,7,-1,7,224,225,-1,7,225,221,-1,222,226,7,-1,7,226,227,-1,7,227,228,-1,229,230,7,-1,231,232,173,-1,176,233,173,-1,173,233,234,-1,173,234,231,-1,228,235,7,-1,7,235,173,-1,7,173,229,-1,229,173,232,-1,236,237,238,-1,238,237,239,-1,237,240,239,-1,239,240,241,-1,239,241,242,-1,242,243,239,-1,239,243,244,-1,239,244,245,-1,236,238,200,-1,200,238,246,-1,200,246,247,-1,247,248,200,-1,200,248,249,-1,200,249,250,-1,250,251,200,-1,200,251,252,-1,200,252,201,-1,253,254,245,-1,253,245,255,-1,255,245,256,-1,255,256,257,-1,254,258,245,-1,245,258,259,-1,245,259,260,-1,230,261,7,-1,7,261,239,-1,7,239,262,-1,262,239,245,-1,262,245,263,-1,263,245,260,-1,257,256,187,-1,187,256,264,-1,187,264,265,-1,265,266,187,-1,187,266,267,-1,187,267,268,-1,268,269,187,-1,187,269,270,-1,187,270,182,-1,263,271,262,-1,262,271,272,-1,262,272,273,-1,273,274,262,-1,262,274,275,-1,262,275,276,-1,276,277,262,-1,262,277,278,-1,262,278,133,-1,133,278,279,-1,133,279,280,-1,280,281,133,-1,133,281,282,-1,133,282,283,-1,178,188,179,-1,179,188,166,-1,179,166,283,-1,283,166,284,-1,283,284,133,-1,100,285,159,-1,159,285,286,-1,159,286,158,-1,158,286,287,-1,158,287,155,-1,155,287,288,-1,155,288,133,-1,133,288,289,-1,133,289,262,-1,290,291,292,-1,292,291,293,-1,292,293,294,-1,294,293,167,-1,295,296,297,-1,295,297,125,-1,297,298,11,-1,11,298,168,-1,11,168,167,-1,167,168,170,-1,167,170,294,-1,11,14,297,-1,297,14,13,-1,297,13,125,-1,125,13,118,-1,125,118,124,-1,20,18,24,-1,299,117,116,-1,116,117,13,-1,116,13,110,-1,110,13,21,-1,110,21,109,-1,109,21,20,-1,109,20,300,-1,300,20,24,-1,300,24,23,-1,301,302,262,-1,95,301,303,-1,303,301,262,-1,303,262,304,-1,305,306,7,-1,302,307,262,-1,262,307,308,-1,262,308,7,-1,7,308,309,-1,7,309,305,-1,310,311,312,-1,313,314,312,-1,312,314,315,-1,312,315,310,-1,316,317,7,-1,306,318,7,-1,7,318,312,-1,7,312,316,-1,316,312,311,-1,317,319,7,-1,7,319,320,-1,7,320,321,-1,322,323,324,-1,325,326,324,-1,324,326,327,-1,324,327,322,-1,328,329,7,-1,321,330,7,-1,7,330,324,-1,7,324,328,-1,328,324,323,-1,329,331,7,-1,7,331,332,-1,7,332,333,-1,333,334,7,-1,7,334,335,-1,7,335,336,-1,4,337,338,-1,338,339,4,-1,4,339,340,-1,4,340,341,-1,340,342,341,-1,341,342,343,-1,341,343,344,-1,343,345,344,-1,344,345,346,-1,344,346,347,-1,347,346,348,-1,347,348,349,-1,349,350,347,-1,347,350,351,-1,347,351,352,-1,352,351,353,-1,352,353,354,-1,355,356,336,-1,336,357,355,-1,355,357,358,-1,355,358,354,-1,354,358,359,-1,354,359,360,-1,356,361,336,-1,336,361,362,-1,336,362,363,-1,360,364,354,-1,354,364,365,-1,354,365,352,-1,363,366,336,-1,336,366,367,-1,336,367,7,-1,7,367,368,-1,7,368,369,-1,369,370,7,-1,7,370,371,-1,7,371,372,-1,352,373,347,-1,347,373,374,-1,347,374,375,-1,375,376,377,-1,377,376,378,-1,377,378,379,-1,380,381,325,-1,325,381,382,-1,325,382,326,-1,325,383,380,-1,380,383,384,-1,380,384,379,-1,379,384,385,-1,379,385,386,-1,386,387,379,-1,379,387,388,-1,379,388,377,-1,389,390,97,-1,375,377,347,-1,347,377,391,-1,347,391,97,-1,97,391,392,-1,97,392,389,-1,393,394,395,-1,393,395,390,-1,396,397,313,-1,313,397,398,-1,313,398,314,-1,313,399,396,-1,396,399,400,-1,396,400,394,-1,394,400,401,-1,394,401,402,-1,402,403,394,-1,394,403,404,-1,394,404,395,-1,390,395,97,-1,97,395,405,-1,97,405,96,-1,406,407,95,-1,405,408,96,-1,96,408,409,-1,96,409,95,-1,95,409,410,-1,95,410,406,-1,407,411,95,-1,95,411,412,-1,95,412,413,-1,413,414,95,-1,95,414,415,-1,95,415,301,-1,372,416,7,-1,7,416,417,-1,7,417,1,-1,1,417,337,-1,1,337,2,-1,2,337,4,-1,159,149,100,-1,100,149,151,-1,100,151,98,-1,98,151,418,-1,98,418,419,-1,5,4,341,-1,5,341,420,-1,420,341,344,-1,420,344,421,-1,422,423,17,-1,17,423,424,-1,424,425,17,-1,17,425,426,-1,17,426,25,-1,25,426,427,-1,427,428,25,-1,25,428,429,-1,25,429,22,-1,22,429,430,-1,430,431,22,-1,22,431,432,-1,22,432,433,-1,433,434,22,-1,22,434,435,-1,22,435,436,-1,19,6,17,-1,17,6,0,-1,0,437,438,-1,438,439,0,-1,0,439,440,-1,0,440,17,-1,17,440,441,-1,17,441,422,-1,442,443,444,-1,444,445,442,-1,442,445,446,-1,442,446,447,-1,447,448,442,-1,442,448,449,-1,442,449,450,-1,450,451,442,-1,442,451,452,-1,442,452,453,-1,454,421,455,-1,455,421,442,-1,455,442,456,-1,456,442,453,-1,454,457,421,-1,421,457,458,-1,421,458,459,-1,459,460,421,-1,421,460,461,-1,421,461,462,-1,462,463,421,-1,421,463,464,-1,421,464,465,-1,465,466,421,-1,421,466,467,-1,421,467,420,-1,420,467,468,-1,420,468,469,-1,469,470,420,-1,420,470,471,-1,420,471,5,-1,471,472,5,-1,5,472,473,-1,5,473,474,-1,474,475,5,-1,5,475,437,-1,5,437,3,-1,3,437,0,-1,16,12,15,-1,19,16,6,-1,6,16,15,-1,6,15,8,-1,8,15,10,-1,45,58,97,-1,97,58,476,-1,97,476,477,-1,442,421,478,-1,478,421,344,-1,478,344,477,-1,477,344,347,-1,477,347,97,-1,479,480,481,-1,482,483,484,-1,484,483,485,-1,484,485,486,-1,486,485,479,-1,486,479,487,-1,487,479,481,-1,488,489,490,-1,491,488,492,-1,492,488,490,-1,492,490,493,-1,493,490,483,-1,493,483,482,-1,494,495,496,-1,496,495,497,-1,498,499,497,-1,497,499,500,-1,497,500,496,-1,477,476,501,-1,502,503,504,-1,499,502,501,-1,501,502,504,-1,501,504,477,-1,477,504,478,-1,503,505,506,-1,506,505,507,-1,506,507,484,-1,484,507,493,-1,484,493,482,-1,499,498,502,-1,502,498,508,-1,502,508,503,-1,503,508,505,-1,509,510,511,-1,512,509,513,-1,513,509,511,-1,513,511,514,-1,514,511,515,-1,514,515,516,-1,516,515,517,-1,
        ]
    }
}
Shape{
    appearance Appearance {
        material  Material 	{
            diffuseColor 0.8509803921568627 0.8509803921568627 0.8509803921568627
            specularColor 0.4235294117647059 0.4235294117647059 0.4235294117647059
            ambientIntensity 0.851
            transparency 0.0
            shininess 0.5
        }
    }
    geometry IndexedFaceSet {
        ccw TRUE
        solid FALSE
        coord DEF co Coordinate {
            point [
                2.6122 1.4055 1.1398, 2.8091 1.4055 0.5492, 2.5925 1.4055 1.1398, 2.7894 1.4055 0.5492, 2.7894 1.4055 0.25, 2.8091 1.4055 0.25, 2.8091 1.4055 -1.124, 2.5925 1.4055 -1.124, 2.5925 1.4055 0.25, 2.6122 1.4055 0.25, 2.5925 1.4055 0.5492, 2.6122 1.4055 0.5492, 2.8091 1.4055 3.9604, 2.8091 1.4055 1.5335, 2.5925 1.4055 3.9604, 2.7894 1.4055 1.5335, 2.5925 1.4055 1.5335, 2.6122 1.4055 1.5335, 2.6122 1.4055 1.4182, 2.7894 1.4055 1.4182, 2.7894 1.4055 1.1398, 2.8091 1.4055 1.1398, 2.5925 1.3189 0.5492, 2.5925 1.3189 1.1398, 2.5925 1.2323 0.5492, 2.5925 1.2323 1.1398
            ]
        }
        coordIndex [
            0,1,2,-1,2,1,3,-1,4,5,6,-1,7,8,9,-1,10,2,11,-1,11,2,3,-1,11,3,9,-1,9,3,4,-1,9,4,7,-1,7,4,6,-1,12,13,14,-1,14,13,15,-1,16,14,17,-1,17,14,15,-1,17,15,18,-1,18,15,19,-1,18,19,0,-1,0,19,20,-1,0,20,1,-1,1,20,21,-1,2,10,22,-1,2,22,23,-1,23,22,24,-1,23,24,25,-1,
        ]
    }
}
Shape{
    appearance Appearance {
        material  Material 	{
            diffuseColor 0.2235294117647059 0.2235294117647059 0.2235294117647059
            specularColor 0.11372549019607843 0.11372549019607843 0.11372549019607843
            ambientIntensity 0.2235
            transparency 0.0
            shininess 0.5
        }
    }
    geometry IndexedFaceSet {
        ccw TRUE
        solid FALSE
        coord DEF co Coordinate {
            point [
                2.7894 1.2323 1.5335, 2.8091 1.2323 1.5335, 2.8091 1.2323 1.9685, 2.6122 1.2323 0.1555, 2.7894 1.2323 0.1555, 2.6122 1.2323 0.5492, 2.7894 1.2323 0.5492, 2.8091 1.2323 0.5492, 2.8091 1.2323 1.1398, 2.7894 1.2323 1.1398, 2.5925 1.2323 1.9685, 2.5925 1.2323 1.5335, 2.6122 1.2323 1.5335, 2.5925 1.2323 0.5492, 2.5925 1.2323 1.1398, 2.6122 1.2323 1.1398, 2.8091 1.2323 3.7815, 2.5925 1.2323 3.7815, 2.5925 1.4055 0.5492, 2.6122 1.4055 0.5492, 2.6122 1.4311 0.5492, 1.8878 1.2028 0.5492, 1.8878 1.1929 0.5492, 2.25 1.1929 0.5492, 1.8878 1.4311 0.5492, 1.8878 1.4055 0.5492, 1.9075 1.4055 0.5492, 2.6122 1.2028 0.5492, 2.6122 1.1929 0.5492, 2.5925 1.3189 0.5492, 1.9075 1.3189 0.5492, 1.9075 1.2323 0.5492, 1.8878 1.2323 0.5492, 1.8878 1.498 0.5492, 2.6122 1.5906 0.5492, 2.5335 1.6693 0.5492, 2.6122 1.498 0.5492, 2.25 1.6693 0.5492, 1.9665 1.6693 0.5492, 1.8878 1.5906 0.5492, 2.5925 1.4055 1.5335, 2.6122 1.4055 1.5335, 2.6122 1.4311 1.5335, 1.8878 1.2028 1.5335, 1.8878 1.1929 1.5335, 2.25 1.1929 1.5335, 1.8878 1.4311 1.5335, 1.8878 1.4055 1.5335, 1.9075 1.4055 1.5335, 2.6122 1.2028 1.5335, 2.6122 1.1929 1.5335, 1.9075 1.2323 1.5335, 1.8878 1.2323 1.5335, 1.8878 1.498 1.5335, 2.6122 1.5906 1.5335, 2.5335 1.6693 1.5335, 2.6122 1.498 1.5335, 2.25 1.6693 1.5335, 1.9665 1.6693 1.5335, 1.8878 1.5906 1.5335, 1.9075 1.4055 1.1398, 1.8878 1.4055 1.1398, 1.8878 1.4311 1.1398, 2.6122 1.2028 1.1398, 2.6122 1.1929 1.1398, 2.25 1.1929 1.1398, 2.6122 1.4311 1.1398, 2.6122 1.4055 1.1398, 2.5925 1.4055 1.1398, 1.8878 1.1929 1.1398, 1.8878 1.2028 1.1398, 1.9075 1.3189 1.1398, 1.9075 1.2323 1.1398, 1.8878 1.2323 1.1398, 2.5925 1.3189 1.1398, 2.6122 1.498 1.1398, 1.8878 1.5906 1.1398, 1.9665 1.6693 1.1398, 1.8878 1.498 1.1398, 2.25 1.6693 1.1398, 2.5335 1.6693 1.1398, 2.6122 1.5906 1.1398, 2.8189 1.1929 3.6634, 2.4665 1.1929 3.6634, 2.4665 1.1807 3.7607, 2.8189 1.1807 3.7607, 2.4665 1.1475 3.8469, 2.8189 1.1475 3.8469, 2.4665 1.0984 3.9166, 2.8189 1.0894 3.9295, 2.4665 1.0894 3.9295, 2.8189 1.0738 3.9438, 2.4665 1.0394 3.9754, 2.8189 1.0394 3.9754, 2.4665 0.9572 4.024, 2.8189 0.9572 4.024, 2.4665 0.868 4.051, 2.8189 0.868 4.051, 2.4665 0.7992 4.0571, 2.8189 0.7992 4.0571, 2.4665 0.5276 4.0571, 2.8189 0.5276 4.0571, 2.8189 0.6634 4.0571, 2.4665 0.6634 4.0571, 2.5827 0.5276 4.2539, 2.4665 0.5276 4.0965, 2.5827 0.5276 4.372, 2.5827 0.5276 4.4902, 2.8189 0.5276 4.2539, 2.189 0.5276 4.0965, 2.189 0.5276 5.1201, 2.8189 0.5276 4.4902, 2.8189 0.5276 5.1201, 1.6811 0.5276 4.372, 1.6811 0.5276 4.2539, 1.5591 0.5276 4.0965, 1.6811 0.5276 4.4902, 1.5591 0.5276 5.1201, 1.9173 0.5276 4.4902, 1.9173 0.5276 4.372, 1.9173 0.5276 4.2539, 2.0335 0.5276 4.0965, 2.0335 0.5276 4.0571, 1.5708 0.5276 4.0571, 2.25 1.6693 4.0965, 2.0335 1.6693 4.0965, 2.0335 1.0984 4.0965, 2.4665 1.0984 4.0965, 2.4665 1.6693 4.0965, 2.4665 1.6693 3.5059, 2.4665 1.4311 3.5059, 2.4665 1.1929 3.5059, 1.6811 1.4049 3.6874, 1.6811 1.1922 3.6874, 1.6811 1.1929 3.6634, 1.6811 1.6201 2.0033, 1.6811 1.6201 3.6874, 1.6811 1.6201 1.5335, 1.6811 1.4078 1.5335, 1.6811 1.4049 1.5335, 1.6811 1.1929 1.5335, 1.6633 1.184 3.7469, 1.6319 1.6693 3.8523, 1.6594 1.1793 3.7603, 1.5591 1.6693 4.0965, 1.6366 1.1528 3.8366, 1.6337 1.1465 3.8462, 1.5708 0.6634 4.0571, 1.5708 0.7992 4.0571, 1.5591 1.0984 4.0965, 1.5733 0.8677 4.0489, 1.5742 0.8926 4.0459, 1.5812 0.9566 4.0223, 1.5834 0.9766 4.0149, 1.5957 1.0381 3.9735, 1.5996 1.0576 3.9604, 1.6091 1.0887 3.9288, 1.612 1.0984 3.9189, 1.6127 1.1005 3.9168, -3.0925 1.6693 2.561, -2.9843 1.6693 2.561, -2.9843 0.8524 2.561, -2.9843 0.0354 2.561, -3.0384 0.0354 2.561, -3.0925 0.8524 2.561, -3.0925 0.0354 2.561, -1.8878 1.2028 1.1398, -1.8878 1.1929 1.1398, -2.25 1.1929 1.1398, -2.6122 1.1929 1.1398, -2.6122 1.2028 1.1398, -2.5945 1.4055 1.1398, -2.6122 1.4055 1.1398, -2.6122 1.4311 1.1398, -2.5945 1.3189 1.1398, -2.5945 1.2323 1.1398, -2.6122 1.2323 1.1398, -1.8878 1.4311 1.1398, -1.8878 1.4055 1.1398, -1.9094 1.4055 1.1398, -2.6122 1.498 1.1398, -2.6122 1.5906 1.1398, -2.5335 1.6693 1.1398, -1.9665 1.6693 1.1398, -1.8878 1.5906 1.1398, -2.25 1.6693 1.1398, -1.8878 1.498 1.1398, -1.8878 1.2323 1.1398, -1.9094 1.2323 1.1398, -1.9094 1.3189 1.1398
            ]
        }
        coordIndex [
            0,1,2,-1,3,4,5,-1,5,4,6,-1,7,8,6,-1,6,8,9,-1,10,11,12,-1,13,5,14,-1,14,5,6,-1,14,6,15,-1,15,6,9,-1,15,9,12,-1,12,9,0,-1,12,0,10,-1,0,2,10,-1,10,2,16,-1,10,16,17,-1,18,19,20,-1,21,22,23,-1,24,25,26,-1,5,13,27,-1,27,13,23,-1,27,23,28,-1,29,30,31,-1,32,21,31,-1,31,21,23,-1,31,23,29,-1,29,23,13,-1,30,29,26,-1,26,29,18,-1,26,18,24,-1,24,18,20,-1,24,20,33,-1,34,35,36,-1,36,35,37,-1,38,39,37,-1,37,39,33,-1,37,33,36,-1,36,33,20,-1,40,41,42,-1,43,44,45,-1,46,47,48,-1,12,11,49,-1,49,11,45,-1,49,45,50,-1,40,48,51,-1,52,43,51,-1,51,43,45,-1,51,45,40,-1,40,45,11,-1,48,40,46,-1,46,40,42,-1,46,42,53,-1,54,55,56,-1,56,55,57,-1,58,59,57,-1,57,59,53,-1,57,53,56,-1,56,53,42,-1,60,61,62,-1,63,64,65,-1,66,67,68,-1,65,69,70,-1,71,65,72,-1,72,65,70,-1,72,70,73,-1,15,63,14,-1,14,63,65,-1,14,65,74,-1,74,65,71,-1,74,71,68,-1,68,71,60,-1,68,60,66,-1,66,60,62,-1,66,62,75,-1,76,77,78,-1,78,77,79,-1,80,81,79,-1,79,81,75,-1,79,75,78,-1,78,75,62,-1,82,83,84,-1,82,84,85,-1,85,84,86,-1,85,86,87,-1,87,86,88,-1,87,88,89,-1,89,88,90,-1,89,90,91,-1,91,90,92,-1,91,92,93,-1,93,92,94,-1,93,94,95,-1,95,94,96,-1,95,96,97,-1,97,96,98,-1,97,98,99,-1,100,101,102,-1,100,102,103,-1,103,102,99,-1,103,99,98,-1,104,105,106,-1,106,105,107,-1,104,108,105,-1,105,108,101,-1,105,101,100,-1,105,109,107,-1,107,109,110,-1,107,110,111,-1,111,110,112,-1,113,114,115,-1,113,115,116,-1,116,115,117,-1,116,117,118,-1,118,117,110,-1,118,110,119,-1,119,110,109,-1,119,109,120,-1,120,109,121,-1,120,121,114,-1,114,121,115,-1,115,121,122,-1,115,122,123,-1,124,125,126,-1,127,128,124,-1,126,121,109,-1,124,126,127,-1,127,126,109,-1,127,109,105,-1,128,127,88,-1,88,86,128,-1,128,86,84,-1,128,84,129,-1,129,84,83,-1,129,83,130,-1,130,83,131,-1,100,103,105,-1,105,103,98,-1,105,98,127,-1,127,98,96,-1,127,96,94,-1,94,92,127,-1,127,92,90,-1,127,90,88,-1,132,133,134,-1,135,136,132,-1,137,135,138,-1,138,135,132,-1,138,132,139,-1,139,132,134,-1,139,134,140,-1,141,142,143,-1,143,142,144,-1,143,144,145,-1,145,144,146,-1,141,133,142,-1,142,133,132,-1,142,132,136,-1,123,147,115,-1,115,147,148,-1,115,148,149,-1,148,150,149,-1,149,150,151,-1,149,151,152,-1,152,153,149,-1,149,153,154,-1,149,154,155,-1,155,156,149,-1,149,156,157,-1,149,157,144,-1,144,157,158,-1,144,158,146,-1,159,160,161,-1,161,162,163,-1,159,161,164,-1,164,161,163,-1,164,163,165,-1,166,167,168,-1,168,169,170,-1,171,172,173,-1,174,168,175,-1,175,168,170,-1,175,170,176,-1,177,178,179,-1,180,181,182,-1,183,184,185,-1,185,184,186,-1,187,166,188,-1,188,166,168,-1,188,168,189,-1,189,168,174,-1,189,174,179,-1,179,174,171,-1,179,171,177,-1,177,171,173,-1,177,173,186,-1,186,173,180,-1,186,180,185,-1,185,180,182,-1,
        ]
    }
}
Shape{
    appearance Appearance {
        material  Material 	{
            diffuseColor 0.8509803921568627 0.8509803921568627 0.8509803921568627
            specularColor 0.4235294117647059 0.4235294117647059 0.4235294117647059
            ambientIntensity 0.851
            transparency 0.0
            shininess 0.5
        }
    }
    geometry IndexedFaceSet {
        ccw TRUE
        solid FALSE
        coord DEF co Coordinate {
            point [
                -2.5945 1.2323 1.5335, -2.5945 1.4055 1.5335, -2.5945 1.2323 3.7815, -2.5945 1.4055 3.9604, -2.5945 -3.0512 4.4705, -2.5945 -3.0512 4.2736, -2.5945 -1.1555 4.4705, -2.5945 -1.1555 4.2736, -2.5945 -0.8228 4.4705, -2.5945 -0.8228 4.2736, -2.5945 0.7402 4.4705, -2.5945 0.7402 4.2736, -2.5945 0.8963 4.4526, -2.5945 0.8621 4.2583, -2.5945 1.0347 4.4043, -2.5945 0.9698 4.2168, -2.5945 1.1714 4.3188, -2.5945 1.073 4.144, -2.5945 1.2775 4.2127, -2.5945 1.1296 4.0824, -2.5945 1.3604 4.0815, -2.5945 1.1906 3.9797, -2.5945 1.2246 3.8683
            ]
        }
        coordIndex [
            0,1,2,-1,2,1,3,-1,4,5,6,-1,6,5,7,-1,6,7,8,-1,8,7,9,-1,8,9,10,-1,10,9,11,-1,10,11,12,-1,12,11,13,-1,12,13,14,-1,14,13,15,-1,14,15,16,-1,16,15,17,-1,16,17,18,-1,18,17,19,-1,18,19,20,-1,20,19,21,-1,20,21,3,-1,3,21,22,-1,3,22,2,-1,
        ]
    }
}
Shape{
    appearance Appearance {
        material  Material 	{
            diffuseColor 0.2235294117647059 0.2235294117647059 0.2235294117647059
            specularColor 0.11372549019607843 0.11372549019607843 0.11372549019607843
            ambientIntensity 0.2235
            transparency 0.0
            shininess 0.5
        }
    }
    geometry IndexedFaceSet {
        ccw TRUE
        solid FALSE
        coord DEF co Coordinate {
            point [
                -1.9094 1.4055 1.5335, -1.8878 1.4055 1.5335, -1.8878 1.4311 1.5335, -2.6122 1.4311 1.5335, -2.6122 1.4055 1.5335, -2.5945 1.4055 1.5335, -2.25 1.1929 1.5335, -1.9094 1.2323 1.5335, -1.8878 1.2323 1.5335, -1.8878 1.2028 1.5335, -1.8878 1.1929 1.5335, -2.5945 1.2323 1.5335, -2.6122 1.2323 1.5335, -2.6122 1.2028 1.5335, -2.6122 1.498 1.5335, -2.6122 1.1929 1.5335, -1.8878 1.5906 1.5335, -1.9665 1.6693 1.5335, -1.8878 1.498 1.5335, -2.25 1.6693 1.5335, -2.5335 1.6693 1.5335, -2.6122 1.5906 1.5335, -2.0335 1.1929 3.5059, -2.0335 1.4311 3.5059, -2.0335 1.1929 3.6634, -2.0335 1.6693 3.5059, -2.0335 1.1869 3.7322, -2.0335 1.6693 4.0965, -2.0335 1.1598 3.8214, -2.0335 0.5276 4.0571, -2.0335 0.6634 4.0571, -2.0335 0.5276 4.0965, -2.0335 0.7992 4.0571, -2.0335 1.0984 4.0965, -2.0335 0.8966 4.0449, -2.0335 0.9827 4.0117, -2.0335 1.0653 3.9535, -2.0335 1.0984 3.9175, -2.0335 1.1112 3.9035, 3.0925 1.6693 5.0413, 3.0925 1.6693 2.561, 2.9803 1.6693 5.0413, 2.9843 1.6693 2.561, 2.9803 1.6693 0.1319, 2.8681 1.6693 0.1319, 2.8681 1.6693 2.6261, 2.8681 1.6693 5.0413, 2.9565 1.6693 5.0413, 2.9843 1.6693 0.1319, 1.9665 1.6693 0.3406, 1.9665 1.6693 0.5492, 2.25 1.6693 0.5492, 2.5335 1.6693 0.3406, 2.5335 1.6693 0.1319, 2.25 1.6693 0.1319, 2.5335 1.6693 0.5492, 1.9665 1.6693 0.1319, -2.5335 1.6693 0.3406, -2.5335 1.6693 0.5492, -2.25 1.6693 0.5492, -1.9665 1.6693 0.3406, -1.9665 1.6693 0.1319, -2.25 1.6693 0.1319, -1.9665 1.6693 0.5492, -2.5335 1.6693 0.1319, -2.9803 1.6693 0.1319, -2.9843 1.6693 0.1319, -2.9843 1.6693 2.561, -2.8681 1.6693 5.0413, -2.8681 1.6693 2.6261, -2.9565 1.6693 5.0413, -2.9803 1.6693 5.0413, -3.0925 1.6693 2.561, -3.0925 1.6693 5.0413, -2.8681 1.6693 0.1319, 2.5335 1.6693 1.3366, 2.5335 1.6693 1.1398, 2.25 1.6693 1.1398, 2.5335 1.6693 1.5335, 1.9665 1.6693 1.1398, 1.9665 1.6693 1.3366, 2.25 1.6693 1.5335, 1.9665 1.6693 1.5335, 2.4665 1.6693 4.0965, 2.4665 1.6693 3.5059, 2.25 1.6693 3.5059, 2.25 1.6693 4.0965, 2.0335 1.6693 3.5059, 2.0335 1.6693 4.0965, -1.9665 1.6693 1.3366, -1.9665 1.6693 1.1398, -2.25 1.6693 1.1398, -2.5335 1.6693 1.1398, -2.5335 1.6693 1.3366, -2.25 1.6693 3.5059, -2.25 1.6693 4.0965, -2.4665 1.6693 3.5059, -2.4665 1.6693 4.0965, 1.2402 1.315 2.4469, 1.2402 1.315 1.1083, 0.0 1.315 1.1083, 0.0 1.315 2.4469, -1.2402 1.315 1.1083, -1.2402 1.315 2.4469, 1.2402 1.4921 1.1083, -1.2402 1.4921 1.1083, 1.2402 1.6693 1.1083, 0.0 1.6693 1.1083, -1.2402 1.6693 1.1083, -1.2402 1.6693 2.4469, -1.2402 1.4921 2.4469, 0.0 1.6693 2.4469, 1.2402 1.6693 2.4469, 1.2402 1.4921 2.4469
            ]
        }
        coordIndex [
            0,1,2,-1,3,4,5,-1,6,7,0,-1,8,7,9,-1,9,7,6,-1,9,6,10,-1,11,12,13,-1,14,3,2,-1,2,3,5,-1,2,5,0,-1,0,5,11,-1,0,11,6,-1,6,11,13,-1,6,13,15,-1,16,17,18,-1,18,17,19,-1,20,21,19,-1,19,21,14,-1,19,14,18,-1,18,14,2,-1,22,23,24,-1,24,23,25,-1,24,25,26,-1,26,25,27,-1,26,27,28,-1,29,30,31,-1,31,30,32,-1,31,32,33,-1,33,32,34,-1,33,34,35,-1,35,36,33,-1,33,36,37,-1,33,37,27,-1,27,37,38,-1,27,38,28,-1,39,40,41,-1,41,40,42,-1,43,44,45,-1,46,47,45,-1,45,47,41,-1,45,41,43,-1,43,41,42,-1,43,42,48,-1,49,50,51,-1,52,53,54,-1,51,55,52,-1,52,54,51,-1,51,54,56,-1,51,56,49,-1,57,58,59,-1,60,61,62,-1,59,63,60,-1,60,62,59,-1,59,62,64,-1,59,64,57,-1,65,66,67,-1,68,69,70,-1,70,69,71,-1,72,73,67,-1,67,73,71,-1,67,71,65,-1,65,71,69,-1,65,69,74,-1,75,76,77,-1,75,77,78,-1,77,79,80,-1,78,77,81,-1,81,77,80,-1,81,80,82,-1,83,84,85,-1,83,85,86,-1,86,85,87,-1,86,87,88,-1,89,90,91,-1,89,91,17,-1,91,92,93,-1,17,91,19,-1,19,91,93,-1,19,93,20,-1,27,25,94,-1,27,94,95,-1,95,94,96,-1,95,96,97,-1,98,99,100,-1,98,100,101,-1,101,100,102,-1,101,102,103,-1,100,99,104,-1,105,102,100,-1,104,106,107,-1,100,104,105,-1,105,104,107,-1,105,107,108,-1,108,109,110,-1,108,110,105,-1,105,110,103,-1,105,103,102,-1,101,103,110,-1,111,112,113,-1,109,111,110,-1,110,111,113,-1,110,113,101,-1,101,113,98,-1,112,106,104,-1,112,104,113,-1,113,104,99,-1,113,99,98,-1,
        ]
    }
}
Shape{
    appearance Appearance {
        material  Material 	{
            diffuseColor 1.0 1.0 0.0
            specularColor 0.5019607843137255 0.5019607843137255 0.0
            ambientIntensity 0.886
            transparency 0.0
            shininess 0.5
        }
    }
    geometry IndexedFaceSet {
        ccw TRUE
        solid FALSE
        coord DEF co Coordinate {
            point [
                -2.8602 -3.7716 4.7461, -2.8602 -3.7716 3.998, -2.8423 -3.9208 3.998, -2.8423 -3.9208 4.7461, -2.7941 -4.0525 3.998, -2.7941 -4.0525 4.7461, -2.7093 -4.1808 3.998, -2.7093 -4.1808 4.7461, -2.5992 -4.2823 3.998, -2.5992 -4.2823 4.7461, -2.4708 -4.3538 3.998, -2.4708 -4.3538 4.7461, -2.3343 -4.3929 3.998, -2.3343 -4.3929 4.7461, -2.25 -4.4013 3.998, -2.25 -4.4013 4.7461, -1.6398 -3.7716 3.998, -1.6398 -3.7716 4.7461, -1.6577 -3.9208 4.7461, -1.6577 -3.9208 3.998, -1.7059 -4.0525 4.7461, -1.7059 -4.0525 3.998, -1.7907 -4.1808 4.7461, -1.7907 -4.1808 3.998, -1.9008 -4.2823 4.7461, -1.9008 -4.2823 3.998, -2.0292 -4.3538 4.7461, -2.0292 -4.3538 3.998, -2.1657 -4.3929 4.7461, -2.1657 -4.3929 3.998, -1.6398 -3.7303 4.7461, -2.8602 -3.7303 4.7461, -1.9027 -4.0823 4.7461, -1.6398 -3.4114 4.7461, -1.6398 -3.0512 4.7461, -1.9273 -3.0512 4.7461, -2.255 -3.0551 4.7461, -2.2842 -3.0514 4.7461, -2.2148 -3.0512 4.7461, -2.22 -3.0524 4.7461, -2.245 -3.0551 4.7461, -2.25 -3.0551 4.7461, -2.2852 -3.0512 4.7461, -2.5727 -3.0512 4.7461, -2.8602 -3.4114 4.7461, -2.8602 -3.0512 4.7461, -2.8602 -3.7303 3.998, -1.6398 -3.7303 3.998, -2.5973 -4.0823 3.998, -2.8602 -3.4114 3.998, -2.8602 -3.0512 3.998, -2.5727 -3.0512 3.998, -2.245 -3.0551 3.998, -2.22 -3.0524 3.998, -2.2852 -3.0512 3.998, -2.2842 -3.0514 3.998, -2.255 -3.0551 3.998, -2.25 -3.0551 3.998, -2.2148 -3.0512 3.998, -1.9273 -3.0512 3.998, -1.6398 -3.4114 3.998, -1.6398 -3.0512 3.998
            ]
        }
        coordIndex [
            0,1,2,-1,0,2,3,-1,3,2,4,-1,3,4,5,-1,5,4,6,-1,5,6,7,-1,7,6,8,-1,7,8,9,-1,9,8,10,-1,9,10,11,-1,11,10,12,-1,11,12,13,-1,13,12,14,-1,13,14,15,-1,16,17,18,-1,16,18,19,-1,19,18,20,-1,19,20,21,-1,21,20,22,-1,21,22,23,-1,23,22,24,-1,23,24,25,-1,25,24,26,-1,25,26,27,-1,27,26,28,-1,27,28,29,-1,29,28,15,-1,29,15,14,-1,30,31,0,-1,30,0,17,-1,17,0,3,-1,17,3,5,-1,5,7,17,-1,17,7,9,-1,17,9,11,-1,11,13,17,-1,17,13,32,-1,17,32,18,-1,18,32,20,-1,13,15,32,-1,32,15,28,-1,32,28,26,-1,26,24,32,-1,32,24,22,-1,32,22,20,-1,33,34,35,-1,36,37,31,-1,35,38,33,-1,33,38,39,-1,33,39,30,-1,30,39,40,-1,30,40,31,-1,31,40,41,-1,31,41,36,-1,37,42,31,-1,31,42,43,-1,31,43,44,-1,44,43,45,-1,1,46,47,-1,47,16,1,-1,1,16,19,-1,1,19,21,-1,21,23,1,-1,1,23,25,-1,1,25,27,-1,27,29,1,-1,1,29,48,-1,1,48,2,-1,2,48,4,-1,29,14,48,-1,48,14,12,-1,48,12,10,-1,10,8,48,-1,48,8,6,-1,48,6,4,-1,49,50,51,-1,52,53,47,-1,51,54,49,-1,49,54,55,-1,49,55,46,-1,46,55,56,-1,46,56,47,-1,47,56,57,-1,47,57,52,-1,53,58,47,-1,47,58,59,-1,47,59,60,-1,60,59,61,-1,
        ]
    }
}
Shape{
    appearance Appearance {
        material  Material 	{
            diffuseColor 0.0 1.0 0.0
            specularColor 0.0 0.5019607843137255 0.0
            ambientIntensity 0.587
            transparency 0.0
            shininess 0.5
        }
    }
    geometry IndexedFaceSet {
        ccw TRUE
        solid FALSE
        coord DEF co Coordinate {
            point [
                1.6417 -3.7716 4.7461, 1.6417 -3.7716 3.998, 1.6596 -3.9208 3.998, 1.6596 -3.9208 4.7461, 1.7078 -4.0525 3.998, 1.7078 -4.0525 4.7461, 1.7927 -4.1808 3.998, 1.7927 -4.1808 4.7461, 1.9028 -4.2823 3.998, 1.9028 -4.2823 4.7461, 2.0311 -4.3538 3.998, 2.0311 -4.3538 4.7461, 2.1677 -4.3929 3.998, 2.1677 -4.3929 4.7461, 2.252 -4.4013 3.998, 2.252 -4.4013 4.7461, 2.8622 -3.7716 3.998, 2.8622 -3.7716 4.7461, 2.8443 -3.9208 4.7461, 2.8443 -3.9208 3.998, 2.7961 -4.0525 4.7461, 2.7961 -4.0525 3.998, 2.7113 -4.1808 4.7461, 2.7113 -4.1808 3.998, 2.6011 -4.2823 4.7461, 2.6011 -4.2823 3.998, 2.4728 -4.3538 4.7461, 2.4728 -4.3538 3.998, 2.3362 -4.3929 4.7461, 2.3362 -4.3929 3.998, 2.8622 -3.7303 4.7461, 1.6417 -3.7303 4.7461, 1.9047 -4.0823 4.7461, 2.8622 -3.0512 4.7461, 2.2852 -3.0512 4.7461, 2.8622 -3.4114 4.7461, 2.2833 -3.0517 4.7461, 2.255 -3.0551 4.7461, 2.25 -3.0551 4.7461, 2.245 -3.0551 4.7461, 2.2167 -3.0517 4.7461, 1.6417 -3.4114 4.7461, 2.2148 -3.0512 4.7461, 1.6417 -3.0512 4.7461, 1.6417 -3.7303 3.998, 2.8622 -3.7303 3.998, 1.9047 -4.0823 3.998, 1.6417 -3.0512 3.998, 2.2148 -3.0512 3.998, 1.6417 -3.4114 3.998, 2.2167 -3.0517 3.998, 2.245 -3.0551 3.998, 2.25 -3.0551 3.998, 2.255 -3.0551 3.998, 2.2833 -3.0517 3.998, 2.8622 -3.4114 3.998, 2.2852 -3.0512 3.998, 2.8622 -3.0512 3.998
            ]
        }
        coordIndex [
            0,1,2,-1,0,2,3,-1,3,2,4,-1,3,4,5,-1,5,4,6,-1,5,6,7,-1,7,6,8,-1,7,8,9,-1,9,8,10,-1,9,10,11,-1,11,10,12,-1,11,12,13,-1,13,12,14,-1,13,14,15,-1,16,17,18,-1,16,18,19,-1,19,18,20,-1,19,20,21,-1,21,20,22,-1,21,22,23,-1,23,22,24,-1,23,24,25,-1,25,24,26,-1,25,26,27,-1,27,26,28,-1,27,28,29,-1,29,28,15,-1,29,15,14,-1,18,17,0,-1,0,17,30,-1,0,30,31,-1,11,13,32,-1,11,32,9,-1,32,0,3,-1,3,5,32,-1,32,5,7,-1,32,7,9,-1,13,15,32,-1,32,15,28,-1,32,28,0,-1,0,28,26,-1,0,26,24,-1,24,22,0,-1,0,22,20,-1,0,20,18,-1,33,34,35,-1,35,34,36,-1,35,36,30,-1,30,36,37,-1,30,37,31,-1,31,37,38,-1,38,39,31,-1,31,39,40,-1,31,40,41,-1,41,40,42,-1,41,42,43,-1,1,44,45,-1,45,16,1,-1,1,16,19,-1,1,19,21,-1,21,23,1,-1,1,23,25,-1,1,25,27,-1,27,29,1,-1,1,29,46,-1,1,46,2,-1,2,46,4,-1,29,14,46,-1,46,14,12,-1,46,12,10,-1,10,8,46,-1,46,8,6,-1,46,6,4,-1,47,48,49,-1,49,48,50,-1,49,50,44,-1,44,50,51,-1,44,51,45,-1,45,51,52,-1,52,53,45,-1,45,53,54,-1,45,54,55,-1,55,54,56,-1,55,56,57,-1,
        ]
    }
}
Shape{
    appearance Appearance {
        material  Material 	{
            diffuseColor 0.2235294117647059 0.2235294117647059 0.2235294117647059
            specularColor 0.11372549019607843 0.11372549019607843 0.11372549019607843
            ambientIntensity 0.2235
            transparency 0.0
            shininess 0.5
        }
    }
    geometry IndexedFaceSet {
        ccw TRUE
        solid FALSE
        coord DEF co Coordinate {
            point [
                0.3549 1.1448 0.7933, 0.3937 1.1339 0.7933, 0.3937 0.8904 0.7933, -0.3551 1.1447 0.7933, -0.315 1.1608 0.7933, -0.315 1.0903 0.7933, -0.3937 1.1339 0.7933, 0.315 1.1608 0.7933, 0.315 1.0903 0.7933, -0.3937 0.8904 0.7933, 1.9974 -1.9216 0.0728, 2.0235 -1.8865 0.0728, 2.0669 -2.0186 0.0728, 2.1487 -1.9191 0.0728, 2.0669 -2.2913 0.0728, 1.9123 -2.4321 0.0728, 1.9021 -2.3896 0.0728, 1.8912 -2.3094 0.0728, 1.8898 -2.2677 0.0728, 1.8952 -2.1866 0.0728, 2.0669 -2.5641 0.0728, 1.9761 -2.5806 0.0728, 1.9392 -2.5082 0.0728, 2.1438 -2.7632 0.0728, 2.1487 -2.6635 0.0728, 2.2527 -2.7394 0.0728, 2.987 -1.9 0.0728, 2.9331 -2.0186 0.0728, 2.8513 -1.9191 0.0728, 2.7473 -1.8433 0.0728, 2.902 -1.8086 0.0728, 2.9338 -1.8385 0.0728, 2.6506 -1.6764 0.0728, 2.7274 -1.7014 0.0728, 2.6277 -1.7957 0.0728, 2.7673 -1.7191 0.0728, 2.8379 -1.7595 0.0728, 2.0784 -1.8265 0.0728, 2.1403 -1.7747 0.0728, 2.2527 -1.8433 0.0728, 1.9112 -2.1074 0.0728, 1.9242 -2.0657 0.0728, 1.9561 -1.991 0.0728, 2.4877 -2.8778 0.0728, 2.4066 -2.8708 0.0728, 2.5 -2.8031 0.0728, 2.3723 -2.787 0.0728, 3.0334 -2.5642 0.0728, 2.9331 -2.5641 0.0728, 3.0679 -2.4912 0.0728, 2.9331 -2.2913 0.0728, 3.0925 -2.4137 0.0728, 3.0925 -2.1217 0.0728, 3.0313 -1.9675 0.0728, 3.0514 -2.0063 0.0728, 3.0812 -2.0816 0.0728, 2.5707 -1.6616 0.0728, 2.5 -1.7795 0.0728, 2.5271 -1.6581 0.0728, 2.4464 -1.6598 0.0728, 2.3723 -1.7957 0.0728, 2.366 -1.6724 0.0728, 2.1765 -1.7503 0.0728, 2.2482 -1.7118 0.0728, 2.3238 -1.6835 0.0728, 2.1092 -2.7364 0.0728, 2.0504 -2.6803 0.0728, 1.9998 -2.6173 0.0728, 2.3278 -2.8532 0.0728, 2.2864 -2.8393 0.0728, 2.2123 -2.8059 0.0728, 2.5313 -2.8771 0.0728, 2.6277 -2.787 0.0728, 2.6115 -2.8677 0.0728, 3.0108 -2.6016 0.0728, 2.9619 -2.6665 0.0728, 2.8513 -2.6635 0.0728, 2.9052 -2.724 0.0728, 2.8715 -2.7518 0.0728, 2.7473 -2.7394 0.0728, 2.8038 -2.7969 0.0728, 2.7313 -2.8324 0.0728, 2.6903 -2.8475 0.0728, -3.0514 -2.5291 0.0728, -3.0812 -2.4538 0.0728, -2.9331 -2.2913 0.0728, -1.9021 -2.1458 0.0728, -1.8912 -2.226 0.0728, -2.0669 -2.2913 0.0728, -1.8898 -2.2677 0.0728, -1.8952 -2.3488 0.0728, -2.0504 -1.8551 0.0728, -1.9998 -1.9181 0.0728, -2.1487 -1.9191 0.0728, -2.0669 -2.0186 0.0728, -3.0925 -2.4137 0.0728, -3.0925 -2.1217 0.0728, -2.9331 -2.0186 0.0728, -3.0679 -2.0443 0.0728, -3.0334 -1.9712 0.0728, -3.0313 -2.5679 0.0728, -2.9331 -2.5641 0.0728, -2.987 -2.6354 0.0728, -2.8513 -2.6635 0.0728, -2.9338 -2.6969 0.0728, -2.6506 -2.8591 0.0728, -2.7274 -2.834 0.0728, -2.6277 -2.787 0.0728, -2.7473 -2.7394 0.0728, -2.5707 -2.8738 0.0728, -2.5 -2.8031 0.0728, -2.5271 -2.8773 0.0728, -2.1092 -1.799 0.0728, -2.2527 -1.8433 0.0728, -2.1438 -1.7722 0.0728, -2.4877 -1.6576 0.0728, -2.4066 -1.6647 0.0728, -2.5 -1.7795 0.0728, -2.3723 -1.7957 0.0728, -2.7673 -2.8163 0.0728, -2.8379 -2.7759 0.0728, -2.902 -2.7268 0.0728, -2.4464 -2.8756 0.0728, -2.3723 -2.787 0.0728, -2.366 -2.8631 0.0728, -2.3238 -2.852 0.0728, -2.2527 -2.7394 0.0728, -2.2482 -2.8236 0.0728, -1.9112 -2.428 0.0728, -1.9242 -2.4697 0.0728, -2.0669 -2.5641 0.0728, -1.9561 -2.5445 0.0728, -1.9761 -1.9548 0.0728, -1.9392 -2.0272 0.0728, -1.9123 -2.1034 0.0728, -2.3278 -1.6823 0.0728, -2.2864 -1.6961 0.0728, -2.2123 -1.7296 0.0728, -3.0108 -1.9338 0.0728, -2.9619 -1.8689 0.0728, -2.8513 -1.9191 0.0728, -2.1765 -2.7852 0.0728, -2.1487 -2.6635 0.0728, -2.1403 -2.7607 0.0728, -1.9974 -2.6139 0.0728, -2.0235 -2.6489 0.0728, -2.0784 -2.7089 0.0728, -2.7313 -1.703 0.0728, -2.6277 -1.7957 0.0728, -2.7473 -1.8433 0.0728, -2.9052 -1.8114 0.0728, -2.8715 -1.7836 0.0728, -2.8038 -1.7385 0.0728, -2.6903 -1.6879 0.0728, -2.6115 -1.6678 0.0728, -2.5313 -1.6583 0.0728, 2.1284 -2.1732 -1.1083, 2.8716 -2.1732 -1.1083, 2.0669 -2.1732 -0.9463, 2.9331 -2.1732 -0.9463, 2.0669 -2.1732 -0.0453, 2.9331 -2.1732 -0.0453, 2.8716 -2.4094 -1.1083, 2.1284 -2.4094 -1.1083, 2.9331 -2.4094 -0.9463, 2.0669 -2.4094 -0.9463, 2.9331 -2.4094 -0.0453, 2.0669 -2.4094 -0.0453, -2.8716 -2.1732 -1.1083, -2.1284 -2.1732 -1.1083, -2.9331 -2.1732 -0.9463, -2.0669 -2.1732 -0.9463, -2.9331 -2.1732 -0.0453, -2.0669 -2.1732 -0.0453, -2.1284 -2.4094 -1.1083, -2.8716 -2.4094 -1.1083, -2.0669 -2.4094 -0.9463, -2.9331 -2.4094 -0.9463, -2.0669 -2.4094 -0.0453, -2.9331 -2.4094 -0.0453, -2.0669 -2.3219 0.0688, -2.0669 -2.3504 0.057, -2.0669 -2.6928 -0.5571, -2.0669 -2.6794 -0.5819, -2.0669 -2.5641 -0.4783, -2.0669 -2.6056 -0.7094, -2.0669 -2.5227 -0.8306, -2.0669 -2.4705 -0.8919, -2.0669 -2.4054 -0.0147, -2.0669 -2.3936 0.0138, -2.0669 -2.3748 0.0382, -2.9331 -2.6804 -0.5787, -2.9331 -2.6928 -0.5571, -2.9331 -2.5641 -0.4783, -2.9331 -2.6057 -0.7092, -2.9331 -2.4703 -0.8922, -2.9331 -2.5227 -0.8306, -2.9331 -2.3219 0.0688, -2.9331 -2.3504 0.057, -2.9331 -2.3748 0.0382, -2.9331 -2.3936 0.0138, -2.9331 -2.4054 -0.0147, -2.0669 -1.9022 -0.5787, -2.0669 -1.8898 -0.5571, -2.0669 -2.0186 -0.4783, -2.0669 -2.2608 0.0688, -2.0669 -2.1124 -0.8922, -2.0669 -2.06 -0.8306, -2.0669 -1.9769 -0.7092, -2.0669 -2.2323 0.057, -2.0669 -2.2078 0.0382, -2.0669 -2.189 0.0138, -2.0669 -2.1772 -0.0147, -2.9331 -1.8898 -0.5571, -2.9331 -1.9032 -0.5819, -2.9331 -2.0186 -0.4783, -2.9331 -1.977 -0.7094, -2.9331 -2.06 -0.8306, -2.9331 -2.2078 0.0382, -2.9331 -2.189 0.0138, -2.9331 -2.1772 -0.0147, -2.9331 -2.2323 0.057, -2.9331 -2.2608 0.0688, -2.9331 -2.1122 -0.8919, 2.9331 -2.3219 0.0688, 2.9331 -2.4054 -0.0147, 2.9331 -2.3936 0.0138, 2.9331 -2.6928 -0.5571, 2.9331 -2.6794 -0.5819, 2.9331 -2.5641 -0.4783, 2.9331 -2.6056 -0.7094, 2.9331 -2.5227 -0.8306, 2.9331 -2.3748 0.0382, 2.9331 -2.3504 0.057, 2.9331 -2.4705 -0.8919, 2.0669 -2.6804 -0.5787, 2.0669 -2.6928 -0.5571, 2.0669 -2.5641 -0.4783, 2.0669 -2.3219 0.0688, 2.0669 -2.4703 -0.8922, 2.0669 -2.5227 -0.8306, 2.0669 -2.6057 -0.7092, 2.0669 -2.3504 0.057, 2.0669 -2.3748 0.0382, 2.0669 -2.3936 0.0138, 2.0669 -2.4054 -0.0147, 2.9331 -1.9022 -0.5787, 2.9331 -1.8898 -0.5571, 2.9331 -2.0186 -0.4783, 2.9331 -2.2608 0.0688, 2.9331 -2.1124 -0.8922, 2.9331 -2.06 -0.8306, 2.9331 -1.9769 -0.7092, 2.9331 -2.2323 0.057, 2.9331 -2.2078 0.0382, 2.9331 -2.189 0.0138, 2.9331 -2.1772 -0.0147, 2.0669 -1.8898 -0.5571, 2.0669 -1.9032 -0.5819, 2.0669 -2.0186 -0.4783, 2.0669 -1.977 -0.7094, 2.0669 -2.06 -0.8306, 2.0669 -2.2078 0.0382, 2.0669 -2.189 0.0138, 2.0669 -2.1772 -0.0147, 2.0669 -2.2323 0.057, 2.0669 -2.2608 0.0688, 2.0669 -2.1122 -0.8919
            ]
        }
        coordIndex [
            0,1,2,-1,3,4,5,-1,3,5,6,-1,7,0,8,-1,8,0,2,-1,8,2,5,-1,5,2,9,-1,5,9,6,-1,10,11,12,-1,12,11,13,-1,14,15,16,-1,16,17,14,-1,14,17,18,-1,14,18,19,-1,20,21,14,-1,14,21,22,-1,14,22,15,-1,23,24,25,-1,26,27,28,-1,29,30,28,-1,28,30,31,-1,28,31,26,-1,32,33,34,-1,34,33,35,-1,34,35,29,-1,29,35,36,-1,29,36,30,-1,11,37,13,-1,13,37,38,-1,13,38,39,-1,19,40,14,-1,14,40,41,-1,14,41,12,-1,12,41,42,-1,12,42,10,-1,43,44,45,-1,45,44,46,-1,47,48,49,-1,49,48,50,-1,49,50,51,-1,51,50,52,-1,26,53,27,-1,27,53,54,-1,27,54,50,-1,50,54,55,-1,50,55,52,-1,32,34,56,-1,56,34,57,-1,56,57,58,-1,58,57,59,-1,59,57,60,-1,59,60,61,-1,38,62,39,-1,39,62,63,-1,39,63,60,-1,60,63,64,-1,60,64,61,-1,23,65,24,-1,24,65,66,-1,24,66,20,-1,20,66,67,-1,20,67,21,-1,44,68,46,-1,46,68,69,-1,46,69,25,-1,25,69,70,-1,25,70,23,-1,43,45,71,-1,71,45,72,-1,71,72,73,-1,47,74,48,-1,48,74,75,-1,48,75,76,-1,75,77,76,-1,76,77,78,-1,76,78,79,-1,78,80,79,-1,79,80,81,-1,79,81,72,-1,72,81,82,-1,72,82,73,-1,83,84,85,-1,86,87,88,-1,88,87,89,-1,88,89,90,-1,91,92,93,-1,93,92,94,-1,84,95,85,-1,85,95,96,-1,85,96,97,-1,97,96,98,-1,97,98,99,-1,83,85,100,-1,100,85,101,-1,100,101,102,-1,102,101,103,-1,102,103,104,-1,105,106,107,-1,107,106,108,-1,105,107,109,-1,109,107,110,-1,109,110,111,-1,91,93,112,-1,112,93,113,-1,112,113,114,-1,115,116,117,-1,117,116,118,-1,106,119,108,-1,108,119,120,-1,108,120,103,-1,103,120,121,-1,103,121,104,-1,111,110,122,-1,122,110,123,-1,122,123,124,-1,124,123,125,-1,125,123,126,-1,125,126,127,-1,90,128,88,-1,88,128,129,-1,88,129,130,-1,130,129,131,-1,92,132,94,-1,94,132,133,-1,94,133,88,-1,88,133,134,-1,88,134,86,-1,116,135,118,-1,118,135,136,-1,118,136,113,-1,113,136,137,-1,113,137,114,-1,99,138,97,-1,97,138,139,-1,97,139,140,-1,127,126,141,-1,141,126,142,-1,141,142,143,-1,131,144,130,-1,130,144,145,-1,130,145,142,-1,142,145,146,-1,142,146,143,-1,147,148,149,-1,139,150,140,-1,140,150,151,-1,140,151,149,-1,149,151,152,-1,149,152,147,-1,147,153,148,-1,148,153,154,-1,148,154,117,-1,117,154,155,-1,117,155,115,-1,156,157,158,-1,158,157,159,-1,158,159,160,-1,160,159,161,-1,162,163,164,-1,164,163,165,-1,164,165,166,-1,166,165,167,-1,168,169,170,-1,170,169,171,-1,170,171,172,-1,172,171,173,-1,174,175,176,-1,176,175,177,-1,176,177,178,-1,178,177,179,-1,180,88,130,-1,180,130,181,-1,182,183,184,-1,184,183,185,-1,184,185,186,-1,186,187,184,-1,184,187,176,-1,184,176,130,-1,130,176,178,-1,130,178,188,-1,188,189,130,-1,130,189,190,-1,130,190,181,-1,191,192,193,-1,191,193,194,-1,177,193,179,-1,179,193,101,-1,177,195,193,-1,193,195,196,-1,193,196,194,-1,85,197,101,-1,101,197,198,-1,101,198,199,-1,199,200,101,-1,101,200,201,-1,101,201,179,-1,202,203,204,-1,94,88,205,-1,206,207,204,-1,204,207,208,-1,204,208,202,-1,205,209,94,-1,94,209,210,-1,94,210,211,-1,211,212,94,-1,94,212,173,-1,94,173,204,-1,204,173,171,-1,204,171,206,-1,213,214,215,-1,215,214,216,-1,215,216,217,-1,218,97,219,-1,219,97,220,-1,218,221,97,-1,97,221,222,-1,97,222,85,-1,217,223,215,-1,215,223,170,-1,215,170,97,-1,97,170,172,-1,97,172,220,-1,224,50,48,-1,225,226,48,-1,227,228,229,-1,229,228,230,-1,229,230,231,-1,226,232,48,-1,48,232,233,-1,48,233,224,-1,231,234,229,-1,229,234,164,-1,229,164,48,-1,48,164,166,-1,48,166,225,-1,235,236,237,-1,20,14,238,-1,239,240,237,-1,237,240,241,-1,237,241,235,-1,238,242,20,-1,20,242,243,-1,20,243,244,-1,244,245,20,-1,20,245,167,-1,20,167,237,-1,237,167,165,-1,237,165,239,-1,246,247,248,-1,27,50,249,-1,250,251,248,-1,248,251,252,-1,248,252,246,-1,249,253,27,-1,27,253,254,-1,27,254,255,-1,255,256,27,-1,27,256,161,-1,27,161,248,-1,248,161,159,-1,248,159,250,-1,257,258,259,-1,259,258,260,-1,259,260,261,-1,262,12,263,-1,263,12,264,-1,262,265,12,-1,12,265,266,-1,12,266,14,-1,261,267,259,-1,259,267,158,-1,259,158,12,-1,12,158,160,-1,12,160,264,-1,50,14,249,-1,249,14,266,-1,249,266,253,-1,253,266,265,-1,253,265,254,-1,254,265,262,-1,254,262,255,-1,255,262,263,-1,255,263,256,-1,256,263,264,-1,256,264,161,-1,161,264,160,-1,14,50,238,-1,238,50,224,-1,238,224,242,-1,242,224,233,-1,242,233,243,-1,243,233,232,-1,243,232,244,-1,244,232,226,-1,244,226,245,-1,245,226,225,-1,245,225,167,-1,167,225,166,-1,88,85,205,-1,205,85,222,-1,205,222,209,-1,209,222,221,-1,209,221,210,-1,210,221,218,-1,210,218,211,-1,211,218,219,-1,211,219,212,-1,212,219,220,-1,212,220,173,-1,173,220,172,-1,85,88,197,-1,197,88,180,-1,197,180,198,-1,198,180,181,-1,198,181,199,-1,199,181,190,-1,199,190,200,-1,200,190,189,-1,200,189,201,-1,201,189,188,-1,201,188,179,-1,179,188,178,-1,
        ]
    }
}